labiacoj;labiac.0oj;唇形科[chún xíng kē]
labialo;labial.0o;唇音[chún yīn]
labila;labil.0a.malstabila;婀[ē]
labila;labil.0a.malstabila;不稳[bù wěn],不穩[bù wěn]
labila;labil.0a.malstabila;不稳定[bù wěn dìng],不穩定[bù wěn dìng]
labirinto;labiri.0o;迷宫[mí gōng],迷宮[mí gōng]
labirinto;labiri.0o;迷津[mí jīn]
labirinto;labiri.0o;迷路园[mí lù yuán],迷路園[mí lù yuán]
labirinto;labiri.0o;迷阵[mí zhèn],迷陣[mí zhèn]
labirinto;labiri.0o;曲径[qū jìng],曲徑[qū jìng]
laboritaĵo;labor.0ajxo;出品[chū pǐn]
laborantaro;labor.0antaro;员工[yuán gōng],員工[yuán gōng]
laborantaro;labor.0antaro;工薪族[gōng xīn zú]
labordonanto;labor.0donanto;雇主[gù zhǔ]
laboranto;;劳动者[láo dòng zhě],勞動者[láo dòng zhě]
laboranto;;员工[yuán gōng],員工[yuán gōng]
laborema;labor.0ema;勤劳[qín láo],勤勞[qín láo]
laborema;labor.0ema;辛勤[xīn qín]
laborema;labor.0ema;勤苦[qín kǔ]
laborema;labor.0ema;孜孜[zī zī]
laborema;labor.0ema;刻苦[kè kǔ]
laborema;labor.0ema;孜[zī]
laborema;labor.0ema;勤[qín],懃[qín]
laborestro;labor.0estro;領班[lǐng bān],领班[lǐng bān]
laborestro;labor.0estro;督工[dū gōng]
laborestro;labor.0estro;监工[jiān gōng],監工[jiān gōng]
laborestro;labor.0estro;工头[gōng tóu],工頭[gōng tóu]
laborulo;labor.0isto;工[gōng]
laborulo;labor.0isto;员工[yuán gōng],員工[yuán gōng]
laborulo;labor.0isto;夫役[fū yì]
laborulo;labor.0isto;工人[gōng rén]
laborulo;labor.0isto;蓝领[lán lǐng],藍領[lán lǐng]
laborulo;labor.0isto;劳动者[láo dòng zhě],勞動者[láo dòng zhě]
laborulo;labor.0isto;工作者[gōng zuò zhě]
laboristo;labor.0isto;工[gōng]
laboristo;labor.0isto;员工[yuán gōng],員工[yuán gōng]
laboristo;labor.0isto;夫役[fū yì]
laboristo;labor.0isto;工人[gōng rén]
laboristo;labor.0isto;蓝领[lán lǐng],藍領[lán lǐng]
laboristo;labor.0isto;劳动者[láo dòng zhě],勞動者[láo dòng zhě]
laborkapabla;labor.0kapabla;有劳动能力[yǒu láo dòng néng lì],有勞動能力[yǒu láo dòng néng lì]
laborloko;labor.0loko;职场[zhí chǎng],職場[zhí chǎng]
laboro;labor.0o;事[shì]
laboro;labor.0o;功夫[gōng fu]
laboro;labor.0o;工[gōng]
laboro;labor.0o;工作[gōng zuò]
laboro;labor.0o;工夫[gōng fu]
laboro;labor.0o;做事[zuò shì]
laboro;labor.0o;劳工[láo gōng],勞工[láo gōng]
ellabori;labor.el0i;制定[zhì dìng]
forlabori;labor.for0i;做完[zuò wán]
kamplaboristo;labor.kamp0isto;农业工人[nóng yè gōng rén],農業工人[nóng yè gōng rén]
kamplaboristo;labor.kamp0isto;雇农[gù nóng],雇農[gù nóng]
konstrulaboristo;labor.konstru0isto;建筑工人[jiàn zhù gōng rén],建築工人[jiàn zhù gōng rén]
konstrulaboro;labor.konstru0o;建筑工作[jiàn zhù gōng zuò],建築工作[jiàn zhù gōng zuò]
konstrulaboro;labor.konstru0o;土木[tǔ mù]
kromlaboro;labor.krom0o.alia;兼差[jiān chāi]
kromlaboro;labor.krom0o.alia;兼职工作[jiān zhí gōng zuò],兼職工作[jiān zhí gōng zuò]
kromlaboro;labor.krom0o.alia;半职[bàn zhí],半職[bàn zhí]
kunlabori;labor.kun0i;合作[hé zuò]
kunlabori;labor.kun0i;会师[huì shī],會師[huì shī]
kunlabori;labor.kun0i;协同[xié tóng],協同[xié tóng]
kunlabori;labor.kun0i;共同努力[gòng tóng nǔ lì]
kunlabori;labor.kun0i;共事[gòng shì]
kunlaboro;labor.kun0o;合作[hé zuò]
kunlaboro;labor.kun0o;协作[xié zuò],協作[xié zuò]
kunlaboro;labor.kun0o;一起工作[yì qǐ gōng zuò]
lignolaboristo;labor.ligno0isto;木工[mù gōng]
lignolaboristo;labor.ligno0isto;伐木工人[fá mù gōng rén]
lignolaboristo;labor.ligno0isto;木材商佣工[mù cái shāng yōng gōng]
mallaborema;labor.mal0ema;懒[lǎn],懶[lǎn]
mallaborema;labor.mal0ema;懒惰[lǎn duò],懶惰[lǎn duò]
mallaborema;labor.mal0ema;惰[duò]
mallaborema;labor.mal0ema;儽[lěi]
mallaborema;labor.mal0ema;怠[dài]
manlaboristo;labor.man0isto;匠[jiàng]
manlaboristo;labor.man0isto;工匠[gōng jiàng]
manlaboristo;labor.man0isto;手工业者[shǒu gōng yè zhě],手工業者[shǒu gōng yè zhě]
manlaboro;labor.man0o;手工[shǒu gōng]
manlaboro;labor.man0o;工艺品[gōng yì pǐn],工藝品[gōng yì pǐn]
manlaboro;labor.man0o;手艺[shǒu yì],手藝[shǒu yì]
laborakiri;labor.per0i;贏得[yíng dé],赢得[yíng dé]
laborakiri;labor.per0i;賺得[zhuàn dé],赚得[zhuàn dé]
laborakiri;labor.per0i;謀生[móu shēng],谋生[móu shēng]
peza laboro;labor.peza0o;艰苦[jiān kǔ],艱苦[jiān kǔ]
peza laboro;labor.peza0o;劳苦[láo kǔ],勞苦[láo kǔ]
peza laboro;labor.peza0o;苦劳[kǔ láo],苦勞[kǔ láo]
peza laboro;labor.peza0o;苦練[kǔ liàn],苦练[kǔ liàn]
ekstra laboro;labor.plus0o;加班时数[jiā bān shí shù],加班時數[jiā bān shí shù]
ekstra laboro;labor.plus0o;加班时间[jiā bān shí jiān],加班時間[jiā bān shí jiān]
ekstra laboro;labor.plus0o;超时工作[chāo shí gōng zuò],超時工作[chāo shí gōng zuò]
ekstra laboro;labor.plus0o;加时[jiā shí],加時[jiā shí]
prilabori;labor.pri0i;修訂者[xiū dìng zhě],修订者[xiū dìng zhě]
prilabori;labor.pri0i;改正者[gǎi zhèng zhě]
prilabori;labor.pri0i;校訂者[jiào dìng zhě],校订者[jiào dìng zhě]
prilabori;labor.pri0i;处理器[chǔ lǐ qì],處理器[chǔ lǐ qì]
prilabori;labor.pri0i;做完[zuò wán]
prilabori;labor.pri0i;加工[jiā gōng]
prilabori;labor.pri0i;办事[bàn shì],辦事[bàn shì]
prilabori;labor.pri0i;琢磨[zhuó mó]
prilabori;labor.pri0i;办理[bàn lǐ],辦理[bàn lǐ]
punlaborejo;labor.pun0ejo;劳动营[láo dòng yíng],勞動營[láo dòng yíng]
punlaborejo;labor.pun0ejo;劳改单位[láo gǎi dān wèi],勞改單位[láo gǎi dān wèi]
punlaboro;labor.pun0o;徭[yáo]
punlaboro;labor.pun0o;強迫[qiǎng pò],强迫[qiǎng pò]
punlaboro;labor.pun0o;繇[yáo]
punlaboro;labor.pun0o;苦役[kǔ yì]
punlaboro;labor.pun0o;烦人的要求[fán rén de yāo qiú],煩人的要求[fán rén de yāo qiú]
punlaboro;labor.pun0o;迫使[pò shǐ]
punlaboro;labor.pun0o;劳役[láo yì],勞役[láo yì]
retlabori;labor.ret0i;远端工作[yuǎn duān gōng zuò],遠端工作[yuǎn duān gōng zuò]
senlabora;labor.sen0a.EKON;无业[wú yè],無業[wú yè]
senlabora;labor.sen0a.EKON;失业的[shī yè de],失業的[shī yè de]
senlabora;labor.sen0a.EKON;沒工作[méi gōng zuò],没工作[méi gōng zuò]
senlaboreco;labor.sen0eco.EKON;失业[shī yè],失業[shī yè]
senlaboreco;labor.sen0eco.EKON;失业现象[shī yè xiàn xiàng],失業現象[shī yè xiàn xiàng]
senlaborulo;labor.sen0ulo;失业人员[shī yè rén yuán],失業人員[shī yè rén yuán]
senlaborulo;labor.sen0ulo;失业者[shī yè zhě],失業者[shī yè zhě]
trudlaboro;labor.trud0o;徭[yáo]
trudlaboro;labor.trud0o;繇[yáo]
trudlaboro;labor.trud0o;苦役[kǔ yì]
trudlaboro;labor.trud0o;劳役[láo yì],勞役[láo yì]
laboratorio;labora.0o;实验室[shí yàn shì],實驗室[shí yàn shì]
laboratorio;labora.0o;制药场[zhì yào chǎng],制藥場[zhì yào chǎng]
laboratorio;labora.0o;研究室[yán jiù shì],硏究室[yán jiù shì]
laboratorio;labora.0o;制作所[zhì zuò suǒ],製作所[zhì zuò suǒ]
laboratorio;labora.0o;火药工厂[huǒ yào gōng chǎng],火藥工廠[huǒ yào gōng chǎng]
laboratorio;labora.0o;試驗室[shì yàn shì],试验室[shì yàn shì]
Labradoro;labrador.L0o;拉布拉多[Lā bù lā duō]
laca;lac.0a;累[lèi]
laca;lac.0a;苶[nié]
laca;lac.0a;疲劳[pí láo],疲勞[pí láo]
laca;lac.0a;疲乏[pí fá]
laca;lac.0a;困乏[kùn fá]
laca;lac.0a;疲[pí]
laca;lac.0a;乏[fá]
lacega;lac.0ega;枯渴[kū kě]
lacega;lac.0ega;委頓[wěi dùn],委顿[wěi dùn]
lacega;lac.0ega;疲惫[pí bèi],疲憊[pí bèi]
lacega;lac.0ega;用完了[yòng wán liǎo]
lacega;lac.0ega;匮[kuì],匱[kuì]
laciga;lac.0iga;辛苦[xīn kǔ]
lacigi;lac.0igi;累[lèi]
nelacigebla;lac.sen0a;不倦[bù juàn]
nelacigebla;lac.sen0a;不懈[bù xiè]
nelacigebla;lac.sen0a;不知疲倦[bù zhī pí juàn]
nelacigebla;lac.sen0a;不厌倦[bù yàn juàn],不厭倦[bù yàn juàn]
nelacigebla;lac.sen0a;不懈怠[bù xiè dài]
nelacigebla;lac.sen0a;不松懈[bù sōng xiè],不鬆懈[bù sōng xiè]
nelacigebla;lac.sen0a;娓娓[wěi wěi]
lacerto;lacert.0o;蜥蜴[xī yì]
lacerto;lacert.0o;石龍子[shí lóng zi],石龙子[shí lóng zi]
lacerto;lacert.0o;蜥易[xī yì]
Lacerto;lacert.L0o;蝎虎座[Xiē hǔ zuò],蠍虎座[Xiē hǔ zuò]
laĉi;lacx.0i;扎[zā],紮[zā]
laĉi;lacx.0i;繯[huán],缳[huán]
laĉo;lacx.0o;鞋带[xié dài],鞋帶[xié dài]
lado;lad.0o;薄板[báo bǎn]
lado;lad.0o;鐵皮[tiě pí],铁皮[tiě pí]
lado;lad.0o;鈑[bǎn],钣[bǎn]
onda lado;lad.onda0o;瓦楞鐵皮[wǎ léng tiě pí],瓦楞铁皮[wǎ léng tiě pí]
lafo;laf.0o;熔岩[róng yán]
lageto;lag.0eto;水池[shuǐ chí]
lageto;lag.0eto;池塘[chí táng]
lageto;lag.0eto;沼[zhǎo]
lageto;lag.0eto;潴[zhū],瀦[zhū]
lageto;lag.0eto;泡子[pāo zi]
lageto;lag.0eto;溏[táng]
lageto;lag.0eto;水塘[shuǐ táng]
Garda Lago;lag.Garda_L0o;加尔达湖[jiā ěr dá hú],加爾達湖[jiā ěr dá hú]
Grandaj Lagoj;lag.Grandaj_0oj;五大湖[Wǔ dà hú]
Grandaj Lagoj;lag.Grandaj_0oj;五大湖[wǔ dà hú]
Ĝeneva Lago;lag.Gxeneva_0o;日內瓦湖[rì nèi wǎ hú],日内瓦湖[rì nèi wǎ hú]
Bodenlago;lag.Konstanca_0o;博登湖[Bó dēng Hú]
Tanganjika Lago;lag.Tanganjika_L0o;坦噶尼喀湖[Tǎn gá ní kā Hú]
Tiberiada Lago;lag.Tiberiada_L0o;加里肋亚海[Jiā lǐ lèi yà Hǎi],加里肋亞海[Jiā lǐ lèi yà Hǎi]
Tiberiada Lago;lag.Tiberiada_L0o;加利利海[jiā lì lì hǎi]
lagopo;lagop.0o.genro;雷鳥[léi niǎo],雷鸟[léi niǎo]
monta lagopo;lagop.monta0o;岩雷鳥[yán léi niǎo],岩雷鸟[yán léi niǎo]
Lagoso;lagos.0o;拉各斯[Lā gè sī]
laguno;lagun.0o;潟湖[xì hú]
laguno;lagun.0o;泻湖[xiè hú],瀉湖[xiè hú]
laguno;lagun.0o;礁湖[jiāo hú]
Lahoro;lahor.0o;拉合尔[Lā hé ěr],拉合爾[Lā hé ěr]
laika;laik.0a;非专业[fēi zhuān yè],非專業[fēi zhuān yè]
laika;laik.0a;外行[wài háng]
laiko;laik.0o;俗家[sú jiā]
laiko;laik.0o;老外[lǎo wài]
laiko;laik.0o;非专业人员[fēi zhuān yè rén yuán],非專業人員[fēi zhuān yè rén yuán]
laiko;laik.0o;外行人[wài háng rén]
laiko;laik.0o.FIG;外行[wài háng]
laiko;laik.0o.FIG;素人[sù rén]
laiko;laik.0o.FIG;門外漢[mén wài hàn],门外汉[mén wài hàn]
laki;lak.0i;髹[xiū]
laki;lak.0i;漆[qī]
laki;lak.0i;油漆[yóu qī]
laki;lak.0i;使上当[shǐ shàng dāng],使上當[shǐ shàng dāng]
laki;lak.0i;塗漆[tú qī],涂漆[tú qī]
lako;lak.0o;漆[qī]
lako;lak.0o;油漆[yóu qī]
lakaĵo;;漆器[qī qì]
ungolako;lak.ungo0o;指甲油[zhǐ jia yóu]
ungolako;lak.ungo0o;蔻丹[kòu dān]
lakeo;lake.0o;走狗[zǒu gǒu]
lakeo;lake.0o.FIG;爪牙[zhǎo yá]
lakeo;lake.0o.FIG;狗腿[gǒu tuǐ]
lakmuso;lakmus.0o;石蕊[shí ruǐ]
lakmusa papero;lakmus.0papero;石蕊試紙[shí ruǐ shì zhǐ],石蕊试纸[shí ruǐ shì zhǐ]
Laknaŭo;laknaux.0o.urbo;勒克瑙[lēi kè nǎo]
lakona;lakon.0a;简洁[jiǎn jié],簡潔[jiǎn jié]
lakona;lakon.0a;简要[jiǎn yào],簡要[jiǎn yào]
lakrico;lakric.0o;甘草[gān cǎo]
laksi;laks.0i;拉肚子[lā dù zi]
laksi;laks.0i;泻肚[xiè dù],瀉肚[xiè dù]
laksi;laks.0i;跑肚[pǎo dù]
laksi;laks.0i;拉稀[lā xī]
lakso;laks.0o;腹泻[fù xiè],腹瀉[fù xiè]
lakso;laks.0o;泻[xiè],瀉[xiè]
lakso;laks.0o;泄泻[xiè xiè],泄瀉[xiè xiè]
lakso;laks.0o;泄泻[xiè xiè],洩瀉[xiè xiè]
lakso;laks.0o;拉肚疼[lā dù téng]
lakso;laks.0o;水泻[shuǐ xiè],水瀉[shuǐ xiè]
mallakso;laks.mal0o;大便祕結[dà biàn mì jié],大便秘结[dà biàn mì jié]
mallakso;laks.mal0o;祕結[mì jié],秘结[mì jié]
mallakso;laks.mal0o;便秘[biàn bì]
Lakta Vojo;lakt.0avojo;銀河[Yín hé],银河[Yín hé]
Lakta Vojo;lakt.0avojo;銀河系[Yín hé xì],银河系[Yín hé xì]
Lakta Vojo;lakt.0avojo;銀漢[Yín hàn],银汉[Yín hàn]
Lakta Vojo;lakt.0avojo;星河[xīng hé]
Lakta Vojo;lakt.0avojo;星汉[Xīng hàn],星漢[Xīng hàn]
Lakta Vojo;lakt.0avojo;天汉[Tiān hàn],天漢[Tiān hàn]
Lakta Vojo;lakt.0avojo;天河[tiān hé]
Lakta Vojo;lakt.0avojo;星汉[xīng hàn],星漢[xīng hàn]
lakteca;;乳白色[rǔ bái sè]
lakto;lakt.0o;湩[dòng]
lakto;lakt.0o;乳[rǔ]
lakto;lakt.0o;乳汁[rǔ zhī]
lakto;lakt.0o;牛奶[niú nǎi]
lakto;lakt.0o;奶[nǎi]
laktozo;laktoz.0o;乳糖[rǔ táng]
laktuko;laktuk.0o;苣[jù]
laktuko;laktuk.0o;莴[wō],萵[wō]
laktuko;laktuk.0o;生菜[shēng cài]
lama;lam.0a;跛[bǒ]
lama;lam.0a;尢[wāng]
lama;lam.0a;跙[jǔ]
lama;lam.0a;躄[bì]
lami;lam.0i.FIG;一瘸一拐[yī qué yī guǎi]
lami;lam.0i.FIG;无生气[wú shēng qì],無生氣[wú shēng qì]
lami;lam.0i.FIG;跛行[bǒ xíng]
lamulo;lam.0ulo.MED;跛子[bǒ zi]
lamulo;lam.0ulo.MED;跛脚[bǒ jiǎo],跛腳[bǒ jiǎo]
lamulo;lam.0ulo.MED;瘸子[qué zi]
postlami;lam.post0i.FRAZ;落伍[luò wǔ]
postlami;lam.post0i.FRAZ;落后[luò hòu],落後[luò hòu]
postlami;lam.post0i.FRAZ;滞后[zhì hòu],滯後[zhì hòu]
lamo;lam1.0o;大羊駝[dà yáng tuó],大羊驼[dà yáng tuó]
lamao;lama.0o;喇嘛[lǎ ma]
lambdo;lambd.0o;兰姆打[lán mǔ dǎ],蘭姆打[lán mǔ dǎ]
lambdo;lambd.0o;兰姆达[lán mǔ dá],蘭姆達[lán mǔ dá]
lamelibrankoj;lameli.0oj;瓣鰓綱[bàn sāi gāng],瓣鳃纲[bàn sāi gāng]
lameno;lamen.0o;薄层[báo céng],薄層[báo céng]
lameno;lamen.0o;薄板[báo bǎn]
lamenti;lament.0i;悼[dào]
lamenti;lament.0i;叫苦[jiào kǔ]
lamenti;lament.0i;哀嚎[āi háo]
lamenti;lament.0i;哀怨[āi yuàn]
lamenti;lament.0i;哭[kū]
lamenti;lament.0i;訴苦[sù kǔ],诉苦[sù kǔ]
lampo;lamp.0o;照亮[zhào liàng]
halogena lampo;lamp.halogen0o;卤素灯[lǔ sù dēng],滷素燈[lǔ sù dēng]
halogena lampo;lamp.halogen0o;鎢絲滷素燈[wū sī lǔ sù dēng],钨丝卤素灯[wū sī lǔ sù dēng]
neonlampo;lamp.neon0o;霓虹灯[ní hóng dēng],霓虹燈[ní hóng dēng]
oleolampo;lamp.ole0o;油灯[yóu dēng],油燈[yóu dēng]
oleolampo;lamp.ole0o;灯盏[dēng zhǎn],燈盞[dēng zhǎn]
oleolampo;lamp.ole0o;釭[gāng]
poŝlampo;lamp.posx0o;手电[shǒu diàn],手電[shǒu diàn]
poŝlampo;lamp.posx0o;手电筒[shǒu diàn tǒng],手電筒[shǒu diàn tǒng]
poŝlampo;lamp.posx0o;爝[jué]
stratlampo;lamp.strat0o;路灯[lù dēng],路燈[lù dēng]
stratlampo;lamp.strat0o;街灯[jiē dēng],街燈[jiē dēng]
tablolampo;lamp.tablo0o;台灯[tái dēng],檯燈[tái dēng]
lampiono;lampio.0o;紙燈籠[zhǐ dēng long],纸灯笼[zhǐ dēng long]
lampiro;lampir.0o;萤[yíng],螢[yíng]
lampiro;lampir.0o;獜[lín]
lampiro;lampir.0o;蚈[qiān]
lampiredoj;lampir1.0oj;萤科[yíng kē],螢科[yíng kē]
lano;lan.0o;羊毛[yáng máo]
lano;lan.0o;絨線[róng xiàn],绒线[róng xiàn]
lano;lan.0o;毛[máo]
lanceto;lanc.0eto;柳叶刀[liǔ yè dāo],柳葉刀[liǔ yè dāo]
lanceto;lanc.0eto;刺血針[cì xiě zhēn],刺血针[cì xiě zhēn]
lanco;lanc.0o;矛[máo]
ĵetlanco;lanc.jxet0o.armilo;梭鏢[suō biāo],梭镖[suō biāo]
ĵetlanco;lanc.jxet0o.armilo;戭[yǎn]
ĵetlanco;lanc.jxet0o.armilo;矠[zé]
lanĉi;lancx.0i;推出[tuī chū]
lanĉi;lancx.0i;发动[fā dòng],發動[fā dòng]
lanĉi;lancx.0i;发射[fā shè],發射[fā shè]
lanĉi;lancx.0i;展开[zhǎn kāi],展開[zhǎn kāi]
lanĉi;lancx.0i;弹射[tán shè],彈射[tán shè]
landido;land.0ido;土人[tǔ rén]
landido;land.0ido;地方人[dì fāng rén]
landido;land.0ido;当地人[dāng dì rén],當地人[dāng dì rén]
lando;land.0o;国[guó],國[guó]
lando;land.0o;国家[guó jiā],國家[guó jiā]
lando;land.0o;国度[guó dù],國度[guó dù]
lando;land.0o;地[dì]
lando;land.0o;江山[jiāng shān]
lando;land.0o;舆地[yú dì],輿地[yú dì]
lando;land.0o;邦[bāng]
Novlando;land.Nov0o;紐芬蘭島[niǔ fēn lán dǎo],纽芬兰岛[niǔ fēn lán dǎo]
Novlando;land.Nov0o;紐芬蘭[Niǔ fēn lán],纽芬兰[Niǔ fēn lán]
Novlando;land.Nov0o;紐芬蘭[niǔ fēn lán],纽芬兰[niǔ fēn lán]
Novlando kaj Labradoro;land.Nov0okajLabradoro;紐芬蘭與拉布拉多[Niǔ fēn lán yǔ Lā bù lā duō],纽芬兰与拉布拉多[Niǔ fēn lán yǔ Lā bù lā duō]
alilando;land.ali0o;海外需求[hǎi wài xū qiú]
alilando;land.ali0o;海外投資[hǎi wài tóu zī],海外投资[hǎi wài tóu zī]
alilando;land.ali0o;外国[wài guó],外國[wài guó]
alilandulo;land.ali0ulo;外人[wài rén]
alilandulo;land.ali0ulo;外国人[wài guó rén],外國人[wài guó rén]
alilandulo;land.ali0ulo;外国船[wài guó chuán],外國船[wài guó chuán]
alilandulo;land.ali0ulo;外籍人士[wài jí rén shì]
alilandulo;land.ali0ulo;异乡人[yì xiāng rén],異鄉人[yì xiāng rén]
alilandulo;land.ali0ulo;老外[lǎo wài]
alilandulo;land.ali0ulo;女性外籍人士[nǚ xìng wài jí rén shì]
altlando;land.alt0o;高地[gāo dì]
eksterlanda;land.ekster0a;国外[guó wài],國外[guó wài]
eksterlanda;land.ekster0a;洋[yáng]
eksterlanda;land.ekster0a;境外[jìng wài]
eksterlanda;land.ekster0a;西式[xī shì]
eksterlandano;land.ekster0ano;外人[wài rén]
eksterlandano;land.ekster0ano;外国人[wài guó rén],外國人[wài guó rén]
eksterlandano;land.ekster0ano;外国船[wài guó chuán],外國船[wài guó chuán]
eksterlandano;land.ekster0ano;外籍人士[wài jí rén shì]
eksterlandano;land.ekster0ano;异乡人[yì xiāng rén],異鄉人[yì xiāng rén]
eksterlandano;land.ekster0ano;老外[lǎo wài]
eksterlandano;land.ekster0ano;女性外籍人士[nǚ xìng wài jí rén shì]
eksterlando;land.ekster0o;他乡[tā xiāng],他鄉[tā xiāng]
eksterlando;land.ekster0o;外地[wài dì]
eksterlando;land.ekster0o;海外[hǎi wài]
evolulando;land.evolu0o;发展中国家[fā zhǎn zhōng guó jiā],發展中國家[fā zhǎn zhōng guó jiā]
industria lando;land.industri0o;工业国[gōng yè guó],工業國[gōng yè guó]
internlando;land.intern0o;內地[nèi dì],内地[nèi dì]
internlando;land.intern0o;內陸[nèi lù],内陆[nèi lù]
limlando;land.lim0o;边境[biān jìng],邊境[biān jìng]
limlando;land.lim0o;边境地区[biān jìng dì qū],邊境地區[biān jìng dì qū]
nenieslando;land.nenies0o;无人居住的地带[wú rén jū zhù de dì dài],無人居住的地帶[wú rén jū zhù de dì dài]
nenieslando;land.nenies0o;真空地带[zhēn kōng dì dài],真空地帶[zhēn kōng dì dài]
sojlolando;land.sojlo0o;新工业化国家[xīn gōng yè huà guó jiā],新工業化國家[xīn gōng yè huà guó jiā]
sojlolando;land.sojlo0o;新兴工业化国家[xīn xīng gōng yè huà guó jiā],新興工業化國家[xīn xīng gōng yè huà guó jiā]
landvasta;land.tut0a;全国性[quán guó xìng],全國性[quán guó xìng]
landvasta;land.tut0a;在全国范围内[zài quán guó fàn wéi nèi],在全國範圍內[zài quán guó fàn wéi nèi]
langeto;lang.0eto.KOMP;标签页[biāo qiān yè],標籤頁[biāo qiān yè]
lango;lang.0o;舌[shé]
lango;lang.0o;舌头[shé tou],舌頭[shé tou]
langusto;langus.0o;龍蝦[lóng xiā],龙虾[lóng xiā]
langvori;langvor.0i;扫兴[sǎo xìng],掃興[sǎo xìng]
langvoro;langvor.0o;疲倦[pí juàn]
langvoro;langvor.0o;黯淡无光[àn dàn wú guāng],黯淡無光[àn dàn wú guāng]
langvoro;langvor.0o;疲乏[pí fá]
laniedoj;lanied.0oj;伯劳鸟[bó láo niǎo],伯勞鳥[bó láo niǎo]
lante;lant.0e;慢悠悠[màn yōu yōu]
lante;lant.0e;安閒[ān xián]
lante;lant.0e;悠然[yōu rán]
lante;lant.0e;慢条斯理[màn tiáo sī lǐ],慢條斯理[màn tiáo sī lǐ]
lante;lant.0e;逍[xiāo]
lantano;lantan.0o;鑭[lán],镧[lán]
lanterno;lanter.0o;灯[dēng],燈[dēng]
lanterno;lanter.0o;灯笼[dēng lóng],燈籠[dēng lóng]
stratolanterno;lanter.strata0o;路灯[lù dēng],路燈[lù dēng]
stratolanterno;lanter.strata0o;街灯[jiē dēng],街燈[jiē dēng]
ŝtormlanterno;lanter.sxtorm0o;馬燈[mǎ dēng],马灯[mǎ dēng]
lanugo;lanug.0o;毳[cuì]
lanugo;lanug.0o;絨毛[róng máo],绒毛[róng máo]
Laoso;laos.L0o;寮国[Liáo guó],寮國[Liáo guó]
Laoso;laos.L0o;寮[Liáo]
Laoso;laos.L0o;老挝[Lǎo wō],老撾[Lǎo wō]
Laoso;laos.L0o;老挝[lǎo wō],老撾[lǎo wō]
lapo;lap.0o;牛蒡[niú bàng]
lapiso;lapis.0o;硝酸銀[xiāo suān yín],硝酸银[xiāo suān yín]
laro;lar.0o;鷗[ōu],鸥[ōu]
lardo;lard.0o;烟肉[yān ròu],煙肉[yān ròu]
lardo;lard.0o;培根[péi gēn]
lardo;lard.0o;熏肉[xūn ròu],燻肉[xūn ròu]
lardo;lard.0o;肥肉[féi ròu]
larĝa;largx.0a;宽[kuān],寬[kuān]
larĝa;largx.0a;摦[huà]
larĝa;largx.0a;闊[kuò],阔[kuò]
larĝa;largx.0a;宽阔[kuān kuò],寬闊[kuān kuò]
larĝa;largx.0a;广泛[guǎng fàn],廣泛[guǎng fàn]
larĝa;largx.0a;宽广[kuān guǎng],寬廣[kuān guǎng]
larĝeco;largx.0eco;宽[kuān],寬[kuān]
larĝeco;largx.0eco;宽阔[kuān kuò],寬闊[kuān kuò]
larĝeco;largx.0eco;宽度[kuān dù],寬度[kuān dù]
larĝeco;largx.0eco;宽窄[kuān zhǎi],寬窄[kuān zhǎi]
larĝeco;largx.0eco;闊度[kuò dù],阔度[kuò dù]
larĝo;largx.0o;宽窄[kuān zhǎi],寬窄[kuān zhǎi]
larĝo;largx.0o;宽度[kuān dù],寬度[kuān dù]
mallarĝa;largx.mal0a;窄[zhǎi]
mallarĝa;largx.mal0a;狭窄[xiá zhǎi],狹窄[xiá zhǎi]
mallarĝa;largx.mal0a;戋[jiān],戔[jiān]
mallarĝa;largx.mal0a;狭小[xiá xiǎo],狹小[xiá xiǎo]
mallarĝa;largx.mal0a;隘[ài]
lariko;larik.0o;落叶松[luò yè sōng],落葉松[luò yè sōng]
lariko;larik.0o;其木材[qí mù cái]
lariko;larik.0o;落叶松属植物[luò yè sōng shǔ zhí wù],落葉松屬植物[luò yè sōng shǔ zhí wù]
laringa frikativo;laring.0afrikativo;喉音[hóu yīn]
laringo;laring.0o;喉头[hóu tóu],喉頭[hóu tóu]
laringo;laring.0o;喉[hóu],睺[hóu]
laringo;laring.0o;嗓門兒[sǎng mén r],嗓门儿[sǎng mén r]
laringito;laring1.0o;喉炎[hóu yán]
laringito;laring1.0o;喉头炎[hóu tóu yán],喉頭炎[hóu tóu yán]
larmi;larm.0i;哭泣[kū qì]
larmi;larm.0i;流泪[liú lèi],流淚[liú lèi]
larmi;larm.0i;落泪[luò lèi],落淚[luò lèi]
larmo;larm.0o;泪[lèi],淚[lèi]
larmo;larm.0o;泪珠[lèi zhū],淚珠[lèi zhū]
larmo;larm.0o;泪水[lèi shuǐ],淚水[lèi shuǐ]
larvo;larv.0o;幼虫[yòu chóng],幼蟲[yòu chóng]
larvo;larv.0o;蚴[yòu]
larvo;larv.0o;蚃[xiàng],蠁[xiàng]
lasema;las.0ema;放縱[fàng zòng],放纵[fàng zòng]
lasi;las.0i;无为[wú wéi],無為[wú wéi]
lasi;las.0i;放过[fàng guò],放過[fàng guò]
lasi;las.0i;走掉[zǒu diào]
lasi;las.0i;撂[liào]
lasi;las.0i;丟[diū],丢[diū]
delasi;las.de0i;放下[fàng xià]
delasi;las.de0i;放手[fàng shǒu]
delasi;las.de0i;松手[sōng shǒu]
ellasi;las.el0i;流露[liú lù]
ellasi;las.el0i;脫口[tuō kǒu],脱口[tuō kǒu]
ellasi;las.el0i;跳过[tiào guò],跳過[tiào guò]
forlasebla;las.for0ebla;可供用戶選用[kě gōng yòng hù xuǎn yòng],可供用户选用[kě gōng yòng hù xuǎn yòng]
forlasebla;las.for0ebla;可选购[kě xuǎn gòu],可選購[kě xuǎn gòu]
forlasebla;las.for0ebla;用戶可選購[yòng hù kě xuǎn gòu],用户可选购[yòng hù kě xuǎn gòu]
forlasebla;las.for0ebla;用戶可選購的[yòng hù kě xuǎn gòu de],用户可选购的[yòng hù kě xuǎn gòu de]
forlasi;las.for0i;丟下[diū xià],丢下[diū xià]
forlasi;las.for0i;丟棄[diū qì],丢弃[diū qì]
postlasi;las.post0i;落[là]
postlasi;las.post0i;遗[yí],遺[yí]
postlasi;las.post0i;留下[liú xia]
preterlasi;las.preter0i;忽略[hū lüè]
preterlasi;las.preter0i;跳过[tiào guò],跳過[tiào guò]
relasi;las.re0i.TEK;放走[fàng zǒu]
relasi;las.re0i.TEK;放开[fàng kāi],放開[fàng kāi]
tralasema;las.tra0ema.TEK;可进入[kě jìn rù],可進入[kě jìn rù]
tralasema;las.tra0ema.TEK;透水[tòu shuǐ]
tralasema;las.tra0ema.TEK;可渗透[kě shèn tòu],可滲透[kě shèn tòu]
tralasema;las.tra0ema.TEK;可透过[kě tòu guò],可透過[kě tòu guò]
tralasema;las.tra0ema.TEK;有孔[yǒu kǒng]
tralasema;las.tra0ema.TEK;能透过[néng tòu guò],能透過[néng tòu guò]
tralasi;las.tra0i;放行[fàng xíng]
lasciva;lasciv.0a;淫荡[yín dàng],淫蕩[yín dàng]
lasciva;lasciv.0a;冶荡[yě dàng],冶蕩[yě dàng]
lasciva;lasciv.0a;好色[hào sè]
lasciva;lasciv.0a;淫風[yín fēng],淫风[yín fēng]
lasciva;lasciv.0a;猥亵[wěi xiè],猥褻[wěi xiè]
lasero;laser.0o;激光[jī guāng]
lasero;laser.0o;激光器[jī guāng qì]
lasero;laser.0o;鐳射[léi shè],镭射[léi shè]
lasta;last.0a;最后[zuì hòu],最後[zuì hòu]
latbarilo;lat.0aro;围篱[wéi lí],圍籬[wéi lí]
latbarilo;lat.0aro;围栏[wéi lán],圍欄[wéi lán]
latbarilo;lat.0aro;木头做的栅栏[mù tou zuò dì zhà lán],木頭做的柵欄[mù tou zuò dì zhà lán]
latbarilo;lat.0aro;篱笆[lí ba],籬笆[lí ba]
lato;lat.0o;板条[bǎn tiáo],板條[bǎn tiáo]
latenta;latent.0a;潛在[qián zài],潜在[qián zài]
latento;latent.0o;潛能[qián néng],潜能[qián néng]
latero;later.0o;边[biān],邊[biān]
latero;later.0o.angulo;侧[cè],側[cè]
egallatera;later.egal0a;两边相等[liǎng biān xiāng děng],兩邊相等[liǎng biān xiāng děng]
kontraŭlatera;later.kontraux0a;对角[duì jiǎo],對角[duì jiǎo]
kvarlatero;later.kvar0o;四角形[sì jiǎo xíng]
kvarlatero;later.kvar0o;四边形[sì biān xíng],四邊形[sì biān xíng]
plurlatero;later.plur0o;多边形[duō biān xíng],多邊形[duō biān xíng]
plurlatero;later.plur0o;多角形[duō jiǎo xíng]
Latio;lati.0o;拉齊奧[lā qí ào],拉齐奥[lā qí ào]
latina;latin.0a;拉丁[lā dīng]
latinidaj lingvoj;latin.0idaj_lingvoj;罗语[Luó yǔ],羅語[Luó yǔ]
latinidaj lingvoj;latin.0idaj_lingvoj;罗曼语族[Luó màn yǔ zú],羅曼語族[Luó màn yǔ zú]
Latino;latin.0o;拉丁[lā dīng]
latiso;latis.0o.MAT;格子[gé zi]
latiso;latis.0o.MAT;棂[líng],櫺[líng]
latiso;latis.0o.MAT;柵格[shān gé],栅格[shān gé]
latitudo;latitu.0o;緯[wěi],纬[wěi]
geografia latitudo;latitu.astronomia0o;宽容度[kuān róng dù],寬容度[kuān róng dù]
cirklo de latitudo;latitu.cirklode0o;緯線[wěi xiàn],纬线[wěi xiàn]
latrino;latrin.0o;茅坑[máo kēng]
latrino;latrin.0o;茅厕[máo si],茅廁[máo si]
latrono;latron.0o;山賊[shān zéi],山贼[shān zéi]
latuno;latun.0o.KEM;黃銅[huáng tóng],黄铜[huáng tóng]
leto;latv.0o;拉脫維亞人[lā tuō wéi yà rén],拉脱维亚人[lā tuō wéi yà rén]
Latvujo;latv.L0ujo;拉脫維亞[Lā tuō wéi yà],拉脱维亚[Lā tuō wéi yà]
Latvio;latvi.L0o;拉脫維亞[Lā tuō wéi yà],拉脱维亚[Lā tuō wéi yà]
laŭ;laux.0;依照[yī zhào]
laŭ;laux.0;基于[jī yú],基於[jī yú]
laŭ;laux.0;根据[gēn jù],根據[gēn jù]
laŭ;laux.0;依[yī]
laŭ;laux.0;依据[yī jù],依據[yī jù]
laŭ;laux.0;照着[zhào zhe]
laŭ;laux.0;按照[àn zhào]
laŭ;laux.0;凭[píng],憑[píng]
laŭa;laux.0a;相匹配[xiāng pī pèi]
laŭa;laux.0a;濡忍[rú rěn]
laŭ;;沿[yán]
laŭigi;laux.0igi;合适[hé shì],合適[hé shì]
laŭigi;laux.0igi;改編[gǎi biān],改编[gǎi biān]
laŭigi;laux.0igi;配[pèi]
laŭigi;laux.0igi;啱[yān]
laŭigi;laux.0igi;迁就[qiān jiù],遷就[qiān jiù]
laŭigi;laux.0igi;調變[tiáo biàn],调变[tiáo biàn]
laŭigi;laux.0igi;媲[pì]
laŭigi;laux.0igi;坒[bì]
laŭbo;lauxb.0o;亭[tíng]
laŭbo;lauxb.0o;乔木[qiáo mù],喬木[qiáo mù]
laŭbo;lauxb.0o;机轴[jī zhóu],機軸[jī zhóu]
laŭbo;lauxb.0o;亭子[tíng zi]
laŭbo;lauxb.0o;拱廊[gǒng láng]
laŭbo;lauxb.0o;凉亭[liáng tíng],涼亭[liáng tíng]
laŭdi;lauxd.0i;嘉許[jiā xǔ],嘉许[jiā xǔ]
laŭdi;lauxd.0i;表扬[biǎo yáng],表揚[biǎo yáng]
laŭdi;lauxd.0i;贊譽[zàn yù],赞誉[zàn yù]
laŭdi;lauxd.0i;讚美[zàn měi],赞美[zàn měi]
laŭdi;lauxd.0i;夸[kuā],誇[kuā]
laŭdi;lauxd.0i;吹拂[chuī fú]
laŭdi;lauxd.0i;夸奖[kuā jiǎng],誇獎[kuā jiǎng]
laŭdi;lauxd.0i;闁[bāo]
laŭdinda;lauxd.0inda;可貴[kě guì],可贵[kě guì]
laŭdinda;lauxd.0inda;值得称赞[zhí de chēng zàn],值得稱讚[zhí de chēng zàn]
laŭdinda;lauxd.0inda;可嘉[kě jiā]
laŭdinda;lauxd.0inda;賢良[xián liáng],贤良[xián liáng]
laŭdinda;lauxd.0inda;値得稱讚[zhí de chēng zàn],值得称赞[zhí de chēng zàn]
laŭdinda;lauxd.0inda;値得稱道[zhí de chèn dào],值得称道[zhí de chèn dào]
laŭdinda;lauxd.0inda;値得表揚[zhí de biǎo yáng],值得表扬[zhí de biǎo yáng]
mallaŭdi;lauxd.mal0i;非难[fēi nàn],非難[fēi nàn]
mallaŭdi;lauxd.mal0i;責怪[zé guài],责怪[zé guài]
mallaŭdi;lauxd.mal0i;訶[hē],诃[hē]
mallaŭdi;lauxd.mal0i;斥[chì]
mallaŭdinda;lauxd.mal0inda;应受谴责[yìng shòu qiǎn zé],應受譴責[yìng shòu qiǎn zé]
mallaŭdi;;指摘[zhǐ zhāi]
mallaŭdi;;申斥[shēn chì]
mallaŭdi;;詬病[gòu bìng],诟病[gòu bìng]
laŭdacio;lauxdaci.0o;追悼文[zhuī dào wén]
laŭdacio;lauxdaci.0o;頌詞[sòng cí],颂词[sòng cí]
laŭdacio;lauxdaci.0o;誄[lěi],诔[lěi]
laŭro;lauxr.0o;桂[guì]
laŭro;lauxr.0o;月桂树[yuè guì shù],月桂樹[yuè guì shù]
laŭro;lauxr.0o;月桂[yuè guì]
laŭro;lauxr.0o;香叶[xiāng yè],香葉[xiāng yè]
laŭro;lauxr.0o;月桂叶[yuè guì yè],月桂葉[yuè guì yè]
laŭroj;lauxr.0oj;桂[guì]
laŭroj;;月桂冠[yuè guì guān]
Laŭra;lauxr1.0o;劳拉[láo lā],勞拉[láo lā]
laŭracoj;lauxrac.0oj;樟科[zhāng kē]
laŭreato;lauxre.0o;得奖者[dé jiǎng zhě],得獎者[dé jiǎng zhě]
laŭreato;lauxre.0o;獲獎者[huò jiǎng zhě],获奖者[huò jiǎng zhě]
laŭreato;lauxre.0o;穫獎者[huò jiǎng zhě],获奖者[huò jiǎng zhě]
laŭrencio;lauxrenci.0o;鐒[láo],铹[láo]
laŭta;lauxt.0a;大声[dà shēng],大聲[dà shēng]
laŭta;lauxt.0a;高声[gāo shēng],高聲[gāo shēng]
laŭta;lauxt.0a;轟然[hōng rán],轰然[hōng rán]
laŭta;lauxt.0a;縱聲[zòng shēng],纵声[zòng shēng]
laŭta;lauxt.0a;响亮[xiǎng liàng],響亮[xiǎng liàng]
laŭta;lauxt.0a;音量高[yīn liáng gāo]
laŭtilo;lauxt.0ilo;扬声器[yáng shēng qì],揚聲器[yáng shēng qì]
laŭtilo;lauxt.0ilo;喇叭[lǎ ba]
laŭtparolilo;lauxt.0ilo;扩音机[kuò yīn jī],擴音機[kuò yīn jī]
mallaŭta;lauxt.mal0a;小声[xiǎo shēng],小聲[xiǎo shēng]
mallaŭta;lauxt.mal0a;低調[dī diào],低调[dī diào]
mallaŭta;lauxt.mal0a;文气[wén qì],文氣[wén qì]
mallaŭta;lauxt.mal0a;輕聲地[qīng shēng de],轻声地[qīng shēng de]
mallaŭta;lauxt.mal0a;輕聲[qīng shēng],轻声[qīng shēng]
mallaŭta;lauxt.mal0a;静音[jìng yīn],靜音[jìng yīn]
lavejo;lav.0ejo;水房[shuǐ fáng]
lavejo;lav.0ejo;盥洗室[guàn xǐ shì]
lavejo;;洗衣店[xǐ yī diàn]
lavi;lav.0i;渲[xuàn]
lavi;lav.0i;濯[zhuó]
lavi;lav.0i;涤[dí],滌[dí]
lavi;lav.0i;浣濯[huàn zhuó]
lavi;lav.0i;洴[píng]
lavi;lav.0i;盥[guàn]
lavi;lav.0i;沐[mù]
lavi;lav.0i;汏[dà]
lavi;lav.0i;糔[xiǔ]
lavi;lav.0i;浣[huàn]
lavilo;lav.0ilo;內心淨化[nèi xīn jìng huà],内心净化[nèi xīn jìng huà]
lavilo;lav.0ilo;去污[qù wū]
lavilo;lav.0ilo;洗涤[xǐ dí],洗滌[xǐ dí]
lavilo;lav.0ilo;消毒[xiāo dú]
lavilo;lav.0ilo;净化剂[jìng huà jì],淨化劑[jìng huà jì]
lavilo;lav.0ilo;洗面奶[xǐ miàn nǎi]
lavilo;lav.0ilo;洗洁剂[xǐ jié jì],洗潔劑[xǐ jié jì]
lavilo;lav.0ilo;使淸潔的東西[shǐ qīng jié de dōng xi],使清洁的东西[shǐ qīng jié de dōng xi]
lavilo;lav.0ilo;擦亮粉[cā liàng fěn]
lavilo;lav.0ilo;淸洗劑[qīng xǐ jì],清洗剂[qīng xǐ jì]
lavilo;lav.0ilo;淸潔劑[qīng jié jì],清洁剂[qīng jié jì]
lavistino;lav.0istino;洗衣女工[xǐ yī nǚ gōng]
lavujo;lav.0ujo;洗手池[xǐ shǒu chí]
lavujo;lav.0ujo;洗手盆[xǐ shǒu pén]
lavujo;lav.0ujo;脸盆[liǎn pén],臉盆[liǎn pén]
lavujo;lav.0ujo;洗脸盆[xǐ liǎn pén],洗臉盆[xǐ liǎn pén]
lavujo;lav.0ujo;手盆[shǒu pén]
cerbolavado;lav.cerbo0o;洗脑[xǐ nǎo],洗腦[xǐ nǎo]
ellavi;lav.el0i;冲洗[chōng xǐ],沖洗[chōng xǐ]
ellavi;lav.el0i;浣[huàn]
ellavi;lav.el0i;浣濯[huàn zhuó]
ellavi;lav.el0i;澆灌[jiāo guàn]
forlavi;lav.for0i;洗刷[xǐ shuā]
forlavi;lav.for0i;抹掉[mǒ diào]
La-Valeto;lavalet.0o;瓦莱塔[Wǎ lái tǎ],瓦萊塔[Wǎ lái tǎ]
lavango;lavang.0o;雪崩[xuě bēng]
lavendo;lavend.0o;薰衣草[xūn yī cǎo]
lavendo;lavend.0o;淡紫色[dàn zǐ sè]
lavendo;lavend.0o;薄紫色[bó zǐ sè]
lavendo;lavend.0o;薰衣草属[xūn yī cǎo shǔ],薰衣草屬[xūn yī cǎo shǔ]
lazo;laz.0o.KOMUNE;套索[tào suǒ]
Lazaro;lazar.0o;拉撒路[Lā sā lù]
Lazaro;lazar.0o;拉撒路[lā sā lù]
Lazaro;lazar.0o;拉匝祿[Lā zā lù],拉匝禄[Lā zā lù]
lazura;lazur.0a;蔚蓝[wèi lán],蔚藍[wèi lán]
lazura;lazur.0a;天蓝[tiān lán],天藍[tiān lán]
lazura;lazur.0a;湛蓝[zhàn lán],湛藍[zhàn lán]
lazura;lazur.0a;石青[shí qīng]
lazuro;lazur.0o;天蓝色[tiān lán sè],天藍色[tiān lán sè]
lazuro;lazur.0o;石青[shí qīng]
lazurito;lazurit.0o;天青石[tiān qīng shí]
lazurito;lazurit.0o;青金石[qīng jīn shí]
Leo;le.0o.nomo;利奥[lì ào],利奧[lì ào]
Lebanono;lebanon.0o.montaro;黎巴嫩[Lí bā nèn]
lebega;lebeg.l0a;勒貝格測度[lēi bèi gé cè duò],勒贝格测度[lēi bèi gé cè duò]
lecioni;lecion.0i;事先告知[shì xiān gào zhī]
lecioni;lecion.0i;講授[jiǎng shòu],讲授[jiǎng shòu]
lecioni;lecion.0i;开课[kāi kè],開課[kāi kè]
lecioni;lecion.0i;教导[jiào dǎo],教導[jiào dǎo]
leciono;lecion.0o;教訓[jiào xun],教训[jiào xun]
leciono;lecion.0o;功課[gōng kè],功课[gōng kè]
leciono;lecion.0o;課業[kè yè],课业[kè yè]
lecitino;leciti.0o;卵磷脂[luǎn lín zhī]
ledo;led.0o;皮革[pí gé]
ledo;led.0o;皮[pí]
ledo;led.0o;革[gé]
ledo;led.0o;韋[wéi],韦[wéi]
ledo;led.0o;鞹[kuò]
legaĵo;leg.0ajho;案文[àn wén]
legi;leg.0i;閱覽[yuè lǎn],阅览[yuè lǎn]
legi;leg.0i;閱[yuè],阅[yuè]
legi;leg.0i;閱讀[yuè dú],阅读[yuè dú]
legi;leg.0i;念书[niàn shū],念書[niàn shū]
legi;leg.0i;看书[kàn shū],看書[kàn shū]
legilo;leg.0ilo.eniga;閱讀器[yuè dú qì],阅读器[yuè dú qì]
lego;leg.0o.versio;閱讀技術[yuè dú jì shù],阅读技术[yuè dú jì shù]
lego;leg.0o.versio;閱讀方式[yuè dú fāng shì],阅读方式[yuè dú fāng shì]
lego;leg.0o.versio;閱讀[yuè dú],阅读[yuè dú]
legipova;leg.0opova;認字[rèn zì],认字[rèn zì]
legipovo;leg.0opovo;讀寫能力[dú xiě néng lì],读写能力[dú xiě néng lì]
laŭtlegi;leg.lauxt0i;呫哔[tiè bì],呫嗶[tiè bì]
laŭtlegi;leg.lauxt0i;呫毕[tiè bì],呫畢[tiè bì]
laŭtlegi;leg.lauxt0i;朗讀[lǎng dú],朗读[lǎng dú]
laŭtlegi;leg.lauxt0i;誦[sòng],诵[sòng]
laŭtlegi;leg.lauxt0i;誦讀[sòng dú],诵读[sòng dú]
laŭtlegi;leg.lauxt0i;讀[dú],读[dú]
nelegipova;leg.ne0opova;一丁不識[yī dīng bù shí],一丁不识[yī dīng bù shí]
nelegipova;leg.ne0opova;不識字[bù shí zì],不识字[bù shí zì]
provlegi;leg.prov0i;校对[jiào duì],校對[jiào duì]
provlegi;leg.prov0i;参校[cān jiào],參校[cān jiào]
provlegi;leg.prov0i;校閱[jiào yuè],校阅[jiào yuè]
provlegi;leg.prov0i;校[jiào]
tralegi;leg.tra0i;閱[yuè],阅[yuè]
tralegi;leg.tra0i;通讀[tōng dú],通读[tōng dú]
tralegi;leg.tra0i;从头到尾看一遍[cóng tóu dào wěi kàn yī biàn],從頭到尾看一遍[cóng tóu dào wěi kàn yī biàn]
tralegi;leg.tra0i;连读[lián dú],連讀[lián dú]
voĉlegi;leg.vocx0i;念[niàn]
voĉlegi;leg.vocx0i;誦讀[sòng dú],诵读[sòng dú]
voĉlegi;leg.vocx0i;朗讀[lǎng dú],朗读[lǎng dú]
voĉlegi;leg.vocx0i;誦[sòng],诵[sòng]
voĉlegi;leg.vocx0i;唸[niàn],念[niàn]
voĉlegi;leg.vocx0i;讀[dú],读[dú]
legacio;legaci.0o;公使館[gōng shǐ guǎn],公使馆[gōng shǐ guǎn]
legala;legal.0a;合法[hé fǎ]
legaleco;legal.0eco;合法性[hé fǎ xìng]
mallegala;legal.mal0a;不合法[bù hé fǎ]
mallegala;legal.mal0a;非法[fēi fǎ]
mallegala;legal.mal0a;不法[bù fǎ]
mallegala;legal.mal0a;违法[wéi fǎ],違法[wéi fǎ]
legendo;legend.0o;神話[shén huà],神话[shén huà]
legendo;legend.0o;传说[chuán shuō],傳說[chuán shuō]
legendo;legend.0o;传奇[chuán qí],傳奇[chuán qí]
legendo;legend.0o;佳話[jiā huà],佳话[jiā huà]
legendo;legend.0o;图例[tú lì],圖例[tú lì]
legendo;legend.0o;文字图例[wén zì tú lì],文字圖例[wén zì tú lì]
legendo;legend.0o;民間傳說[mín jiān chuán shuō],民间传说[mín jiān chuán shuō]
legiono;legi.0o;军团[jūn tuán],軍團[jūn tuán]
honora legio;legi.honora0o;法国荣誉军团勋章[fǎ guó róng yù jūn tuán xūn zhāng],法國榮譽軍團勳章[fǎ guó róng yù jūn tuán xūn zhāng]
legitima;legiti.0a;合法[hé fǎ]
legitimilo;legiti.0ajxo;身份證[shēn fèn zhèng],身份证[shēn fèn zhèng]
legitimilo;legiti.0ajxo.JUR;結單[jié dān],结单[jié dān]
legitimilo;legiti.0ajxo.JUR;信用状[xìn yòng zhuàng],信用狀[xìn yòng zhuàng]
legitimi;;公證[gōng zhèng],公证[gōng zhèng]
legitimi;;認證[rèn zhèng],认证[rèn zhèng]
legitimacio;legiti1.0o;合法證明[hé fǎ zhèng míng],合法证明[hé fǎ zhèng míng]
legitimacio;legiti1.0o;認為嫡出[rèn wéi dí chū],认为嫡出[rèn wéi dí chū]
legumeno;legume.0o;豆科植物[dòu kē zhí wù]
legumeno;legume.0o;荚果[jiá guǒ],莢果[jiá guǒ]
legumeno;legume.0o;豆科[dòu kē]
legumeno;legume.0o;豆[dòu]
legumenacoj;legume1.0oj;豆科[dòu kē]
leĝa;legx.0a;合法[hé fǎ]
leĝaro;legx.0aro;彝宪[yí xiàn],彞憲[yí xiàn]
leĝaro;legx.0aro;法典[fǎ diǎn]
leĝaro;legx.0aro;法規[fǎ guī],法规[fǎ guī]
leĝdona;legx.0dona;有立法[yǒu lì fǎ]
leĝdona;legx.0dona;立法的[lì fǎ de]
leĝdona;legx.0dona;立法[lì fǎ]
leĝo;legx.0o;律[lù:]
leĝo;legx.0o;法则[fǎ zé],法則[fǎ zé]
leĝo;legx.0o;法律[fǎ lù:]
leĝo;legx.0o;法[fǎ],灋[fǎ]
leĝo;legx.0o;法[fǎ]
leĝoscienco;legx.0oscienco;法学[fǎ xué],法學[fǎ xué]
leĝoscienco;legx.0oscienco;法理[fǎ lǐ]
kepleraj leĝoj;legx.kepleraj0oj;开普勒定律[kāi pǔ lēi dìng lǜ],開普勒定律[kāi pǔ lēi dìng lǜ]
kontraŭleĝa;legx.kontraux0a;非法[fēi fǎ]
kontraŭleĝa;legx.kontraux0a;不合法[bù hé fǎ]
kontraŭleĝa;legx.kontraux0a;不法[bù fǎ]
kontraŭleĝa;legx.kontraux0a;违法[wéi fǎ],違法[wéi fǎ]
laŭleĝa;legx.laux0a;合法[hé fǎ]
laŭleĝa;legx.laux0a.JUR;法定[fǎ dìng]
natura leĝo;legx.natur0o.SCI;天道[tiān dào]
leĝera;legxer.0a;随便[suí biàn],隨便[suí biàn]
leĝera;legxer.0a;不拘[bù jū]
leĝera;legxer.0a;倜傥[tì tǎng],倜儻[tì tǎng]
leĝera;legxer.0a;馬馬虎虎[mǎ ma hū hū],马马虎虎[mǎ ma hū hū]
leĝitima;legxitim.0a;合法[hé fǎ]
Lejbnico;lejbnic.0o.PERS;戈特弗裡德威廉馮萊布尼茨[gē tè fú lǐ dé wēi lián féng lái bù ní cí],戈特弗里德威廉冯莱布尼茨[gē tè fú lǐ dé wēi lián féng lái bù ní cí]
Lejbnico;lejbnic.0o.PERS;戈特弗裡德威廉萊布尼茨[gē tè fú lǐ dé wēi lián lái bù ní cí],戈特弗里德威廉莱布尼茨[gē tè fú lǐ dé wēi lián lái bù ní cí]
Lejbnico;lejbnic.0o.PERS;戈特弗裡德萊布尼茨[gē tè fú lǐ dé lái bù ní cí],戈特弗里德莱布尼茨[gē tè fú lǐ dé lái bù ní cí]
Lejbnico;lejbnic.0o.PERS;莱布尼茨[lái bù ní cí],萊布尼茨[lái bù ní cí]
Lejbnico;lejbnic.0o.PERS;戈特弗裡德威廉[gē tè fú lǐ dé wēi lián],戈特弗里德威廉[gē tè fú lǐ dé wēi lián]
lejŝmaniozo;lejsxmanioz.0o;利什曼病[lì shí màn bìng]
leki;lek.0i;舔[tiǎn]
leki;lek.0i;舐[shì]
forleki;lek.for0i;舐[shǐ]
forleki;lek.for0i;舓[shǐ]
lekanteto;lekant.0eto;雏菊[chú jú],雛菊[chú jú]
lekanteto;lekant.0eto;法国菊[fǎ guó jú],法國菊[fǎ guó jú]
lekanteto;lekant.0eto;第一流[dì yī liú]
lekanteto;lekant.0eto;薰制的火腿肉[xūn zhì de huǒ tuǐ ròu]
lekcii;lekci.0i;講演[jiǎng yǎn],讲演[jiǎng yǎn]
lekcii;lekci.0i;主講[zhǔ jiǎng],主讲[zhǔ jiǎng]
lekcii;lekci.0i;演講[yǎn jiǎng],演讲[yǎn jiǎng]
lekcii;lekci.0i;講課[jiǎng kè],讲课[jiǎng kè]
lekcio;lekci.0o;講辭[jiǎng cí],讲辞[jiǎng cí]
lekcio;lekci.0o;講課[jiǎng kè],讲课[jiǎng kè]
lekcio;lekci.0o;講座[jiǎng zuò],讲座[jiǎng zuò]
leksikologio;leksik.0o;詞彙學[cí huì xué],词汇学[cí huì xué]
leksikono;leksik1.0o;詞庫[cí kù],词库[cí kù]
leksikono;leksik1.0o;詞典[cí diǎn],词典[cí diǎn]
leksiko;leksik2.0o;詞彙[cí huì],词汇[cí huì]
leksiko;leksik2.0o;全部詞彙[quán bù cí huì],全部词汇[quán bù cí huì]
leksikono;;专业词典[zhuān yè cí diǎn],專業詞典[zhuān yè cí diǎn]
leksikono;;百科詞典[bǎi kē cí diǎn],百科词典[bǎi kē cí diǎn]
leksikografio;leksikografi.0o;詞典學[cí diǎn xué],词典学[cí diǎn xué]
leksikografio;;辞书学[cí shū xué],辭書學[cí shū xué]
lektoro;lektor.0o;講師[jiǎng shī],讲师[jiǎng shī]
lektoro;lektor.0o;大学讲师[dà xué jiǎng shī],大學講師[dà xué jiǎng shī]
lektoro;lektor.0o;私人教师[sī rén jiào shī],私人教師[sī rén jiào shī]
lektoro;lektor.0o;編外講師[biān wài jiǎng shī],编外讲师[biān wài jiǎng shī]
Lelistado;lelist.L0o;莱利斯塔德[lái lì sī tǎ dé],萊利斯塔德[lái lì sī tǎ dé]
lemo;lem.0o;引理[yǐn lǐ]
lemo;lem.0o;补题[bǔ tí],補題[bǔ tí]
lemo;lem.0o;輔助命題[fǔ zhù mìng tí],辅助命题[fǔ zhù mìng tí]
Lemano;leman.0o;日內瓦湖[rì nèi wǎ hú],日内瓦湖[rì nèi wǎ hú]
lemno;lemn.0o;苹[píng]
lemno;lemn.0o;薸[piāo]
Lenino;lenin.0o.komunisto;佛拉迪米尔伊里奇列宁[fú lā dí mǐ ěr yī lǐ qí liè níng],佛拉迪米爾伊裡奇列寧[fú lā dí mǐ ěr yī lǐ qí liè níng]
Lenino;lenin.0o.komunisto;列宁[Liè níng],列寧[Liè níng]
Leningrado;leningrad.0o;列宁格勒[liè níng gé lè],列寧格勒[liè níng gé lè]
lenso;lens.0o;鏡[jìng],镜[jìng]
lenso;lens.0o;鏡片[jìng piàn],镜片[jìng piàn]
lenso;lens.0o;晶状体[jīng zhuàng tǐ],晶狀體[jīng zhuàng tǐ]
lenso;lens.0o;透鏡[tòu jìng],透镜[tòu jìng]
lenso;lens.0o;鏡頭[jìng tóu],镜头[jìng tóu]
lento;lent.0o;小扁豆[xiǎo biǎn dòu]
lento;lent.0o;兵豆[bīng dòu]
lentugo;lentug.0o.KOS;雀斑[què bān]
leono;leon.0o;狮子[shī zi],獅子[shī zi]
leono;leon.0o;狮[shī],獅[shī]
Malgranda Leono;leon.MalgrandaL0o;小狮座[Xiǎo shī zuò],小獅座[Xiǎo shī zuò]
Leonardo;leonard.0o.NOM;雷奥纳多[léi ào nà duō]
leontodo;leonto.0o;蒲公英[pú gōng yīng]
leopardo;leopar.0o;豹[bào]
leopardo;leopar.0o;豹子[bào zi]
Leopoldo;leopold.0o;莱奥波德[lái ào bō dé],萊奧波德[lái ào bō dé]
lepidopteroj;lepido1.0oj;鱗翅目[lín chì mù],鳞翅目[lín chì mù]
leporo;lepor.0o;野兔[yě tù]
leporo;lepor.0o;兔子[tù zi]
leporuloj;lepor.0uloj;兔形目[tù xíng mù]
Leporo;lepor.L0o;天兔座[Tiān tù zuò]
leporedoj;;兔科[tù kē]
lepro;lepr.0o;麻疯病[má fēng bìng],麻瘋病[má fēng bìng]
leporo;;天兔星座[tiān tù xīng zuò]
leporo;;卯[mǎo]
Lejpcigo;lepsik.0o;莱比锡[lái bǐ xí],萊比錫[lái bǐ xí]
leptono;lepton.0o;輕子[qīng zǐ],轻子[qīng zǐ]
leptospirozo;leptospiroz.0o;七日热[qī rì rè],七日熱[qī rì rè]
leptospirozo;;鉤端螺旋體病[gōu duān luó xuán tǐ bìng],钩端螺旋体病[gōu duān luó xuán tǐ bìng]
lernaĵo;lern.0ajxo;功課[gōng kè],功课[gōng kè]
lernanto;lern.0anto;男生[nán shēng]
lernanto;lern.0anto;中小学生[zhōng xiǎo xué shēng],中小學生[zhōng xiǎo xué shēng]
lernanto;lern.0anto;女生[nǔ: shēng]
lernanto;lern.0anto;学生[xué sheng],學生[xué sheng]
lernanto;lern.0anto;大学二年级生[dà xué èr nián jí shēng],大學二年級生[dà xué èr nián jí shēng]
lernanto;lern.0anto;門生[mén shēng],门生[mén shēng]
lernanto;lern.0anto;女学生[nǚ xué shēng],女學生[nǚ xué shēng]
lernanto;lern.0anto;女生[nǚ shēng]
lernanto;lern.0anto;小学生[xiǎo xué shēng],小學生[xiǎo xué shēng]
lernema;lern.0ema;好学[hǎo xué],好學[hǎo xué]
lernema;lern.0ema;求知慾強[qiú zhī yù qiáng],求知欲强[qiú zhī yù qiáng]
lernema;lern.0ema;求者若渴[qiú zhě ruò kě]
lernema;lern.0ema;求知若渴[qiú zhī ruò kě]
lernigi;lern.0igi;授[shòu]
lernigi;lern.0igi;授課[shòu kè],授课[shòu kè]
lernigi;lern.0igi;教[jiāo]
lernoservo;lern.0oservo;学徒的学习期[xué tú de xué xí qī],學徒的學習期[xué tú de xué xí qī]
altlernejo;lern.alt0ejo;学府[xué fǔ],學府[xué fǔ]
altlernejo;lern.alt0ejo;高校[gāo xiào]
altlernejo;lern.alt0ejo;大学[dà xué],大學[dà xué]
altlernejo;lern.alt0ejo;高等学校[gāo děng xué xiào],高等學校[gāo děng xué xiào]
altlernejo;lern.alt0ejo;学院[xué yuàn],學院[xué yuàn]
bazlernejo;lern.baz0ejo;小学[xiǎo xué],小學[xiǎo xué]
bazlernejo;lern.baz0ejo;国小[guó xiǎo],國小[guó xiǎo]
loĝlernejo;lern.logx0ejo;寄宿学校[jì sù xué xiào],寄宿學校[jì sù xué xiào]
loĝlernejo;lern.logx0ejo;寄宿制学校[jì sù zhì xué xiào],寄宿制學校[jì sù zhì xué xiào]
mallerni;lern.mal0i;忘掉[wàng diào]
mallerni;lern.mal0i.perdi;淸除掉[qīng chú diào],清除掉[qīng chú diào]
memlernanto;lern.mem0anto;自主学习[zì zhǔ xué xí],自主學習[zì zhǔ xué xí]
memlernanto;lern.mem0anto;自学者[zì xué zhě],自學者[zì xué zhě]
memlernanto;lern.mem0anto;草根艺人[cǎo gēn yì rén],草根藝人[cǎo gēn yì rén]
memlerninto;lern.mem0into;自主学习[zì zhǔ xué xí],自主學習[zì zhǔ xué xí]
memlerninto;lern.mem0into;自学者[zì xué zhě],自學者[zì xué zhě]
memlerninto;lern.mem0into;草根艺人[cǎo gēn yì rén],草根藝人[cǎo gēn yì rén]
mezgrada lernejo;lern.mez0ejo;中学[zhōng xué],中學[zhōng xué]
mezgrada lernejo;lern.mez0ejo;国中[guó zhōng],國中[guó zhōng]
samlernejano;lern.sam0ejano;同班[tóng bān]
samlernejano;lern.sam0ejano;校友[xiào yǒu]
samlernejano;lern.sam0ejano;同学们[tóng xué men],同學們[tóng xué men]
lerta;lert.0a;熟練[shú liàn],熟练[shú liàn]
lerta;lert.0a;巧[qiǎo]
lerta;lert.0a;巧手[qiǎo shǒu]
lerta;lert.0a;灵巧[líng qiǎo],靈巧[líng qiǎo]
lerta;lert.0a;娴熟[xián shú],嫻熟[xián shú]
lerta;lert.0a;輕靈[qīng líng],轻灵[qīng líng]
lerta;lert.0a;手巧[shǒu qiǎo]
lerta;lert.0a;有天分[yǒu tiān fèn]
lertaĵo;lert.0ajxo;功績[gōng jī],功绩[gōng jī]
lertaĵo;lert.0ajxo;花招[huā zhāo]
lerteco;lert.0eco;技艺[jì yì],技藝[jì yì]
lerteco;lert.0eco;技巧[jì qiǎo]
lerteco;lert.0eco;敏捷[mǐn jié]
lertulo;lert.0ulo;能人[néng rén]
mallerta;lert.mal0a;拙[zhuō]
mallerta;lert.mal0a;拙笨[zhuō bèn]
mallerta;lert.mal0a;不灵巧[bù líng qiǎo],不靈巧[bù líng qiǎo]
mallerta;lert.mal0a;笨拙[bèn zhuō]
mallerta;lert.mal0a;伹[qū]
mallerta;lert.mal0a;别扭[biè niu],彆扭[biè niu]
manlerta;lert.man0a;手指灵活[shǒu zhǐ líng huó],手指靈活[shǒu zhǐ líng huó]
manlerta;lert.man0a;佽[cì]
manlerta;lert.man0a;趫[qiáo]
manlerta;lert.man0a;巧手[qiǎo shǒu]
Lesbo;lesb.0o;勒斯波斯[Lè sī bō sī]
Lesbo;lesb.0o;勒斯波斯岛[Lè sī bō sī Dǎo],勒斯波斯島[Lè sī bō sī Dǎo]
lesba;lesb.l0a;女同志[nǚ tóng zhì]
lesbanino;lesb.l0anino.GEOG;拉子[lā zi]
lesbanino;lesb.l0anino.SOC;蕾丝边[lěi sī biān],蕾絲邊[lěi sī biān]
lesbanino;lesb.l0anino.SOC;姬佬[jī lǎo]
lesbanino;lesb.l0anino.SOC;拉子[lā zi]
lesivo;lesiv.0o;碱液[jiǎn yè],鹼液[jiǎn yè]
lesivo;lesiv.0o.KEM;碱性溶液[jiǎn xìng róng yè],鹼性溶液[jiǎn xìng róng yè]
Lesoto;lesot.L0o;莱索托[Lái suǒ tuō],萊索托[Lái suǒ tuō]
Lesoto;lesot.L0o;賴索托[Lài suǒ tuō],赖索托[Lài suǒ tuō]
Lesoto;lesot.L0o;莱索托[lái suǒ tuō],萊索托[lái suǒ tuō]
leteri;leter.0i;修书[xiū shū],修書[xiū shū]
letero;leter.0o;信件[xìn jiàn]
letero;leter.0o;信函[xìn hán]
letero;leter.0o;信[xìn]
letero;leter.0o;简[jiǎn],簡[jiǎn]
letero;leter.0o;笺[jiān],箋[jiān]
letero;leter.0o;书[shū],書[shū]
letero;leter.0o;书函[shū hán],書函[shū hán]
leteri;;写信[xiě xìn],寫信[xiě xìn]
frajtletero;leter.frajt0o;海运提单[hǎi yùn tí dān],海運提單[hǎi yùn tí dān]
frajtletero;leter.frajt0o;貨票[huò piào],货票[huò piào]
frajtletero;leter.frajt0o;运单[yùn dān],運單[yùn dān]
frajtletero;leter.frajt0o;貨運單據[huò yùn dān jù],货运单据[huò yùn dān jù]
frajtletero;leter.frajt0o;云单[yún dān],雲單[yún dān]
informletero;leter.inform0o;信息[xìn xī]
informletero;leter.inform0o;音訊[yīn xùn],音讯[yīn xùn]
informletero;leter.inform0o;简讯[jiǎn xùn],簡訊[jiǎn xùn]
informletero;leter.inform0o;通函[tōng hán]
informletero;leter.inform0o;连环信[lián huán xìn],連環信[lián huán xìn]
novaĵletero;leter.novajx0o;简讯[jiǎn xùn],簡訊[jiǎn xùn]
novaĵletero;leter.novajx0o;电邮新闻[diàn yóu xīn wén],電郵新聞[diàn yóu xīn wén]
novaĵletero;leter.novajx0o;信息[xìn xī]
malfermita letero;leter.publika0o;公开信[gōng kāi xìn],公開信[gōng kāi xìn]
registrita letero;leter.registrita0o;挂号[guà hào],掛號[guà hào]
registrita letero;leter.registrita0o;挂号邮件[guà hào yóu jiàn],掛號郵件[guà hào yóu jiàn]
registrita letero;leter.registrita0o;挂号信[guà hào xìn],掛號信[guà hào xìn]
rekomendletero;leter.rekomend0o;介紹信[jiè shào xìn],介绍信[jiè shào xìn]
rekomendletero;leter.rekomend0o;推荐信[tuī jiàn xìn],推薦信[tuī jiàn xìn]
retletero;leter.ret0o;电子邮件[diàn zǐ yóu jiàn],電子郵件[diàn zǐ yóu jiàn]
retletero;leter.ret0o;电邮[diàn yóu],電郵[diàn yóu]
retletero;leter.ret0o;邮件[yóu jiàn],郵件[yóu jiàn]
retletero;leter.ret0o;邮件信息[yóu jiàn xìn xí],郵件信息[yóu jiàn xìn xí]
leŭcino;leuxcin.0o;亮氨酸[liàng ān suān]
leŭkemio;leuxke.0o;白血病[bái xuè bìng]
leŭkemio;leuxke.0o;血癌[xuè ái]
leŭkemio;leuxke.0o;白血病[bái xiě bìng]
leŭkemio;leuxke.0o;血癌[xiě yán]
leŭkocito;leuxko.0o;白細胞[bái xì bāo],白细胞[bái xì bāo]
leŭkocito;leuxko.0o;白血球[bái xuè qiú]
loeso;leuxs.0o;黃土[huáng tǔ],黄土[huáng tǔ]
leŭtenanto;leuxte.0o;中尉[zhōng wèi]
subleŭtenanto;leuxte.sub0o;少尉[shào wèi]
subleŭtenanto;leuxte.sub0o;军官学校学生[jūn guān xué xiào xué sheng],軍官學校學生[jūn guān xué xiào xué sheng]
veselleŭtenanto;leuxte.vesel0o;中尉[zhōng wèi]
vicleŭtenanto;leuxte.vic0o;少尉[shào wèi]
vicsubleŭtenanto;leuxte.vicsub0o;军士[jūn shì],軍士[jūn shì]
vicsubleŭtenanto;leuxte.vicsub0o;二等士官長[èr děng shì guān cháng],二等士官长[èr děng shì guān cháng]
levi;lev.0i;抬[tái]
levi;lev.0i;举起[jǔ qǐ],舉起[jǔ qǐ]
levi;lev.0i.altigi;昂[áng]
levi;lev.0i.altigi;擎[qíng]
levi;lev.0i.altigi;抬[tái]
levi;lev.0i.altigi;撩起[liāo qǐ]
levi;lev.0i.altigi;高举[gāo jǔ],高舉[gāo jǔ]
levi;lev.0i.altigi;起吊[qǐ diào],起弔[qǐ diào]
levi;lev.0i.altigi;抬起[tái qǐ]
leviĝi;lev.0igxi;起來[qǐ lai],起来[qǐ lai]
leviĝi;lev.0igxi;上涨[shàng zhǎng],上漲[shàng zhǎng]
leviĝi;lev.0igxi;謖[sù],谡[sù]
leviĝi;lev.0igxi;起床[qǐ chuáng]
leviĝi;lev.0igxi;起立[qǐ lì]
leviĝi;lev.0igxi;起身[qǐ shēn]
leviĝi;lev.0igxi;升[shēng],陞[shēng]
levilo;lev.0ilo.aparato;起重机[qǐ zhòng jī],起重機[qǐ zhòng jī]
levilo;lev.0ilo.stango;杠杆[gàng gǎn],槓桿[gàng gǎn]
levilo;lev.0ilo.stango;撬杠[qiào gāng]
levilo;lev.0ilo.stango;杠杆[gàng gǎn]
mallevi;lev.mal0i;减低[jiǎn dī],減低[jiǎn dī]
mallevi;lev.mal0i;低[dī]
mallevi;lev.mal0i;降低[jiàng dī]
malleviĝi;lev.mal0igxi;下沉[xià chén]
malleviĝi;lev.mal0igxi;塌陷[tā xiàn]
malleviĝi;lev.mal0igxi;退落[tuì luò]
malleviĝi;lev.mal0igxi;沉到[chén dào]
popolleviĝo;lev.popol0igxo;起义[qǐ yì],起義[qǐ yì]
popolleviĝo;lev.popol0igxo;暴動[bào dòng],暴搭[bào dòng]
popolleviĝo;lev.popol0igxo;武装反抗[wǔ zhuāng fǎn kàng],武裝反抗[wǔ zhuāng fǎn kàng]
popolleviĝo;lev.popol0igxo;武装起事[wǔ zhuāng qǐ shì],武裝起事[wǔ zhuāng qǐ shì]
popolleviĝo;lev.popol0igxo;民变[mín biàn],民變[mín biàn]
sunleviĝo;lev.sun0igxo;旽[tūn]
sunleviĝo;lev.sun0igxo;日出[rì chū]
leviero;levier.0o;控制杆[kòng zhì gān]
leviero;levier.0o;游戏操纵杆[yóu xì cāo zòng gǎn],遊戲操縱桿[yóu xì cāo zòng gǎn]
levjatano;levjat.0o;利維坦[lì wéi tǎn],利维坦[lì wéi tǎn]
levkojo;levkoj.0o;紫罗兰[zǐ luó lán],紫羅蘭[zǐ luó lán]
levrelo;levrel.0o;細狗[xì gǒu],细狗[xì gǒu]
levrelo;levrel.0o;灰猎犬[huī liè quǎn],灰獵犬[huī liè quǎn]
lezi;lez.0i;损[sǔn],損[sǔn]
lezi;lez.0i;损伤[sǔn shāng],損傷[sǔn shāng]
lezi;lez.0i;触犯[chù fàn],觸犯[chù fàn]
lezo;lez.0o.FIG;损伤[sǔn shāng],損傷[sǔn shāng]
lezo;lez.0o.MED;伤[shāng],傷[shāng]
lezo;lez.0o.MED;外伤[wài shāng],外傷[wài shāng]
lia;li.0a;亓[qí]
liano;lian.0o;蘝[liǎn]
liano;lian.0o;蔹[liǎn],蘞[liǎn]
liano;lian.0o;虆[léi]
libanano;liban.0ano;黎巴嫩人[lí bā nèn rén]
Libano;liban.L0o;黎巴嫩[Lí bā nèn]
libelo;libel.0o;蚂[mā],螞[mā]
libelo;libel.0o;蜻蜓[qīng tíng]
libelo;libel.0o;蜻[qīng]
libelo;libel.0o;螂[láng]
libelo;libel.0o;蜓[tíng]
libelo;libel.0o;叮叮猫[dīng dīng māo],叮叮貓[dīng dīng māo]
libelo;libel.0o;蚂螂[mā láng],螞螂[mā láng]
libelo;libel.0o;蛵[xīng]
libelo;libel.0o;蜋[láng]
libelo;libel.0o;蜻蛉目[qīng líng mù]
libera;liber.0a;暢[chàng],畅[chàng]
libera;liber.0a;漫[màn]
libera;liber.0a;空閒[kòng xián],空闲[kòng xián]
libera;liber.0a;空余[kòng yú],空餘[kòng yú]
libera;liber.0a;暢通[chàng tōng],畅通[chàng tōng]
libera;liber.0a;无拘束地[wú jū shù de],無拘束地[wú jū shù de]
libera;liber.0a;自如[zì rú]
libera;liber.0a;自由[zì yóu]
libereco;liber.0eco;自由[zì yóu]
libereco;liber.0eco;意志的自由[yì zhì de zì yóu]
libereco;liber.0eco;无礼貌[wú lǐ mào],無禮貌[wú lǐ mào]
libereco;liber.0eco;特准区域[tè zhǔn qū yù],特準區域[tè zhǔn qū yù]
libereco;liber.0eco;登陆许可[dēng lù xǔ kě],登陸許可[dēng lù xǔ kě]
libereco;liber.0eco;自由区域[zì yóu qū yù],自由區域[zì yóu qū yù]
liberigi;liber.0igi;放走[fàng zǒu]
liberigi;liber.0igi;解放[jiě fàng]
liberigi;liber.0igi;释放[shì fàng],釋放[shì fàng]
liberigi;liber.0igi;解鎖[jiě suǒ],解锁[jiě suǒ]
liberiĝi;liber.0igxi;解脫[jiě tuō],解脱[jiě tuō]
libero;liber.0o.libereco;自由[zì yóu]
forliberigi;liber.for0igi;放过[fàng guò],放過[fàng guò]
mallibera;liber.mal0a;被俘虏[bèi fú lǔ],被俘虜[bèi fú lǔ]
mallibera;liber.mal0a;被囚[bèi qiú]
malliberejo;liber.mal0ejo;大狱[dà yù],大獄[dà yù]
malliberejo;liber.mal0ejo;犴[àn]
malliberejo;liber.mal0ejo;监狱[jiān yù],監獄[jiān yù]
malliberejo;liber.mal0ejo;狱[yù],獄[yù]
malliberejo;liber.mal0ejo;豻[àn]
malliberejo;liber.mal0ejo;牢房[láo fáng]
malliberejo;liber.mal0ejo;大牢[dà láo]
malliberejo;liber.mal0ejo;班房[bān fáng]
malliberejo;liber.mal0ejo;牢狱[láo yù],牢獄[láo yù]
malliberigi;liber.mal0igi;圄[yǔ]
malliberigi;liber.mal0igi;监禁[jiān jìn],監禁[jiān jìn]
malliberigi;liber.mal0igi;禁錮[jìn gù],禁锢[jìn gù]
malliberigi;liber.mal0igi;关押[guān yā],關押[guān yā]
malliberigi;liber.mal0igi;吸引住[xī yǐn zhù]
malliberigi;liber.mal0igi;俘[fú]
malliberigi;liber.mal0igi;俘虏[fú lǔ],俘虜[fú lǔ]
malliberulo;liber.mal0ulo;囚徒[qiú tú]
malliberulo;liber.mal0ulo;囚犯[qiú fàn]
malliberulo;liber.mal0ulo;囚[qiú]
malliberulo;liber.mal0ulo;拘囚[jū qiú]
esprimlibereco;liber.parol0eco;言論自由[yán lùn zì yóu],言论自由[yán lùn zì yóu]
liberala;libera.0a;大方地[dà fāng de]
liberala;libera.0a;愛自由[ài zì yóu],爱自由[ài zì yóu]
liberalismo;libera.0ismo;自由主义[zì yóu zhǔ yì],自由主義[zì yóu zhǔ yì]
Liberio;liberi.L0o;賴比瑞亞[Lài bǐ ruì yà],赖比瑞亚[Lài bǐ ruì yà]
Liberio;liberi.L0o;利比里亚[Lì bǐ lǐ yà],利比里亞[Lì bǐ lǐ yà]
Liberio;liberi.L0o;利比裡亞[lì bǐ lǐ yà],利比里亚[lì bǐ lǐ yà]
libiano;libi.0ano;利比亚人[lì bǐ yà rén],利比亞人[lì bǐ yà rén]
Libio;libi.L0o.GEOG;利比亚[Lì bǐ yà],利比亞[Lì bǐ yà]
Libio;libi.L0o.GEOG;利比亚[lì bǐ yà],利比亞[lì bǐ yà]
libido;libid.0o;力比多[lì bǐ duō]
libido;libid.0o;性冲动[xìng chōng dòng],性衝動[xìng chōng dòng]
libido;libid.0o;性慾[xìng yù],性欲[xìng yù]
librejo;libr.0ejo.biblioteko;圕[tuān]
librejo;libr.0ejo.biblioteko;图书馆[tú shū guǎn],圖書館[tú shū guǎn]
librejo;libr.0ejo.biblioteko;文库[wén kù],文庫[wén kù]
librejo;libr.0ejo.biblioteko;图书管理员[tú shū guǎn lǐ yuán],圖書管理員[tú shū guǎn lǐ yuán]
librejo;libr.0ejo.biblioteko;藏书[cáng shū],藏書[cáng shū]
librotenado;libr.0otenado;会计[kuài jì],會計[kuài jì]
librotenado;libr.0otenado;財務會計[cái wù kuài jì],财务会计[cái wù kuài jì]
librotenisto;libr.0otenisto;会计[kuài jì],會計[kuài jì]
librotenisto;libr.0otenisto;会计员[kuài jì yuán],會計員[kuài jì yuán]
librotenisto;libr.0otenisto;簿記員[bù jì yuán],簿记员[bù jì yuán]
librotenisto;libr.0otenisto;会计服[kuài jì fú],會計服[kuài jì fú]
librotenisto;libr.0otenisto;会计小姐[kuài jì xiǎo jiě],會計小姐[kuài jì xiǎo jiě]
librotenisto;libr.0otenisto;記賬人[jì zhàng rén],记账人[jì zhàng rén]
librotenisto;libr.0otenisto;記賬員[jì zhàng yuán],记帐员[jì zhàng yuán]
abocolibro;libr.aboco0o;引子[yǐn zi]
abocolibro;libr.aboco0o;初級課本[chū jí kè běn],初级课本[chū jí kè běn]
abocolibro;libr.aboco0o;插图课本[chā tú kè běn],插圖課本[chā tú kè běn]
bildolibro;libr.bildo0o;画册[huà cè],畫冊[huà cè]
bildolibro;libr.bildo0o;繪本[huì běn],绘本[huì běn]
e-libro;libr.bit0o;电子书[diàn zǐ shū],電子書[diàn zǐ shū]
blanka libro;libr.blanka0o;白皮书[bái pí shū],白皮書[bái pí shū]
deponlibreto;libr.depon0eto;储蓄存折[chǔ xù cún shé],儲蓄存折[chǔ xù cún shé]
deponlibreto;libr.depon0eto;銀行存折[yín háng cún shé],银行存折[yín háng cún shé]
deponlibreto;libr.depon0eto;存摺[cún zhé]
deponlibreto;libr.depon0eto;存折[cún zhé]
gastlibro;libr.gast0o;留言本[liú yán běn]
gastlibro;libr.gast0o;留言簿[liú yán bù]
gastlibro;libr.gast0o;留言冊[liú yán cè],留言册[liú yán cè]
gastlibro;libr.gast0o;訪客登記簿[fǎng kè dēng jì bù],访客登记簿[fǎng kè dēng jì bù]
gvidlibro;libr.gvid0o;指南[zhǐ nán]
gvidlibro;libr.gvid0o;导游[dǎo yóu],導遊[dǎo yóu]
gvidlibro;libr.gvid0o;导读[dǎo dú],導讀[dǎo dú]
gvidlibro;libr.gvid0o;旅游指南[lǚ yóu zhǐ nán],旅遊指南[lǚ yóu zhǐ nán]
jarlibro;libr.jar0o;年鉴[nián jiàn],年鑑[nián jiàn]
jarlibro;libr.jar0o;年鉴[nián jiàn],年鑒[nián jiàn]
jarlibro;libr.jar0o;通书[tōng shū],通書[tōng shū]
instrulibro;libr.lerno0o;教科书[jiào kē shū],教科書[jiào kē shū]
instrulibro;libr.lerno0o;課本[kè běn],课本[kè běn]
instrulibro;libr.lerno0o;讀本[dú běn],读本[dú běn]
manlibro;libr.man0o;手冊[shǒu cè],手册[shǒu cè]
memorlibro;libr.memor0o;日記本[rì jì běn],日记本[rì jì běn]
memorlibro;libr.memor0o;日記[rì jì],日记[rì jì]
notlibro;libr.not0o;笔记本[bǐ jì běn],筆記本[bǐ jì běn]
notlibro;libr.not0o;記事本[jì shì běn],记事本[jì shì běn]
notlibro;libr.not0o;簿子[bù zi]
notlibro;libr.not0o;手帐[shǒu zhàng],手帳[shǒu zhàng]
ora libro;libr.or_0o;留言本[liú yán běn]
ora libro;libr.or_0o;留言簿[liú yán bù]
poŝlibro;libr.posx0o;平装[píng zhuāng],平裝[píng zhuāng]
poŝlibro;libr.posx0o;平装本[píng zhuāng běn],平裝本[píng zhuāng běn]
poŝlibro;libr.posx0o;袖珍本[xiù zhēn běn]
retotaglibro;libr.retotag0o;博客[bó kè]
retotaglibro;libr.retotag0o;網誌[wǎng zhì],网志[wǎng zhì]
sonlibro;libr.son0o;对话书[duì huà shū],對話書[duì huà shū]
sonlibro;libr.son0o;对话录[duì huà lù],對話錄[duì huà lù]
sonlibro;libr.son0o;有声书[yǒu shēng shū],有聲書[yǒu shēng shū]
tagolibro;libr.tag0o;日記[rì jì],日记[rì jì]
tagolibro;libr.tag0o;日記本[rì jì běn],日记本[rì jì běn]
telefonlibro;libr.telefon0o;电话簿[diàn huà bù],電話簿[diàn huà bù]
Librevilo;librevil.0o;自由市[Zì yóu shì]
Librevilo;librevil.0o;利伯維爾[lì bó wéi ěr],利伯维尔[lì bó wéi ěr]
liceano;lice.0ano;中学生[zhōng xué shēng],中學生[zhōng xué shēng]
liceo;lice.0o;附中[fù zhōng]
licenco;licenc1.0o;凭照[píng zhào],憑照[píng zhào]
licenco;licenc1.0o;許可證[xǔ kě zhèng],许可证[xǔ kě zhèng]
licenco;licenc1.0o;執照[zhí zhào],执照[zhí zhào]
liĉiujo;licxi.0arbo;荔枝[lì zhī]
liĉiujo;licxi.0arbo;荔[lì]
liĉio;licxi.0o;荔枝[lì zhī]
Lidio;lidi.0o;吕底亚[lǚ dǐ yà],呂底亞[lǚ dǐ yà]
lieno;lien.0o;脾[pí]
lifto;lift.0o.ARKI;电梯[diàn tī],電梯[diàn tī]
lifto;lift.0o.ARKI;提升机[tí shēng jī]
lige kun;lig.0ekun;本着[běn zhe],本著[běn zhe]
lige kun;lig.0ekun;涉及[shè jí]
lige kun;lig.0ekun;趁[chèn]
ligi;lig.0i;縢[téng]
ligi;lig.0i;縛[fù],缚[fù]
ligi;lig.0i;连接[lián jiē],連接[lián jiē]
ligi;lig.0i;捆綁[kǔn bǎng],捆绑[kǔn bǎng]
ligi;lig.0i;束[shù]
ligi;lig.0i;綁[bǎng],绑[bǎng]
ligi;lig.0i;捆[kǔn],綑[kǔn]
ligi;lig.0i;紟[jīn]
ligi;lig.0i;縲[léi],缧[léi]
ligiĝi;lig.0igxi;結為[jié wéi],结为[jié wéi]
ligilo;lig.0ilo.KOMP;訊連科技[xùn lián kē jì],讯连科技[xùn lián kē jì]
ligilo;lig.0ilo.KOMP;紐帶[niǔ dài],纽带[niǔ dài]
ligilo;lig.0ilo.KOMP;联通[lián tōng],聯通[lián tōng]
ligilo;lig.0ilo.KOMP;鏈結[liàn jié],链结[liàn jié]
ligilo;lig.0ilo.KOMP;鏈路[liàn lù],链路[liàn lù]
ligilo;lig.0ilo.KOMP;介紹人[jiè shào rén],介绍人[jiè shào rén]
ligilo;lig.0ilo.KOMP;推荐单位[tuī jiàn dān wèi],推薦單位[tuī jiàn dān wèi]
ligilo;lig.0ilo.KOMP;證明人[zhèng míng rén],证明人[zhèng míng rén]
ligilo;lig.0ilo.KOMP;鏈接[liàn jiē],链接[liàn jiē]
ligo;lig.0o;紐帶[niǔ dài],纽带[niǔ dài]
ligo;lig.0o;結[jié],结[jié]
ligo;lig.0o;鈕帶[niǔ dài],钮带[niǔ dài]
ligo;lig.0o.KEM;化合[huà hé]
ligo;lig.0o.KEM;化合物[huà hé wù]
ligo;lig.0o.KEM;萜[tiē]
ligo;lig.0o.KEM;蒈[kǎi]
ligo;lig.0o.KEM;化学键[huà xué jiàn],化學鍵[huà xué jiàn]
ligo;lig.0o.asocio;联盟[lián méng],聯盟[lián méng]
ligo;lig.0o.asocio;加盟[jiā méng]
ligo;lig.0o.asocio;同盟[tóng méng]
ligo;lig.0o.asocio;盟約[méng yuē],盟约[méng yuē]
ligo;lig.0o.asocio;竞赛联盟[jìng sài lián méng],競賽聯盟[jìng sài lián méng]
ligo;lig.0o.asocio;联盟参加者[lián méng cān jiā zhě],聯盟參加者[lián méng cān jiā zhě]
ligo;lig.0o.kioligas;紐帶[niǔ dài],纽带[niǔ dài]
ligo;lig.0o.kioligas;瓜葛[guā gé]
alligi;lig.al0i;捆綁[kǔn bǎng],捆绑[kǔn bǎng]
alligi;lig.al0i;綁住[bǎng zhù],绑住[bǎng zhù]
alligi;lig.al0i;絷[zhí],縶[zhí]
alligi;lig.al0i;掗[yà]
alligi;lig.al0i;綁[bǎng],绑[bǎng]
amligo;lig.am0o;情事[qíng shì]
amligo;lig.am0o;私情[sī qíng]
amligo;lig.am0o;罗曼使[luó màn shǐ],羅曼使[luó màn shǐ]
amligo;lig.am0o;風流韻事[fēng liú yùn shì],风流韵事[fēng liú yùn shì]
ĉirkaŭligi;lig.cxirkaux0i;用城墙围着[yòng chéng qiáng wéi zhuó],用城牆圍著[yòng chéng qiáng wéi zhuó]
ĉirkaŭligi;lig.cxirkaux0i;围[wéi],圍[wéi]
interligi;lig.inter0i;心怀感激[xīn huái gǎn jī],心懷感激[xīn huái gǎn jī]
interligi;lig.inter0i;联系着[lián xì zhuó],聯繫著[lián xì zhuó]
interligi;lig.inter0i;絷[zhí],縶[zhí]
interligi;lig.inter0i;相连[xiāng lián],相連[xiāng lián]
interligo;lig.inter0o;盟約[méng yuē],盟约[méng yuē]
interligo;lig.inter0o;同盟[tóng méng]
interligo;lig.inter0o;联盟[lián méng],聯盟[lián méng]
korligita;lig.kor0ita;繾[qiǎn],缱[qiǎn]
korligo;lig.kor0o;情意[qíng yì]
korligo;lig.kor0o;情愛[qíng ài],情爱[qíng ài]
kunligaĵo;lig.kun0ajxo.KOMUNE;捆[kǔn]
kunligaĵo;lig.kun0ajxo.KOMUNE;扎[zhá]
kunligaĵo;lig.kun0ajxo.KOMUNE;捆扎[kǔn zā],捆紮[kǔn zā]
kunligaĵo;lig.kun0ajxo.KOMUNE;捆[kǔn],綑[kǔn]
kunligano;lig.kun0ano;盟友[méng yǒu]
kunligano;lig.kun0ano;同盟者[tóng méng zhě]
kunligano;lig.kun0ano;盟员[méng yuán],盟員[méng yuán]
kunligi;lig.kun0i;心怀感激[xīn huái gǎn jī],心懷感激[xīn huái gǎn jī]
kunligi;lig.kun0i;联系着[lián xì zhuó],聯繫著[lián xì zhuó]
kunligi;lig.kun0i;縢[téng]
kunligo;lig.kun0o.KOMUNE;联结[lián jié],聯結[lián jié]
kunligo;lig.kun0o.KOMUNE;瓜葛[guā gé]
kunligo;lig.kun0o.KOMUNE;拼接[pīn jiē]
disligi;lig.mal0i;解决[jiě jué],解決[jiě jué]
disligi;lig.mal0i;松脱[sōng tuō],鬆脫[sōng tuō]
disligi;lig.mal0i;松开[sōng kāi],鬆開[sōng kāi]
ligamento;ligame.0o;韌帶[rèn dài],韧带[rèn dài]
ligaturo;ligatur.0o;连字[lián zì],連字[lián zì]
ligaturo;ligatur.0o;连字弧线[lián zì hú xiàn],連字弧線[lián zì hú xiàn]
ligaturo;ligatur.0o;結紮[jié zā],结扎[jié zā]
ligento;ligent.0o;增稠剂[zēng chóu jì],增稠劑[zēng chóu jì]
ligento;ligent.0o;接合剂[jiē hé jì],接合劑[jiē hé jì]
ligento;ligent.0o;水泥胶[shuǐ ní jiāo],水泥膠[shuǐ ní jiāo]
ligento;ligent.0o;結合劑[jié hé jì],结合剂[jié hé jì]
ligento;ligent.0o;結晶劑[jié jīng jì],结晶剂[jié jīng jì]
ligento;ligent.0o;胶结剂[jiāo jié jì],膠結劑[jiāo jié jì]
ligento;ligent.0o;连结料[lián jié liào],連結料[lián jié liào]
ligento;ligent.0o;黏合剂[nián hé jì],黏合劑[nián hé jì]
ligna;lign.0a;木制[mù zhì],木製[mù zhì]
ligna;lign.0a;木質[mù zhì],木质[mù zhì]
lignaĵisto;lign.0ajxisto;木匠[mù jiàng]
lignaĵisto;lign.0ajxisto;木工[mù gōng]
lignero;lign.0ero;碎片[suì piàn]
lignero;lign.0ero;細薄片[xì bó piàn],细薄片[xì bó piàn]
lignero;lign.0ero;削屑[xiāo xiè]
ligno;lign.0o;木材[mù cái]
ligno;lign.0o;木头[mù tou],木頭[mù tou]
lignero;;木屑[mù xiè]
lignito;lignit.0o;褐煤[hè méi]
lignito;lignit.0o;炭[tàn]
Ligurujo;ligur.0ujo;利古里亚[Lì gǔ lǐ yà],利古里亞[Lì gǔ lǐ yà]
Ligurio;liguri.0o;利古里亚[lì gǔ lǐ yà],利古里亞[lì gǔ lǐ yà]
ligustro;ligust.0o;女貞[nǔ: zhēn],女贞[nǔ: zhēn]
ligustro;ligust.0o;卵叶女贞[luǎn yè rǔ zhēn],卵葉女貞[luǎn yè rǔ zhēn]
ligustro;ligust.0o;女貞[nǚ zhēn],女贞[nǚ zhēn]
Liĥtenŝtejno;lihxtensxtejn.L0o;列支敦士登[Liè zhī dūn shì dēng]
Liĥtenŝtejno;lihxtensxtejn.L0o;列支敦斯登[Liè zhī dūn sī dēng]
Liĥtenŝtejno;lihxtensxtejn.L0o;列支敦士登[liè zhī dūn shì dēng]
Liĥtenŝtejno;lihxtensxtejn.L0o;列支敦斯登[liè zhī dūn sī dēng]
Liĥtenŝtejno;lihxtensxtejn.L0o;列支敦士登公国[liè zhī dūn shì dēng gōng guó],列支敦士登公國[liè zhī dūn shì dēng gōng guó]
Liĥtenŝtejno;lihxtensxtejn.L0o;列支敦斯登大公国[liè zhī dūn sī dēng dà gōng guó],列支敦斯登大公國[liè zhī dūn sī dēng dà gōng guó]
liki;lik.0i;会漏[huì lòu],會漏[huì lòu]
liki;lik.0i;漏水[lòu shuǐ]
liko;lik.0o;漏洞[lòu dòng]
liko;lik.0o;漏[lòu]
memorlikado;lik.memor0ado;內存泄漏[nèi cún xiè lòu],内存泄漏[nèi cún xiè lòu]
tralikiĝi;lik.tra0igxi;渗出[shèn chū],滲出[shèn chū]
tralikiĝi;lik.tra0igxi;渗过[shèn guò],滲過[shèn guò]
tralikiĝi;lik.tra0igxi;滴下[dī xià]
tralikiĝi;lik.tra0igxi;漓[lí]
tralikiĝi;lik.tra0igxi;灕[lí]
tralikiĝi;lik.tra0igxi;透过[tòu guò],透過[tòu guò]
tralikiĝi;lik.tra0igxi;透[tòu]
tralikiĝi;lik.tra0igxi;渗透[shèn tòu],滲透[shèn tòu]
tralikiĝi;lik.tra0igxi;漏水[lòu shuǐ]
likeno;liken.0o;青苔[qīng tái]
Likio;liki.0o.antikva_regiono;吕基亚[lǚ jī yà],呂基亞[lǚ jī yà]
likopodioplantoj;likopo.0oplantoj;石松[shí sōng],石鬆[shí sōng]
likva;likv.0a;液[yè]
likva;likv.0a;液态[yè tài],液態[yè tài]
likvaĵo;likv.0ajxo.likvo;液体[yè tǐ],液體[yè tǐ]
likvaĵo;likv.0ajxo.likvo;变移性[biàn yí xìng],變移性[biàn yí xìng]
likvigi;likv.0igi;液化[yè huà]
likvo;likv.0o;液体[yè tǐ],液體[yè tǐ]
likvido;likvid.0o;清盘[qīng pán],清盤[qīng pán]
likvido;likvid.0o;淸算[qīng suàn],清算[qīng suàn]
likvido;likvid.0o;資產變現[zī chǎn biàn xiàn],资产变现[zī chǎn biàn xiàn]
likvido;likvid.0o;分辨率[fēn biàn lǜ]
likvido;likvid.0o;淸盤[qīng pán],清盘[qīng pán]
likvoro;likvor.0o;醝[cuó]
likvoro;likvor.0o;力娇酒[lì jiāo jiǔ],力嬌酒[lì jiāo jiǔ]
likvoro;likvor.0o;利口酒[lì kǒu jiǔ]
likvoro;likvor.0o;甜烧酒[tián shāo jiǔ],甜燒酒[tián shāo jiǔ]
likvoro;likvor.0o;蜜酒[mì jiǔ]
lila;lil.0a;彐靑[jì qīng],彑靑[jì qīng]
lila;lil.0a;雪靑[xuě qīng]
lila;lil.0a;芋头色[yù tou sè],芋頭色[yù tou sè]
lilo;lil.0o;芋头色[yù tou sè],芋頭色[yù tou sè]
lilako;lilak.0o;紫丁香[zǐ dīng xiāng]
lilako;lilak.0o;丁香属[dīng xiāng shǔ],丁香屬[dīng xiāng shǔ]
lilio;lili.0o;百合[bǎi hé]
taglilio;lili.tago0o;萱[xuān]
taglilio;lili.tago0o;金針菜[jīn zhēn cài],金针菜[jīn zhēn cài]
liliacoj;liliac.0oj;百合科[bǎi hé kē]
liliputa;lilipu.0a;侏儒[zhū rú]
Lilito;lilit.0o;莉莉斯[lì lì sī]
Lilongvo;lilongv.0o;利隆圭[Lì lóng guī]
Lilongvo;lilongv.0o;里朗威[Lǐ lǎng wēi]
lima;lim.0a;毗邻[pí lín],毗鄰[pí lín]
limi;lim.0i;限[xiàn]
lima;;边际[biān jì],邊際[biān jì]
limigi;lim.0igi;底止[dǐ zhǐ]
limigi;lim.0igi;限[xiàn]
limigi;lim.0igi;紧缩的[jǐn suō dí],緊縮的[jǐn suō dí]
limigi;lim.0igi;節制[jié zhì],节制[jié zhì]
limo;lim.0o;限度[xiàn dù]
limo;lim.0o;限制[xiàn zhì]
limo;lim.0o;底止[dǐ zhǐ]
limo;lim.0o;极限[jí xiàn],極限[jí xiàn]
limo;lim.0o;界線[jiè xiàn],界线[jiè xiàn]
limo;lim.0o.FIG;畛[zhěn]
limo;lim.0o.FIG;涯[yá]
limo;lim.0o.FIG;止境[zhǐ jìng]
limŝtono;lim.0sxtono;界碑[jiè bēi]
akvodislimo;lim.akvodis0o;分水岭[fēn shuǐ lǐng],分水嶺[fēn shuǐ lǐng]
akvodislimo;lim.akvodis0o;分水線[fēn shuǐ xiàn],分水线[fēn shuǐ xiàn]
ĉirkaŭlimi;lim.cxirkaux0i;围住[wéi zhù],圍住[wéi zhù]
ĉirkaŭlimi;lim.cxirkaux0i;环抱[huán bào],環抱[huán bào]
ĉirkaŭlimi;lim.cxirkaux0i;阹[qū]
ĉirkaŭlimi;lim.cxirkaux0i;拥抱[yǒng bào],擁抱[yǒng bào]
dislimi;lim.dis0i;解[jiě]
dislimi;lim.dis0i;隔[gé]
ĝislimi;lim.gxis0i;扩及[kuò jí],擴及[kuò jí]
landlimo;lim.land0o;国界[guó jiè],國界[guó jiè]
landlimo;lim.land0o;国境[guó jìng],國境[guó jìng]
landlimo;lim.land0o;陲[chuí]
senlima;lim.sen0a;漫无边际[màn wú biān jì],漫無邊際[màn wú biān jì]
senlima;lim.sen0a;无限[wú xiàn],無限[wú xiàn]
senlima;lim.sen0a;无量[wú liàng],無量[wú liàng]
senlima;lim.sen0a;无限制[wú xiàn zhì],無限制[wú xiàn zhì]
limtempo;lim.temp0o;期限[qī xiàn]
limtempo;lim.temp0o;限期[xiàn qī]
limtempo;lim.temp0o;时限[shí xiàn],時限[shí xiàn]
limtempo;lim.temp0o;期满终止日期[qī mǎn zhōng zhǐ rì qī],期滿終止日期[qī mǎn zhōng zhǐ rì qī]
Limo;lim1.0o;利馬[Lì mǎ],利马[Lì mǎ]
limako;limak.0o.gastropodo;鼻涕虫[bí tì chóng],鼻涕蟲[bí tì chóng]
limako;limak.0o.gastropodo;蝓[yú]
limako;limak.0o.gastropodo;蜗牛[guā niú],蝸牛[guā niú]
Limburgo;limburg.L0o;林堡[Lín bǎo]
limeujo;lime.0arbo;來檬[lái méng],来檬[lái méng]
limeo;lime.0o;青柠檬[qīng níng méng],青檸檬[qīng níng méng]
Limeriko;limerik.L0o;利默里克[Lì mò lǐ kè]
Limeriko;limerik.L0o;利默里克[lì mò lǐ kè]
limeriko;;打油詩[dǎ yóu shī],打油诗[dǎ yóu shī]
limeso;limes.0o;极限[jí xiàn],極限[jí xiàn]
limfa angio;limf.0aangio;淋巴系統[lín bā xì tǒng],淋巴系统[lín bā xì tǒng]
limfo;limf.0o.BOT;津泽[jīn zé],津澤[jīn zé]
limfo;limf.0o.BOT;树液[shù yè],樹液[shù yè]
limfo;limf.0o.ZOO;淋巴[lín bā]
limfo;limf.0o.ZOO;淋巴液[lín bā yè]
limito;limit.0o;封頂[fēng dǐng],封顶[fēng dǐng]
limito;limit.0o;涨停板[zhǎng tíng bǎn],漲停板[zhǎng tíng bǎn]
limnologio;limnologi.0o;湖沼学[hú zhǎo xué],湖沼學[hú zhǎo xué]
limonado;limona.0o;柠檬水[níng méng shuǐ],檸檬水[níng méng shuǐ]
limonado;limona.0o;汽水[qì shuǐ]
limuzino;limuzin.0o;轎車[jiào chē],轿车[jiào chē]
limuzino;limuzin.0o;豪华轿车[háo huá jiào chē],豪華轎車[háo huá jiào chē]
lino;lin.0o;亚麻[yà má],亞麻[yà má]
linolea tolo;lin.0oleatolo0oleumo;漆布[qī bù]
linolea tolo;lin.0oleatolo0oleumo;油毡[yóu zhān],油氈[yóu zhān]
Linco;linc.0o.urbo;林茨[Lín cí]
linĉi;lincx.0i;处以私刑[chù yǐ sī xíng],處以私刑[chù yǐ sī xíng]
linĉi;lincx.0i;处私刑[chù sī xíng],處私刑[chù sī xíng]
linda;lind.0a;姱[kuā]
linda;lind.0a;姣[jiāo]
linda;lind.0a;俏丽[qiào lì],俏麗[qiào lì]
lineo;line.0o;線路[xiàn lù],线路[xiàn lù]
lineo;line.0o;通信線路[tōng xìn xiàn lù],通信线路[tōng xìn xiàn lù]
lineara;linear.0a;線性[xiàn xìng],线性[xiàn xìng]
lineara;linear.0a;線狀[xiàn zhuàng],线状[xiàn zhuàng]
lingva;lingv.0a.LIN;語言上[yǔ yán shàng],语言上[yǔ yán shàng]
lingvaĵo;lingv.0ajxo.LIN;語[yǔ],语[yǔ]
lingvaĵo;lingv.0ajxo.LIN;俗話[sú huà],俗话[sú huà]
lingvaĵo;lingv.0ajxo.LIN;口德[kǒu dé]
lingvoscienco;lingv.0oscienco;語言學[yǔ yán xué],语言学[yǔ yán xué]
lingvoscienco;lingv.0oscienco;語言學家[yǔ yán xué jiā],语言学家[yǔ yán xué jiā]
lingvoscienco;lingv.0oscienco;說話方式[shuō huà fāng shì],说话方式[shuō huà fāng shì]
faklingvo;lingv.fak0o;哤[máng]
faklingvo;lingv.fak0o;行話[háng huà],行话[háng huà]
signolingvo;lingv.gesto0o;哑语[yǎ yǔ],啞語[yǎ yǔ]
signolingvo;lingv.gesto0o;手語[shǒu yǔ],手语[shǒu yǔ]
signolingvo;lingv.gesto0o;手式[shǒu shì]
signolingvo;lingv.gesto0o;手照[shǒu zhào]
interlingvo;lingv.inter0o;通用語[tōng yòng yǔ],通用语[tōng yòng yǔ]
interlingvo;lingv.inter0o;社交語言[shè jiāo yǔ yán],社交语言[shè jiāo yǔ yán]
mortinta lingvo;lingv.mortinta0o;死文字[sǐ wén zì]
planlingvo;lingv.plan0o;人造語言[rén zào yǔ yán],人造语言[rén zào yǔ yán]
plurlingveco;;多語言[duō yǔ yán],多语言[duō yǔ yán]
plurlingvulo;;多語言[duō yǔ yán],多语言[duō yǔ yán]
pontolingvo;lingv.ponto0o;通用語[tōng yòng yǔ],通用语[tōng yòng yǔ]
tonlingvo;;声调屈折[shēng diào qū zhé],聲調屈折[shēng diào qū zhé]
translingvigi;lingv.trans0igi;繙[fān]
translingvigi;lingv.trans0igi;传译[chuán yì],傳譯[chuán yì]
translingvigi;lingv.trans0igi;編譯[biān yì],编译[biān yì]
unulingvulo;lingv.unu0ulo;单语[dān yǔ],單語[dān yǔ]
Lingvafrankao;lingvafranka.0o;通用語[tōng yòng yǔ],通用语[tōng yòng yǔ]
lingvistiko;lingvi.0o;語言學[yǔ yán xué],语言学[yǔ yán xué]
lingvistiko;lingvi.0o;語言學家[yǔ yán xué jiā],语言学家[yǔ yán xué jiā]
lingvistiko;lingvi.0o;說話方式[shuō huà fāng shì],说话方式[shuō huà fāng shì]
sociolingvistiko;lingvi.soci0o;社会语言学[shè huì yǔ yán xué],社會語言學[shè huì yǔ yán xué]
linia;lini.0a;線性[xiàn xìng],线性[xiàn xìng]
liniaro;lini.0aro;五線譜[wǔ xiàn pǔ],五线谱[wǔ xiàn pǔ]
linio;lini.0o;線[xiàn],线[xiàn]
linio;lini.0o;行[háng]
trajnlinio;lini.fervoj0o;鐵道[tiě dào],铁道[tiě dào]
laŭliniigi;lini.laux0igi;对齐[duì qí],對齊[duì qí]
laŭliniigi;lini.laux0igi;对位[duì wèi],對位[duì wèi]
limlinio;lini.lim0o;界限[jiè xiàn]
linko;link.0o;猞猁[shē lì]
linko;link.0o;唡[liǎng],啢[liǎng]
linko;link.0o;猞[shē]
buslinio;;公交線路[gōng jiāo xiàn lù],公交线路[gōng jiāo xiàn lù]
Linko;link.L0o;天猫座[Tiān māo zuò],天貓座[Tiān māo zuò]
linotipisto;linoti.0isto;整行鑄排者[zhěng xíng zhù pái zhě],整行铸排者[zhěng xíng zhù pái zhě]
lintelo;lintel.0o;楣[méi]
lintelo;lintel.0o;横楣[héng méi],橫楣[héng méi]
lintelo;lintel.0o;横楣子[héng méi zi],橫楣子[héng méi zi]
Linukso;linuks.0o;林納斯[lín nà sī],林纳斯[lín nà sī]
Linukso;linuks.0o;一种操作系统[yī zhǒng cāo zuò xì tǒng],一種操作系統[yī zhǒng cāo zuò xì tǒng]
Linukso;linuks.0o;利納克斯[Lì nà kè sī],利纳克斯[Lì nà kè sī]
Liono;lion.0o;里昂[Lǐ áng]
lip-lipa konsonanto;lip.00akonsonanto;双唇音[shuāng chún yīn],雙唇音[shuāng chún yīn]
lipa konsonanto;lip.0akonsonanto;唇音[chún yīn]
lip-denta konsonanto;lip.0dentakonsonanto;唇齒音[chún chǐ yīn],唇齿音[chún chǐ yīn]
lipo;lip.0o;嘴唇[zuǐ chún]
lipo;lip.0o;唇[chún]
lipo;lip.0o;脣[chún]
dika lipo;lip.dika0o;撅嘴[juē zuǐ]
dika lipo;lip.dika0o;噘[juē]
dika lipo;lip.dika0o;呶[nǔ]
leporlipo;lip.lepor0o.MED;缺嘴[quē zuǐ]
lipido;lipid.0o;脂肪[zhī fáng]
lirismo;lir.0ismo;詩意[shī yì],诗意[shī yì]
Liro;lir.L0o;天琴座[Tiān qín zuò]
lirika;lirik.0a;抒情[shū qíng]
lirika;lirik.0a;情感丰富[qíng gǎn fēng fù],情感豐富[qíng gǎn fēng fù]
lirika;lirik.0a;詩歌一樣[shī gē yí yàng],诗歌一样[shī gē yí yàng]
lirikeco;lirik.0eco;詩意[shī yì],诗意[shī yì]
lirikisto;lirik.0isto;詩人[shī rén],诗人[shī rén]
liriko;lirik.0o;抒情詩[shū qíng shī],抒情诗[shū qíng shī]
liriko;lirik.0o;詩[shī],诗[shī]
lirli;lirl.0i;水流飛濺[shuǐ liú fēi jiàn],水流飞溅[shuǐ liú fēi jiàn]
lirli;lirl.0i;汩汩[gǔ gǔ]
Lisbono;lisbon.0o;里斯本[Lǐ sī běn]
lispi;lisp.0i;咬舌[yǎo shé]
listigi;list.0igi;列举[liè jǔ],列舉[liè jǔ]
listigi;list.0igi;列出[liè chū]
listigi;list.0igi;列表[liè biǎo]
listo;list.0o;列表[liè biǎo]
listo;list.0o;編目[biān mù],编目[biān mù]
listo;list.0o;目录[mù lù],目錄[mù lù]
atendolisto;list.atendo0o;候补名单[hòu bǔ míng dān],候補名單[hòu bǔ míng dān]
dissendolisto;list.dissendo0o;邮件列表[yóu jiàn liè biǎo],郵件列表[yóu jiàn liè biǎo]
dissendolisto;list.dissendo0o;邮寄名单[yóu jì míng dān],郵寄名單[yóu jì míng dān]
enlistigi;list.en0igi;列出[liè chū]
enlistigi;list.en0igi;籙[lù]
ligillisto;list.ligil0o;鏈表[liàn biǎo],链表[liàn biǎo]
nigra listo;list.nigra_0o;黑名单[hēi míng dān],黑名單[hēi míng dān]
litaĵo;lit.0ajxo;被褥[bèi rù]
litaĵo;lit.0ajxo;床上用品[chuáng shàng yòng pǐn]
lito;lit.0o;床[chuáng]
lito;lit.0o;床鋪[chuáng pù],床铺[chuáng pù]
ellitiĝi;lit.el0igxi;起床[qǐ chuáng]
enlitiĝi;lit.en0igxi;上床[shàng chuáng]
enlitiĝi;lit.en0igxi;歇息[xiē xi]
litanio;litani.0o;连祷[lián dǎo],連禱[lián dǎo]
litanio;litani.0o;長時間的祈禱[cháng shí jiān de qí dǎo],长时间的祈祷[cháng shí jiān de qí dǎo]
litanio;litani.0o;祷文[dǎo wén],禱文[dǎo wén]
litanio;litani.0o;祷词[dǎo cí],禱詞[dǎo cí]
literumado;liter.0umado;拼字[pīn zì]
literumi;liter.0umi;拼字[pīn zì]
literumo;liter.0umo;拼字[pīn zì]
literumo;;写法[xiě fǎ],寫法[xiě fǎ]
duliteraĵo;liter.du0ajxo.TIP;两字母一音[liǎng zì mǔ yī yīn],兩字母一音[liǎng zì mǔ yī yīn]
ĉeflitero;liter.granda0o;大写字母[dà xiě zì mǔ],大寫字母[dà xiě zì mǔ]
ĉeflitero;liter.granda0o;起首大字母[qǐ shǒu dà zì mǔ]
laŭlitera;liter.laux0a;字面[zì miàn]
etlitero;liter.malgranda0o;小写字母[xiǎo xiě zì mǔ],小寫字母[xiǎo xiě zì mǔ]
preslitero;liter.pres0o;印刷字体[yìn shuà zì tǐ],印刷字體[yìn shuà zì tǐ]
litero;;字母[zì mǔ]
transliterumi;liter.trans0i;譯名[yì míng],译名[yì míng]
transliterumi;liter.trans0i;譯寫[yì xiě],译写[yì xiě]
triliteraĵo;liter.tri0ajxo.TIP;卦[guà]
literaturisto;litera.0isto;文学家[wén xué jiā],文學家[wén xué jiā]
literaturo;litera.0o;文学[wén xué],文學[wén xué]
bela literaturo;litera.bela0o;虚构小说[xū gòu xiǎo shuō],虛構小說[xū gòu xiǎo shuō]
literatoro;literator.0o;文学家[wén xué jiā],文學家[wén xué jiā]
litio;liti.0o;鋰[lǐ],锂[lǐ]
litino;litin.0o;氢氧化锂[qīng yǎng huà lǐ],氫氧化鋰[qīng yǎng huà lǐ]
litografaĵo;litogr.0ajxo;石印[shí yìn]
litografaĵo;litogr.0ajxo;平印[píng yìn]
litografisto;litogr.0isto;平印工人[píng yìn gōng rén]
litografio;litogr1.0o;石版印刷术[shí bǎn yìn shuà shù],石版印刷術[shí bǎn yìn shuà shù]
litografio;litogr1.0o;平印[píng yìn]
litografio;litogr1.0o;平印术[píng yìn shù],平印術[píng yìn shù]
litografio;litogr1.0o;石印[shí yìn]
litorino;litori.0o;海螺[hǎi luó]
litovo;litov.0o;立陶宛人[lì táo wǎn rén]
Litovujo;litov.L0ujo;立陶宛[lì táo wǎn]
Litovio;litovi.L0o;立陶宛[Lì táo wǎn]
litro;litr.0o;公升[gōng shēng]
litro;litr.0o;升[shēng]
liturgio;liturg.0o;祷告文式[dǎo gào wén shì],禱告文式[dǎo gào wén shì]
liturgio;liturg.0o;圣餐仪式[shèng cān yí shì],聖餐儀式[shèng cān yí shì]
Litvo;litv.0o;立陶宛大公国[lì táo wǎn dà gōng guó],立陶宛大公國[lì táo wǎn dà gōng guó]
liuto;liut.0o;魯特琴[lǔ tè qín],鲁特琴[lǔ tè qín]
liuto;liut.0o;琉特琴[liú tè qín]
liva;liv.0a;左边[zuǒ bian],左邊[zuǒ bian]
liva;;左面[zuǒ miàn]
liveranto;liver.0anto;供貨商[gōng huò shāng],供货商[gōng huò shāng]
liveranto;liver.0anto;供应商[gōng yìng shāng],供應商[gōng yìng shāng]
liveranto;liver.0anto;供貨人[gōng huò rén],供货人[gōng huò rén]
liveranto;liver.0anto;供貨單位[gōng huò dān wèi],供货单位[gōng huò dān wèi]
liveranto;liver.0anto;承办商[chéng bàn shāng],承辦商[chéng bàn shāng]
liveranto;liver.0anto;摊贩[tān fàn],攤販[tān fàn]
liveranto;liver.0anto;送貨員[sòng huò yuán],送货员[sòng huò yuán]
liveri;liver.0i;投递[tóu dì],投遞[tóu dì]
liveri;liver.0i;捎[shāo]
liveri;liver.0i;送交[sòng jiāo]
liveri;liver.0i;送达[sòng dá],送達[sòng dá]
liveri;liver.0i;送貨[sòng huò],送货[sòng huò]
liveri;liver.0i;交貨[jiāo huò],交货[jiāo huò]
liveri;liver.0i;配送[pèi sòng]
livio;livi.0o;野鴿[yě gē],野鸽[yě gē]
lizosomo;lizosom.0o;溶酶体[róng méi tǐ],溶酶體[róng méi tǐ]
Labako;ljubljan.0o.urbo;卢布尔雅那[Lú bù ěr yǎ nà],盧布爾雅那[Lú bù ěr yǎ nà]
Labako;ljubljan.0o.urbo;卢比安纳[Lú bǐ ān nà],盧比安納[Lú bǐ ān nà]
lobo;lob.0o;耳垂[ěr chuí]
lobo;lob.0o;脑叶[nǎo yè],腦葉[nǎo yè]
orellobo;lob.orel0o;耳垂[ěr chuí]
trilobulo;lob.tri0ulo;三叶虫[sān yè chóng],三葉蟲[sān yè chóng]
lobio;lobi.0o;游說團[yóu shuì tuán],游说团[yóu shuì tuán]
lobio;lobi.0o;游說團體[yóu shuì tuán tǐ],游说团体[yóu shuì tuán tǐ]
lobio;lobi.0o;游说集团[yóu shuì jí tuán],遊說集團[yóu shuì jí tuán]
logilo;log.0ajxo;誘餌[yòu ěr],诱饵[yòu ěr]
logi;log.0i;讓人動心[ràng rén dòng xīn],让人动心[ràng rén dòng xīn]
alloga;log.al0a;招人喜欢[zhāo rén xǐ huan],招人喜歡[zhāo rén xǐ huan]
alloga;log.al0a;有魅力[yǒu mèi lì]
alloga;log.al0a;引來[yǐn lái],引来[yǐn lái]
deloga;log.de0a;妖媚[yāo mèi]
deloga;log.de0a;勾人[gōu rén]
deloga;log.de0a;誘惑地[yòu huò de],诱惑地[yòu huò de]
deloga;log.de0a;放浪的[fàng làng de]
forlogi;log.de0i;勾引[gōu yǐn]
forlogi;log.de0i;引誘[yǐn yòu],引诱[yǐn yòu]
enlogi;log.en0i;誘使[yòu shǐ],诱使[yòu shǐ]
mallogi;log.mal0i;挽留[wǎn liú]
seksalloga;log.seksal0a;性感[xìng gǎn]
seksalloga;log.seksal0a;香艳[xiāng yàn],香艷[xiāng yàn]
tromplogi;log.tromp0i;勾引[gōu yǐn]
logaritmo;logari.0o;对数[duì shù],對數[duì shù]
kontraŭlogaritmo;logari.kontraux0o;真数[zhēn shù],真數[zhēn shù]
natura logaritmo;;自然对数[zì rán duì shù],自然對數[zì rán duì shù]
logika;logik.0a;順理成章[shùn lǐ chéng zhāng],顺理成章[shùn lǐ chéng zhāng]
logika;logik.0a;逻[luó],邏[luó]
logiko;logik.0o;逻辑[luó ji],邏輯[luó ji]
logiko;logik.0o;逻[luó],邏[luó]
logiko;logik.0o;名学[míng xué],名學[míng xué]
logiko;logik.0o;理则[lǐ zé],理則[lǐ zé]
logiko;logik.0o;理则学[lǐ zé xué],理則學[lǐ zé xué]
logiko;logik.0o;論理[lùn lǐ],论理[lùn lǐ]
logiko;logik.0o;論理學[lùn lǐ xué],论理学[lùn lǐ xué]
formala logiko;;数理逻辑[shù lǐ luó jí],數理邏輯[shù lǐ luó jí]
svaga logiko;logik.svaga0o;模糊逻辑[mó hu luó ji],模糊邏輯[mó hu luó ji]
logotipo;logotip.0o;徽[huī]
logotipo;logotip.0o;标志[biāo zhì],標誌[biāo zhì]
logotipo;logotip.0o;商标[shāng biāo],商標[shāng biāo]
logotipo;logotip.0o;徽章[huī zhāng]
loĝantaro;logx.0antaro;人口[rén kǒu]
loĝi;logx.0i;住宿[zhù sù]
loĝi;logx.0i;宿夜[sù yè]
loĝi;logx.0i;寄宿[jì sù]
loĝi;logx.0i;居[jū]
loĝi;logx.0i;居住[jū zhù]
loĝi;logx.0i;歇宿[xiē sù]
loĝigi;logx.0igi;收留[shōu liú]
loĝigi;logx.0igi;窝藏[wō cáng],窩藏[wō cáng]
ekloĝi;logx.ek0i;落戶[luò hù],落户[luò hù]
ekloĝi;logx.ek0i;定居[dìng jū]
ekloĝi;logx.ek0i;安家[ān jiā]
enloĝiĝi;logx.en0igxi;定居[dìng jū]
kunloĝanto;logx.kun0anto;室友[shì yǒu]
kunloĝanto;logx.kun0anto;同屋[tóng wū]
kunloĝanto;logx.kun0anto;舍友[shè yǒu]
pasloĝanto;logx.pas0anto;过客[guò kè],過客[guò kè]
pasloĝanto;logx.pas0anto;宾[bīn],賓[bīn]
pasloĝanto;logx.pas0anto;客[kè]
praloĝanto;logx.pra0anto;土人[tǔ rén]
praloĝanto;logx.pra0anto;土着居民[tǔ zhù jū mín],土著居民[tǔ zhù jū mín]
praloĝanto;logx.pra0anto;山地人[shān dì rén]
priloĝi;logx.pri0i;寓居[yù jū]
priloĝi;logx.pri0i;居住于[jū zhù yú],居住於[jū zhù yú]
priloĝi;logx.pri0i;生息[shēng xī]
transloĝiĝi;logx.trans0igxi;搬移[bān yí]
transloĝiĝi;logx.trans0igxi;搬迁[bān qiān],搬遷[bān qiān]
transloĝiĝi;logx.trans0igxi;徙[xǐ]
transloĝiĝi;logx.trans0igxi;搬家[bān jiā]
transloĝiĝi;logx.trans0igxi;搬走[bān zǒu]
loĝio;logxi.0o.TEA;包厢[bāo xiāng],包廂[bāo xiāng]
loĝistiko;logxistik.0o;后勤[hòu qín],後勤[hòu qín]
loĝistiko;logxistik.0o;物流[wù liú]
lojala;lojal.0a;忠义[zhōng yì],忠義[zhōng yì]
lojala;lojal.0a;忠誠[zhōng chéng],忠诚[zhōng chéng]
lojala;lojal.0a;有情有义[yǒu qíng yǒu yì],有情有義[yǒu qíng yǒu yì]
lojala;lojal.0a;正大[zhèng dà]
lojala;lojal.0a;忠心[zhōng xīn]
lojala;lojal.0a;忠实[zhōng shí],忠實[zhōng shí]
lojala;lojal.0a;义气[yì qì],義氣[yì qì]
lojala;lojal.0a;忠貞[zhōng zhēn],忠贞[zhōng zhēn]
lojaleco;lojal.0eco;忠义[zhōng yì],忠義[zhōng yì]
lojaleco;lojal.0eco;忠誠[zhōng chéng],忠诚[zhōng chéng]
lojaleco;lojal.0eco;义气[yì qì],義氣[yì qì]
nelojala;lojal.mal0a;不忠誠[bù zhōng chéng],不忠诚[bù zhōng chéng]
nelojala;lojal.mal0a;不忠[bù zhōng]
nelojala;lojal.mal0a;不忠实[bù zhōng shí],不忠實[bù zhōng shí]
nelojala;lojal.mal0a;不正当[bù zhèng dàng],不正當[bù zhèng dàng]
lojto;lojt.0o;江鱈[jiāng xuě],江鳕[jiāng xuě]
Loĵbano;lojxban.0o;逻辑语[luó ji yǔ],邏輯語[luó ji yǔ]
loka;lok.0a;当地[dāng dì],當地[dāng dì]
loka;lok.0a;本地[běn dì]
loka;lok.0a;局地[jú dì]
loka;lok.0a;局部[jú bù]
loka;lok.0a;土[tǔ]
loka;lok.0a;在地[zài dì]
loka;lok.0a;地方[dì fāng]
loka;lok.0a;地方性[dì fāng xìng]
lokaro;lok.0aro.MAT;位点[wèi diǎn],位點[wèi diǎn]
loki;lok.0i;安放[ān fàng]
loki;lok.0i;放置[fàng zhì]
loki;lok.0i;置于[zhì yú]
loki;lok.0i;置放[zhì fàng]
loko;lok.0o;位[wèi]
loko;lok.0o;位子[wèi zi]
loko;lok.0o;位置[wèi zhi]
loko;lok.0o;去处[qù chù],去處[qù chù]
loko;lok.0o;名次[míng cì]
loko;lok.0o;地方[dì fang]
loko;lok.0o;地点[dì diǎn],地點[dì diǎn]
loko;lok.0o;场地[chǎng dì],場地[chǎng dì]
loko;lok.0o;场所[chǎng suǒ],場所[chǎng suǒ]
loksidiĝi;lok.0sidigxi;定居下來[dìng jū xià lái],定居下来[dìng jū xià lái]
lokumi;lok.0umi.arangxi;搁[gē],擱[gē]
lokumi;lok.0umi.arangxi;厝[cuò]
lokumi;lok.0umi.arangxi;置[zhì]
deloki;lok.de0i;移位[yí wèi]
deloki;lok.de0i;媻[pán]
deloki;lok.de0i;挪动[nuó dòng],挪動[nuó dòng]
delokigo;lok.de0igo;偏移[piān yí]
delokigo;lok.de0igo;移动量[yí dòng liàng],移動量[yí dòng liàng]
delokigo;lok.de0igo;位移[wèi yí]
disloki;lok.dis0i;驅散[qū sàn],驱散[qū sàn]
disloki;lok.dis0i;散[sàn]
enlokigi;lok.en0igi;装机[zhuāng jī],裝機[zhuāng jī]
havi lokon;lok.havi0on;发案[fā àn],發案[fā àn]
hejmloko;lok.hejm0o;故乡[gù xiāng],故鄉[gù xiāng]
hejmloko;lok.hejm0o;家园[jiā yuán],家園[jiā yuán]
hejmloko;lok.hejm0o;居所[jū suǒ]
hejmloko;lok.hejm0o;乡[xiāng],鄉[xiāng]
hejmloko;lok.hejm0o;故里[gù lǐ]
hejmloko;lok.hejm0o;來的國家[lái dì guó jiā],来的国家[lái dì guó jiā]
hejmloko;lok.hejm0o;老家[lǎo jiā]
hejmloko;lok.hejm0o;本乡[běn xiāng],本鄉[běn xiāng]
malloka;lok.mal0a;全球[quán qiú]
malloka;lok.mal0a;全球性[quán qiú xìng]
malloka;lok.mal0a;全局性[quán jú xìng]
misloka;lok.mis0a;不伦不类[bù lún bù lèi],不倫不類[bù lún bù lèi]
misloki;lok.mis0i;掖咕[yē gu]
misloka;;錯位[cuò wèi],错位[cuò wèi]
sidloko;lok.sid0o;座[zuò]
sidloko;lok.sid0o;位子[wèi zi]
sidloko;lok.sid0o;座位[zuò wèi]
sidloko;lok.sid0o;席位[xí wèi]
surloke;lok.sur0e;就地[jiù dì]
surloke;lok.sur0e;踏[tà]
surloke;lok.sur0e;实地[shí dì],實地[shí dì]
surloke;lok.sur0e;当即[dāng jí],當即[dāng jí]
surloke;lok.sur0e;席地[xí dì]
surloke;lok.sur0e;现场[xiàn chǎng],現場[xiàn chǎng]
surloke;lok.sur0e;生产现场[shēng chǎn xiàn chǎng],生產現場[shēng chǎn xiàn chǎng]
translokiĝi;lok.trans0igxi;徙[xǐ]
translokiĝi;lok.trans0igxi;迁移[qiān yí],遷移[qiān yí]
unuloka;lok.unu0a.operacio;单值[dān zhí],單値[dān zhí]
lokalo;lokal.0o;所在[suǒ zài]
lokalo;lokal.0o;所在地[suǒ zài dì]
radilokalizilo;lokali.radi0ilo;雷达[léi dá],雷達[léi dá]
radilokalizilo;lokali.radi0ilo;雷达设备[léi dá shè bèi],雷達設備[léi dá shè bèi]
lokaŭto;lokaux.0o;停工[tíng gōng]
lokaŭto;lokaux.0o;关厂[guān chǎng],關廠[guān chǎng]
lokomobilo;lokomo.0o;鍋駝機[guō tuó jī],锅驼机[guō tuó jī]
lokomotivo;lokomo1.0o;火車頭[huǒ chē tóu],火车头[huǒ chē tóu]
lokomotivo;lokomo1.0o;机车[jī chē],機車[jī chē]
lokomotivo;lokomo1.0o;机关车[jī guān chē],機關車[jī guān chē]
lokomotivo;lokomo1.0o;鐵路機車[tiě lù jī chē],铁路机车[tiě lù jī chē]
loksio;loksi.0o;鶡[hé],鹖[hé]
lokusto;lokust.0o;蝗[huáng]
lokusto;lokust.0o;蚂蚱[mà zha],螞蚱[mà zha]
lokusto;lokust.0o;蚱[zhà]
lokusto;lokust.0o;蚂[mà],螞[mà]
langobardoj;lombar.L0oj;伦巴底人[lún bā dǐ rén],倫巴底人[lún bā dǐ rén]
Lombardujo;lombar.L0ujo;伦巴第[lún bā dì],倫巴第[lún bā dì]
lombardejo;lombard.0ejo;当铺[dàng pù],當舖[dàng pù]
lombardejo;lombard.0ejo;典当[diǎn dàng],典當[diǎn dàng]
lombardejo;lombard.0ejo;質鋪[zhì pù],质铺[zhì pù]
lombardejo;lombard.0ejo;典当业[diǎn dāng yè],典當業[diǎn dāng yè]
lombardejo;lombard.0ejo;質庫[zhì kù],质库[zhì kù]
lombardi;;質押[zhì yā],质押[zhì yā]
lombardisto;lombard.0isto;典当商[diǎn dāng shāng],典當商[diǎn dāng shāng]
lombardisto;lombard.0isto;出質人[chū zhí rén],出质人[chū zhí rén]
lombardo;lombard.0o.EKON;證券抵押貸款[zhèng quàn dǐ yá dài kuǎn],证券抵押贷款[zhèng quàn dǐ yá dài kuǎn]
lombardo;lombard.0o.EKON;抵押放款[dǐ yā fàng kuǎn]
Lomeo;lome.0o;洛美[Luò měi]
Londono;london.0o.urbo;伦敦[Lún dūn],倫敦[Lún dūn]
longa;long.0a;悠長[yōu cháng],悠长[yōu cháng]
longa;long.0a;曼[màn]
longa;long.0a;長[cháng],长[cháng]
longe;long.0e.delonge;許久[xǔ jiǔ],许久[xǔ jiǔ]
longe;long.0e.delonge;長期以來[cháng qī yǐ lái],长期以来[cháng qī yǐ lái]
longeco;long.0eco;長[cháng],长[cháng]
longeco;long.0eco;長短[cháng duǎn],长短[cháng duǎn]
longeco;long.0eco;長度[cháng dù],长度[cháng dù]
longo;long.0o;長度[cháng dù],长度[cháng dù]
antaŭlonge;long.antaux0e;很久以前[hěn jiǔ yǐ qián]
antaŭlonge;long.antaux0e;悠远[yōu yuǎn],悠遠[yōu yuǎn]
antaŭlonge;long.antaux0e;老早[lǎo zǎo]
antaŭlonge;long.antaux0e;早年[zǎo nián]
antaŭ nelonga tempo;long.antauxne0e;頃[qǐng],顷[qǐng]
antaŭ nelonga tempo;long.antauxne0e;不久前[bù jiǔ qián]
antaŭ nelonga tempo;long.antauxne0e;頃者[qǐng zhě],顷者[qǐng zhě]
antaŭ nelonga tempo;long.antauxne0e;不久以前[bù jiǔ yǐ qián]
antaŭ nelonga tempo;long.antauxne0e;近日[jìn rì]
delonge;long.de0e;一直以來[yī zhí yǐ lái],一直以来[yī zhí yǐ lái]
delonge;long.de0e;久之[jiǔ zhī]
delonge;long.de0e;許久[xǔ jiǔ],许久[xǔ jiǔ]
delonge;long.de0e;長期以來[cháng qī yǐ lái],长期以来[cháng qī yǐ lái]
delonge;long.de0e;久久[jiǔ jiǔ]
laŭlonge;long.laux0e;沿[yán]
laŭlonge;long.laux0e;沿着[yán zhe],沿著[yán zhe]
laŭlonge de;long.laux0ede;沿[yán]
mallonga;long.mal0a;俴[jiàn]
mallonga;long.mal0a;短暂[duǎn zàn],短暫[duǎn zàn]
mallonga;long.mal0a;简短[jiǎn duǎn],簡短[jiǎn duǎn]
mallonga;long.mal0a;短期[duǎn qī]
mallonga;long.mal0a;暂时地[zàn shí dì],暫時地[zàn shí dì]
mallonga;long.mal0a;短期投資[duǎn qī tóu zī],短期投资[duǎn qī tóu zī]
mallongigi;long.mal0igi;撱[tuǒ]
mallongigi;long.mal0igi;縮短[suō duǎn],缩短[suō duǎn]
mallongigi;long.mal0igi;弄短[nòng duǎn]
mallongigi;long.mal0igi;捷径[jié jìng],捷徑[jié jìng]
mallongigo;long.mal0igo;縮寫[suō xiě],缩写[suō xiě]
mallongigo;long.mal0igo;简称[jiǎn chēng],簡稱[jiǎn chēng]
nelonge;long.ne0e;短促[duǎn cù]
postnelonge;long.postne0e;不久[bù jiǔ]
postnelonge;long.postne0e;不一会[bù yī huì],不一會[bù yī huì]
postnelonge;long.postne0e;既而[jì ér]
longanujo;longan.0arbo;龍眼[lóng yǎn],龙眼[lóng yǎn]
longitudo;longit.0o.AST;經線[jīng xiàn],经线[jīng xiàn]
longitudo;longit.0o.GEOG;經度[jīng dù],经度[jīng dù]
lonicero;lonice.0o;金銀花[jīn yín huā],金银花[jīn yín huā]
lonicero;lonice.0o;忍冬[rěn dōng]
lontana;lontan.0a;遙遙[yáo yáo],遥遥[yáo yáo]
lontana;lontan.0a;渺茫[miǎo máng]
lontana;lontan.0a;緬[miǎn],缅[miǎn]
lorantacoj;lorant1.0oj;槲寄生[hú jì shēng]
Loreno;loren.0o;洛林[luò lín]
lordo;;君[jūn]
lorno;lorn.0o.malgranda;双眼望远镜[shuāng yǎn wàng yuǎn jìng],雙眼望遠鏡[shuāng yǎn wàng yuǎn jìng]
dulorneto;lorn.du0eto;双筒望远镜[shuāng tǒng wàng yuǎn jìng],雙筒望遠鏡[shuāng tǒng wàng yuǎn jìng]
lorno;;望远镜[wàng yuǎn jìng],望遠鏡[wàng yuǎn jìng]
Losanĝeleso;losangxeles.0o.urbo;洛杉矶[Luò shān jī],洛杉磯[Luò shān jī]
lotado;lot.0ado;抽签[chōu qiān],抽籤[chōu qiān]
lotado;lot.0ado;摸彩[mō cǎi]
loteca;lot.0eca;随机[suí jī],隨機[suí jī]
loteca;lot.0eca;偶然[ǒu rán]
loteca;lot.0eca;意外[yì wài]
loti;lot.0i;抽签[chōu qiān],抽籤[chōu qiān]
loti;lot.0i;摸彩[mō cǎi]
lotilo;lot.0ilo;阄[jiū],鬮[jiū]
lotilo;lot.0ilo;彩票[cǎi piào]
loto;lot.0o.0ado;有奖竞赛[yǒu jiǎng jìng sài],有獎競賽[yǒu jiǎng jìng sài]
loto;lot.0o.0ado;猜选仪式[cāi xuǎn yí shì],猜選儀式[cāi xuǎn yí shì]
loto;lot.0o.0ado;竞选仪式[jìng xuǎn yí shì],競選儀式[jìng xuǎn yí shì]
loto;lot.0o.0ado;精选仪式[jīng xuǎn yí shì],精選儀式[jīng xuǎn yí shì]
loto;lot.0o.0ajxo;阄[jiū],鬮[jiū]
lotujo;lot.0ujo;票箱[piào xiāng]
loterio;loteri.0o;摸彩[mō cǎi]
loterio;loteri.0o;搖獎[yáo jiǎng],摇奖[yáo jiǎng]
loterio;loteri.0o;抽奖[chōu jiǎng],抽獎[chōu jiǎng]
loterio;loteri.0o;博彩[bó cǎi]
loterio;loteri.0o;幸运抽奖[xìng yùn chōu jiǎng],幸運抽獎[xìng yùn chōu jiǎng]
loterio;loteri.0o;搖號[yáo hào],摇号[yáo hào]
loterio;loteri.0o;乐透[lè tòu],樂透[lè tòu]
lotoso;lotos.0o;荷[hé]
lotoso;lotos.0o;萏[dàn]
lotoso;lotos.0o;莲[lián],蓮[lián]
lotoso;lotos.0o;蕖[qú]
lotmaŝino;;吹球机[chuī qiú jī],吹球機[chuī qiú jī]
lotmaŝino;;搅珠机[jiǎo zhū jī],攪珠機[jiǎo zhū jī]
lotuso;lotus.0o.akvoplantoj;荷花[hé huā]
lotuso;lotus.0o.akvoplantoj;莲花[lián huā],蓮花[lián huā]
Loveno;loven.L0o;勒芬[lēi fēn]
loza;loz.0a.KOMUNE;松动[sōng dòng],鬆動[sōng dòng]
loza;loz.0a.KOMUNE;松垮[sōng kuǎ],鬆垮[sōng kuǎ]
loza;loz.0a.KOMUNE;涣散[huàn sàn],渙散[huàn sàn]
lozanĝo;lozang.0o.HER;菱形[líng xíng]
lozanĝo;lozang.0o.HER;井号[jǐng hào],井號[jǐng hào]
ludonanto;lu.0donanto;女房东[nǚ fáng dōng],女房東[nǚ fáng dōng]
ludonanto;lu.0donanto;房东[fáng dōng],房東[fáng dōng]
lui;lu.0i;賃[lìn],赁[lìn]
lui;lu.0i;租[zū]
lui;lu.0i;租借[zū jiè]
luigi;lu.0igi;出租[chū zū]
luigi;lu.0igi;租出去[zū chū qù]
luanto;lu.0prenanto;承租人[chéng zū rén]
luanto;lu.0prenanto;房客[fáng kè]
luanto;lu.0prenanto;租客[zū kè]
luanto;lu.0prenanto;承租方[chéng zū fāng]
lupago;lu.0prezo;租金[zū jīn]
lupago;lu.0prezo;房租[fáng zū]
lupago;lu.0prezo;租[zū]
lupago;lu.0prezo;承租人[chéng zū rén]
lupago;lu.0prezo;分經[fēn jīng],分经[fēn jīng]
lupago;lu.0prezo;租約[zū yuē],租约[zū yuē]
vicluigi;lu.vic0igi;轉租[zhuǎn zū],转租[zhuǎn zū]
vicluigi;lu.vic0igi;分租[fēn zū]
Luando;luand.0o.cxefurbo;罗安达[luó ān dá],羅安達[luó ān dá]
lubrikaĵo;lubrik.0ajxo;润滑剂[rùn huá jì],潤滑劑[rùn huá jì]
lubrikaĵo;lubrik.0ajxo;润滑油[rùn huá yóu],潤滑油[rùn huá yóu]
lubrikaĵo;lubrik.0ajxo;润滑油料[rùn huá yóu liào],潤滑油料[rùn huá yóu liào]
lubriki;lubrik.0i;润滑[rùn huá],潤滑[rùn huá]
lubriki;lubrik.0i;抹油[mǒ yóu]
lubrikilo;lubrik.0ilo;注油器[zhù yóu qì]
lucida;lucid.0a;精辟[jīng pì],精闢[jīng pì]
ludema;lud.0ema;玩闹[wán nào],玩鬧[wán nào]
ludema;lud.0ema;貪玩[tān wán],贪玩[tān wán]
ludi;lud.0i;玩耍[wán shuǎ]
ludi;lud.0i;扮演[bàn yǎn]
ludi;lud.0i;弹奏[tán zòu],彈奏[tán zòu]
ludi;lud.0i;游戏[yóu xì],游戲[yóu xì]
ludi;;打牌[dǎ pái]
ludilo;lud.0ilo;玩具[wán jù]
ludilo;lud.0ilo;玩意[wán yì]
ludilo;lud.0ilo;玩物[wán wù]
ludilo;lud.0ilo;玩偶[wán ǒu]
ludilo;lud.0ilo;玩意儿[wán yì r],玩意兒[wán yì r]
ludo;lud.0o;游戏[yóu xì],遊戲[yóu xì]
ludo;lud.0o;博弈[bó yì]
ludo;lud.0o;摴[shū]
antaŭludi;lud.antaux0i;戏[xì],戲[xì]
antaŭludi;lud.antaux0i;上台[shàng tái]
antaŭludi;lud.antaux0i;上台表演[shàng tái biǎo yǎn]
antaŭludi;lud.antaux0i;公共馬車業[gōng gòng mǎ chē yè],公共马车业[gōng gòng mǎ chē yè]
antaŭludi;lud.antaux0i;演出[yǎn chū]
antaŭludi;lud.antaux0i;演[yǎn]
antaŭludo;lud.antaux0o;前奏[qián zòu]
antaŭludo;lud.antaux0o;序幕[xù mù]
baskulludo;lud.baskul0o.POL;摆来摆区[bǎi lái bǎi qū],擺來擺區[bǎi lái bǎi qū]
baskulludo;lud.baskul0o.SPO;压板[yà bǎn],壓板[yà bǎn]
baskulludo;lud.baskul0o.SPO;翘翘板[qiào qiào bǎn],翹翹板[qiào qiào bǎn]
baskulludo;lud.baskul0o.SPO;跷跷板[qiāo qiāo bǎn],蹺蹺板[qiāo qiāo bǎn]
baskulludo;lud.baskul0o.SPO;翘板[qiào bǎn],翹板[qiào bǎn]
ĉampionludo;lud.cxampion0o;錦標賽[jǐn biāo sài],锦标赛[jǐn biāo sài]
ĉampionludo;lud.cxampion0o;冠军赛[guàn jūn sài],冠軍賽[guàn jūn sài]
finludo;lud.fin0o;决赛[jué sài],決賽[jué sài]
flugludilo;lud.flug0ilo;風箏[fēng zhēng],风筝[fēng zhēng]
flugludilo;lud.flug0ilo;紙鷂[zhǐ yào],纸鹞[zhǐ yào]
flugludilo;lud.flug0ilo;鳶[yuān],鸢[yuān]
glitŝtonludo;lud.glitsxton0o;冰壶[bīng hú],冰壺[bīng hú]
hazarda ludo;lud.hazard0o;賭博[dǔ bó],赌博[dǔ bó]
hazarda ludo;lud.hazard0o;幸运游戏[xìng yùn yóu xì],幸運遊戲[xìng yùn yóu xì]
hazarda ludo;lud.hazard0o;抽奖游戏[chōu jiǎng yóu xì],抽獎遊戲[chōu jiǎng yóu xì]
hazarda ludo;lud.hazard0o;碰运气的游戏[pèng yùn qi de yóu xì],碰運氣的遊戲[pèng yùn qi de yóu xì]
hazarda ludo;lud.hazard0o;賭[dǔ],赌[dǔ]
kartludi;lud.kart0i;打牌[dǎ pái]
kartludi;lud.kart0i;玩牌[wán pái]
paciencludo;lud.pacienc0o.karta;独立钻石[dú lì zuàn shí],獨立鑽石[dú lì zuàn shí]
provludi;lud.prov0i;操練[cāo liàn],操练[cāo liàn]
provludi;lud.prov0i;練習[liàn xí],练习[liàn xí]
provludi;lud.prov0i;排練[pái liàn],排练[pái liàn]
rolludo;lud.rol0o;角色扮演[jué sè bàn yǎn]
seksludilo;lud.seks0ilo;情趣用品[qíng qù yòng pǐn]
seksludilo;lud.seks0ilo;情趣玩具[qíng qù wán jù]
seksludilo;lud.seks0ilo;健慰器[jiàn wèi qì]
sportludo;lud.sport0o;体育类游戏[tǐ yù lèi yóu xì],體育類遊戲[tǐ yù lèi yóu xì]
strategia ludo;lud.strategi0o;战略游戏[zhàn lüè yóu xì],戰略遊戲[zhàn lüè yóu xì]
tabulludo;lud.tabul0o;桌游[zhuō yóu],桌遊[zhuō yóu]
tabulludo;lud.tabul0o;棋盘游戏[qí pán yóu xì],棋盤遊戲[qí pán yóu xì]
vetludi;lud.vet0i;签赌[qiān dǔ],簽賭[qiān dǔ]
monludo;lud.vet0o;賭[dǔ],赌[dǔ]
videoludo;lud.vide0o;电玩[diàn wán],電玩[diàn wán]
vortludo;lud.vort0o;双关语[shuāng guān yǔ],雙關語[shuāng guān yǔ]
vortludo;lud.vort0o;双关[shuāng guān],雙關[shuāng guān]
vortludo;lud.vort0o;押韵[yá yùn],押韻[yá yùn]
vortludo;lud.vort0o;捣结实[dǎo jiē shi],搗結實[dǎo jiē shi]
vortludo;lud.vort0o;文字游戏[wén zì yóu xì],文字遊戲[wén zì yóu xì]
vortludo;lud.vort0o;用双关语说服[yòng shuāng guān yǔ shuō fú],用雙關語說服[yòng shuāng guān yǔ shuō fú]
vortludo;lud.vort0o;說俏皮話[shuō qiào pí huà],说俏皮话[shuō qiào pí huà]
vortludo;lud.vort0o;說雙關語[shuō shuāng guān yǔ],说双关语[shuō shuāng guān yǔ]
Ludoviko;ludovik.0o;路易斯[lù yì sī]
Ludoviko;ludovik.0o;路德維希[lù dé wéi xī],路德维希[lù dé wéi xī]
lufo;luf.0o;丝瓜[sī guā],絲瓜[sī guā]
Luizo;luiz.0o.nomo;露易丝[lù yì sī],露易絲[lù yì sī]
Luiziano;luizian.0o;路易斯安那[Lù yì sī ān nà]
Luiziano;luizian.0o;路易斯安那州[Lù yì sī ān nà zhōu]
luko;luk.0o;天窗[tiān chuāng]
luko;luk.0o;舷窗[xián chuāng]
Luko;luk1.0o;路加[lù jiā]
Luko;luk1.0o;卢卡斯[lú kǎ sī],盧卡斯[lú kǎ sī]
lukano;lukan.0o;鍬形蟲[qiāo xíng chóng],锹形虫[qiāo xíng chóng]
lukra;lukr.0a;有利可图[yǒu lì kě tú],有利可圖[yǒu lì kě tú]
lukri;lukr.0i;挣钱[zhèng qián],掙錢[zhèng qián]
lukri;lukr.0i;賺錢[zhuàn qián],赚钱[zhuàn qián]
lukri;lukr.0i;賺[zhuàn],赚[zhuàn]
luksa;luks.0a;奢华[shē huá],奢華[shē huá]
luksa;luks.0a;奢侈[shē chǐ]
luksa;luks.0a;豪华[háo huá],豪華[háo huá]
luksa;luks.0a;忕[tài]
luksa;luks.0a;华贵[huá guì],華貴[huá guì]
luksa;luks.0a;华靡[huá mí],華靡[huá mí]
luksa;luks.0a;菲菲[fēi fēi]
lukso;luks.0o;奢丽[shē lì],奢麗[shē lì]
malluksa;luks.mal0a;清苦[qīng kǔ]
malluksa;luks.mal0a;拙朴[zhuō pǔ],拙樸[zhuō pǔ]
senluksa;luks.sen0ane0a;单纯[dān chún],單純[dān chún]
senluksa;luks.sen0ane0a;简单[jiǎn dān],簡單[jiǎn dān]
senluksa;luks.sen0ane0a;質樸[zhì pǔ],质朴[zhì pǔ]
Luksemburgo;luksemb.L0o;卢森堡[Lú sēn bǎo],盧森堡[Lú sēn bǎo]
Luksemburgio;luksemb1.0o;卢森堡[Lú sēn bǎo],盧森堡[Lú sēn bǎo]
lukti;lukt.0i;搏击[bó jī],搏擊[bó jī]
lukti;lukt.0i;扭打[niǔ dǎ]
lukti;lukt.0i;摔角[shuāi jiǎo]
lukti;lukt.0i;角抵[jué dǐ]
lukti;lukt.0i;摔跤[shuāi jiāo]
lukti;lukt.0i;拼搏[pīn bó]
lukti;lukt.0i;奋战[fèn zhàn],奮戰[fèn zhàn]
lukti;lukt.0i;奋斗[fèn dòu],奮鬥[fèn dòu]
lukti;lukt.0i;打拼[dǎ pīn]
lukto;lukt.0o.SPO;摔角[shuāi jiǎo]
interlukti;lukt.inter0i;豦[qú]
interlukti;lukt.inter0i;对打[duì dǎ],對打[duì dǎ]
lukumo;lukum.0o;土耳其軟糖[Tǔ ěr qí ruǎn táng],土耳其软糖[Tǔ ěr qí ruǎn táng]
lulilo;lul.0ilo;搖籃[yáo lán],摇篮[yáo lán]
luma;lum.0a;光明[guāng míng]
luma;lum.0a;通明[tōng míng]
luma;lum.0a;炳[bǐng]
lumaĵo;lum.0ajxo.KOMUNE;照亮[zhào liàng]
lumaĵo;lum.0ajxo.KOMUNE;光源[guāng yuán]
lumaĵo;lum.0ajxo.KOMUNE;照明器具[zhào míng qì jù]
lumaĵo;lum.0ajxo.KOMUNE;发光体[fā guāng tǐ],發光體[fā guāng tǐ]
lumaĵo;lum.0ajxo.KOMUNE;电灯[diàn dēng],電燈[diàn dēng]
lumi;lum.0i;发亮[fā liàng],發亮[fā liàng]
lumi;lum.0i;照耀[zhào yào]
lumi;lum.0i;照亮[zhào liàng]
lumi;lum.0i;发光[fā guāng],發光[fā guāng]
lumi;lum.0i;光輝[guāng huī],光辉[guāng huī]
lumi;lum.0i;夜光[yè guāng]
lumigi;lum.0igi;照亮[zhào liàng]
lumigi;lum.0igi;照射[zhào shè]
lumigi;lum.0igi;点亮[diǎn liàng],點亮[diǎn liàng]
lumigi;lum.0igi;迪[dí]
lumigilo;lum.0igilo.KOMUNE;照亮[zhào liàng]
lumilo;lum.0ilo;光源[guāng yuán]
lumo;lum.0o;光線[guāng xiàn],光线[guāng xiàn]
lumo;lum.0o;光[guāng]
lumo;lum.0o;光照[guāng zhào]
lumo;lum.0o;灯光[dēng guāng],燈光[dēng guāng]
bremslumo;lum.bremso0o.AUT;刹车灯[shā chē dēng],剎車燈[shā chē dēng]
bremslumo;lum.bremso0o.AUT;停車燈[tíng chē dēng],停车灯[tíng chē dēng]
bremslumo;lum.bremso0o.AUT;刹车后灯[shā chē hòu dēng],剎車後燈[shā chē hòu dēng]
ĉirkaŭlumi;lum.cxirkaux0i;照亮[zhào liàng]
duonlumo;lum.duon0o.AUT;近光灯[jìn guāng dēng],近光燈[jìn guāng dēng]
duonlumo;lum.duon0o.KOMUNE;荫[yìn],蔭[yìn]
duonlumo;lum.duon0o.KOMUNE;黑影[hēi yǐng]
duonlumo;lum.duon0o.KOMUNE;黃昏[huáng hūn],黄昏[huáng hūn]
eklumigi;lum.ek0igi;点着[diǎn zháo],點著[diǎn zháo]
eklumigi;lum.ek0igi;点燃[diǎn rán],點燃[diǎn rán]
eklumigi;lum.ek0igi;焌[jùn]
eklumigi;lum.ek0igi;点火燃烧[diǎn huǒ rán shāo],點火燃燒[diǎn huǒ rán shāo]
eklumigi;lum.ek0igi;燃点[rán diǎn],燃點[rán diǎn]
malluma;lum.mal0a;黑暗[hēi àn]
malluma;lum.mal0a;昏暗[hūn àn]
malluma;lum.mal0a;悜[chěng]
malluma;lum.mal0a;曀[yì]
malluma;lum.mal0a;难以辨认[nán yǐ biàn rèn],難以辨認[nán yǐ biàn rèn]
malluma;lum.mal0a;暝[míng]
malluma;lum.mal0a;晦[huì]
mallumo;lum.mal0o;黑暗[hēi àn]
mallumo;lum.mal0o;幽暗[yōu àn]
mallumo;lum.mal0o;晦[huì]
mallumo;lum.mal0o;黑影[hēi yǐng]
nebullumo;lum.nebul0o.AUT;雾灯[wù dēng],霧燈[wù dēng]
nordlumo;lum.nord0o;北极光[běi jí guāng],北極光[běi jí guāng]
parkadlumoj;lum.park0o.AUT;小灯[xiǎo dēng],小燈[xiǎo dēng]
plenlumo;lum.plen0o.AUT;远光灯[yuǎn guāng dēng],遠光燈[yuǎn guāng dēng]
polusa lumo;lum.polusa0o;极光[jí guāng],極光[jí guāng]
postlumo;lum.post0o.AUT;猫眼[māo yǎn],貓眼[māo yǎn]
postlumo;lum.post0o.AUT;尾灯[wěi dēng],尾燈[wěi dēng]
postlumo;lum.post0o.AUT;車後燈[chē hòu dēng],车后灯[chē hòu dēng]
prilumi;lum.pri0i;照亮[zhào liàng]
prilumi;lum.pri0i;被照亮[bèi zhào liàng]
prilumi;lum.pri0i;被点亮[bèi diǎn liàng],被點亮[bèi diǎn liàng]
prilumi;lum.pri0i;点亮[diǎn liàng],點亮[diǎn liàng]
lumbaĵo;lumb.0ajxo;臀肉[tún ròu]
lumbaĵo;lumb.0ajxo;腩[nǎn]
lumbaĵo;lumb.0ajxo;里脊[lǐ jǐ]
lumbo;lumb.0o;腰部[yāo bù]
lumbo;lumb.0o;恥骨區[chǐ gǔ qū],耻骨区[chǐ gǔ qū]
lumbo;lumb.0o;臀部关节[tún bù guān jié],臀部關節[tún bù guān jié]
lumbaĵo;;腰肉[yāo ròu]
lumbalgio;lumbag.0o;腰痛[yāo tòng]
lumbriko;lumbri.0o;蚓[yǐn]
lumbriko;lumbri.0o;蚯[qiū]
lumbriko;lumbri.0o;螾[yǐn]
lumbriko;lumbri.0o;蟺[shàn]
lumbrikedoj;;蚯蚓[qiū yǐn]
luno;lun.0o;月光[yuè guāng]
luno;lun.0o;月亮[yuè liang]
luno;lun.0o;太阴[tài yīn],太陰[tài yīn]
luno;lun.0o;月亮[yuè liàng]
luno;lun.0o;蟾[chān]
luno;lun.0o;蟾[shān]
duonluno;lun.duon0o;半月[bàn yuè]
duonluno;lun.duon0o;弦[xuán]
duonluno;lun.duon0o;弦月[xián yuè]
duonluno;lun.duon0o;絃[xuán]
duonluno;lun.duon0o;半月形[bàn yuè xíng]
kreskanta luno;lun.kreska0o;月牙[yuè yá]
kreskanta luno;lun.kreska0o;盈月[yíng yuè]
kreskanta luno;lun.kreska0o;朏[fěi]
malkreskanta luno;lun.malkreska0o;残月[cán yuè],殘月[cán yuè]
malkreskanta luno;lun.malkreska0o;下弦月[xià xián yuè]
mielluno;lun.miel0o;蜜月[mì yuè]
mielluno;lun.miel0o;蜜月假期[mì yuè jià qī]
malplena luno;lun.nov0o;朔[shuò]
malplena luno;lun.nov0o;新月[xīn yuè]
malplena luno;lun.nov0o;月缺[yuè quē]
plena luno;lun.plen0o;月圆[yuè yuán],月圓[yuè yuán]
plena luno;lun.plen0o;望月[wàng yuè]
plena luno;lun.plen0o;满月[mǎn yuè],滿月[mǎn yuè]
plena luno;lun.plen0o;望日[wàng rì]
plena luno;lun.plen0o;望[wàng],朢[wàng]
plena luno;lun.plen0o;圆月[yuán yuè],圓月[yuán yuè]
plena luno;lun.plen0o;朢[wàng]
plena luno;lun.plen0o;明月[míng yuè]
lunatiko;lunati.0o.somnambulo;夢遊患者[mèng yóu huàn zhě],梦游患者[mèng yóu huàn zhě]
lunatiko;lunati.0o.somnambulo;夢遊症患者[mèng yóu zhèng huàn zhě],梦游症患者[mèng yóu zhèng huàn zhě]
lunĉo;luncx.0o;零食[líng shí]
lunĉo;luncx.0o;中飯[zhōng fàn],中饭[zhōng fàn]
lunĉo;luncx.0o;午飯[wǔ fàn],午饭[wǔ fàn]
lunĉo;luncx.0o;午餐[wǔ cān]
lupfantomo;lup.0fantomo;狼人[láng rén]
lupido;lup.0ido.SPO;幼兽[yòu shòu],幼獸[yòu shòu]
lupo;lup.0o;狼[láng]
tasmania lupo;lup.tasmania0o;袋狼[dài láng]
lupeo;lupe.0o;放大鏡[fàng dà jìng],放大镜[fàng dà jìng]
lupeno;lupin.0o;羽扇豆属[yǔ shān dòu shǔ],羽扇豆屬[yǔ shān dòu shǔ]
lupeno;lupin.0o;羽扇豆[yǔ shān dòu]
lupolo;lupol.0o;啤酒花[pí jiǔ huā]
lupolo;lupol.0o;蛇麻[shé má]
lupuso;lupus.0o;狼疮[láng chuāng],狼瘡[láng chuāng]
Lupo;;豺狼座[chái láng zuò]
Lusako;lusak.0o;卢萨卡[Lú sà kǎ],盧薩卡[Lú sà kǎ]
Lusako;lusak.0o;路沙卡[lù shā kǎ]
lutaĵo;lut.0ajxo;焊料[hàn liào]
luti;lut.0i;釬[hàn]
luti;lut.0i;鑞[là],镴[là]
luti;lut.0i;軟焊[ruǎn hàn],软焊[ruǎn hàn]
luti;lut.0i;釺焊[qiān hàn],钎焊[qiān hàn]
lutilo;lut.0ilo;电焊枪[diàn hàn qiāng],電焊槍[diàn hàn qiāng]
lutecio;luteci.0o;鑥[lǔ],镥[lǔ]
lutecio;luteci.0o;鎦[liú],镏[liú]
Lutero;luter.0o;馬丁·路德[Mǎ dīng · Lù dé],马丁·路德[Mǎ dīng · Lù dé]
Lutero;luter.0o;馬丁・路德[Mǎ dīng · Lù dé],马丁・路德[Mǎ dīng · Lù dé]
Luterano;luter.l0ano;新教徒[xīn jiào tú]
Luterano;luter.l0ano;路德教会的信徒[lù dé jiào huì dì xìn tú],路德教會的信徒[lù dé jiào huì dì xìn tú]
Luterano;luter.l0ano;信义宗[xìn yì zōng],信義宗[xìn yì zōng]
luterismo;luter.l0ismo;路德宗[Lù dé zōng]
luterismo;luter.l0ismo;路德会[Lù dé huì],路德會[Lù dé huì]
lutro;lutr.0o;獭[tǎ],獺[tǎ]
lutro;lutr.0o;水獭[shuǐ tǎ],水獺[shuǐ tǎ]
lutro;lutr.0o;猵[biān]
marlutro;lutr.mar0o;海獭[hǎi tà],海獺[hǎi tà]
Luzacio;luzaci.0o.regiono;卢萨蒂亚[lú sà dì yà],盧薩蒂亞[lú sà dì yà]
luzerno;luzern.0o;苜蓿[mù xu]
luzerno;luzern.0o;紫花苜蓿[zǐ huā mù sù]
