Gaberono;gaberon.G0o.GEOG;嘉柏隆里[jiā bó lóng lǐ]
Gaberono;gaberon.G0o.GEOG;哈博罗内[hā bó luó nèi]
gablo;gabl.0o;山墙[shān qiáng]
gablo;gabl.0o;山花[shān huā]
Gabono;gabon.G0o;加蓬[jiā péng]
Gabrielo;gabriel.0o;加百利[jiā bǎi lì]
gado;gad.0o.KOMUNE;鱈魚[xuě yú]
gadoformaj;gad.0oformaj;鱈形目[xuě xíng mù]
gadmeso;gadmes.0o;假阴茎[jiǎ yīn jīng]
gadolinio;gadoli.0o;釓[gá]
gaela;gael.0a;盖尔[gài ěr]
gagato;gagat.0o;煤玉[méi yù]
gaja;gaj.0a;恔[xiào]
gaja;gaj.0a;姁[xǔ]
gaja;gaj.0a;悅[yuè]
gaja;gaj.0a;欢乐[huān lè]
gaja;gaj.0a;晢[zhé]
gaja;gaj.0a;昑[qǐn]
gaja;gaj.0a;光光[guāng guāng]
gaja;gaj.0a;乐乐呵呵[lè le he he]
gaja;gaj.0a;高兴的[gāo xìng de]
gaja;gaj.0a;懽[huān]
gaja;gaj.0a;咍[hāi]
gaja;gaj.0a;无忧无虑[wú yōu wú lü]
gajigi;gaj.0igi;热闹[rè nao]
malgaja;;冻僵了[dòng jiāng liǎo]
malgaja;;伤感[shāng gǎn]
malgaja;;怆[chuàng]
malgaja;;悲戚[bēi qī]
malgaja;;怛[dá]
malgaja;;忡[chōng]
malgaja;;憯[cǎn]
malgaja;;凄[qī]
malgaji;gaj.mal0i;扫兴[sǎo xìng]
malgajo;;忧伤[yōu shāng]
gajlo;gajl.0o;瘿[yǐng]
gajni;gajn.0i;制取[zhì qǔ]
gajni;gajn.0i;会赢[huì yíng]
gajni;gajn.0i;獲勝[huò shèng]
gajni;gajn.0i;贏取[yíng qǔ]
gajni;gajn.0i;贏得[yíng dé]
gajni;gajn.0i;制得[zhì dé]
gajni;gajn.0i;博[bó]
gajno;gajn.0o.ago;盈利[yíng lì]
malgajni;gajn.mal0i;失落[shī luò]
malgajni;gajn.mal0i;丟失[diū shī]
malgajni;gajn.mal0i;輸[shū]
malgajni;gajn.mal0i;损失[sǔn shī]
malgajni;gajn.mal0i;遗[yí]
malgajni;gajn.mal0i;失[shī]
malgajni;gajn.mal0i;损[sǔn]
malgajni;gajn.mal0i;丧失[sāng shī]
gik gak;;嘎[gá]
galo;gal.0o;苦胆[kǔ dǎn]
galveziko;gal.0veziko;胆囊[dǎn náng]
galveziko;gal.0veziko;胆[dǎn]
galaksio;galaksi.0o;銀河系[yín hé xì]
galaksio;galaksi.0o;星系[xīng xì]
galaksio;galaksi.0o;河外星系[hé wài xīng xì]
galaksio;galaksi.0o;銀河[yín hé]
galaktozo;galaktoz.0o;半乳糖[bàn rǔ táng]
galanto;galant.0o;雪花莲属[xuě huā lián shǔ]
galanta;galant1.0;任侠[rèn xiá]
galanta;galant1.0;义夫[yì fū]
galanta;galant1.0;矫矫[jiǎo jiǎo]
galanta;galant1.0;殷勤[yīn qín]
galanta;galant1.0;厚道[hòu dao]
galanterio;galant2.0o;綴飾[zhuì shì]
Galapagoj;galapag.0oj;科隆群岛[kē lóng qún dǎo]
galero;galer.0o;船內廚房[chuán nèi chú fáng]
galero;galer.0o;罗马的舰[luó mǎ de jiàn]
galero;galer.0o;舰长用艇[jiàn zhǎng yòng tǐng]
galero;galer.0o;活字盘[huó zì pán]
galero;galer.0o;長方活字盤[cháng fāng huó zì pán]
galero;galer.0o;古代希腊[gǔ dài xī là]
galero;galer.0o;桨战船[jiǎng zhàn chuán]
galero;galer.0o;古代的有桨帆船[gǔ dài de yǒu jiǎng fán chuán]
galerio;galeri.0o;机器的通道[jī qì de tōng dào]
galerio;galeri.0o;走廊[zǒu láng]
galerio;galeri.0o;画廊[huà láng]
galerio;galeri.0o;图库[tú kù]
galerio;galeri.0o;美术馆[měi shù guǎn]
galerio;galeri.0o;相冊[xiāng cè]
galio;gali.0o;枲耳[xǐ ěr]
galio;gali.0o;切肉刀[qiē ròu dāo]
Galileo;galile.0o.BIB;加利利[jiā lì lì]
Galilejo;galilej.0o;伽利略伽利莱[gā lì lüè gā lì lái]
galimatio;galima.0o;叽里咕噜[jī li gū lū]
galimatio;galima.0o;叽里呼噜[jī lǐ hū lū]
galiumo;galium.0o;鎵[jiā]
galjono;galjon.0o.mezurunuo;呏[shēng]
galjono;galjon.0o.mezurunuo;加仑[jiā lún]
galopi;galop.0i;冯[féng]
galopi;galop.0i;趹[jué]
galopi;galop.0i;駆[qū]
galopi;galop.0i;腾[téng]
galopo;galop.0o;疾馳[jí chí]
galvanaĵo;galvan.0ajxo;图版[tú bǎn]
galvanaĵo;galvan.0ajxo;印刷版[yìn shuà bǎn]
galvanaĵo;galvan.0ajxo;版[bǎn]
galvanizi;galvan1.0i;电镀[diàn dù]
galvanometro;galvan2.0o;电流计[diàn liú jì]
gamo;gam.0o.FIG;光学频谱[guāng xué pín pǔ]
gamo;gam.0o.FIG;譜[pǔ]
gamo;gam.0o.FIG;光譜[guāng pǔ]
gamo;gam.0o.FIG;托板[tuō bǎn]
gamaŝo;gamasx.0o;裹腿[guǒ tuǐ]
Gambio;gambi.G0o;冈比亚[gāng bǐ yà]
gambito;gambit.0o;話題[huà tí]
gameto;gamet.0o;生殖細胞[shēng zhí xì bāo]
Ganao;gana.G0o.GEOG;迦納[jiā nà]
Ganao;gana.G0o.GEOG;加納[jiā nà]
gandarvo;gandarv.0o;乾闥婆[gān tà pó]
gango;gang.0o;矿脉[kuàng mài]
ganglio;gangli.0o;神經中樞[shén jīng zhōng shū]
gangreni;gangre.0i;腐[fǔ]
gangreno;gangre.0o.MED;坏死[huài sǐ]
gangstero;gangster.0o;匪徒集团[fěi tú jí tuán]
gangstero;gangster.0o;寇[kòu]
gangstero;gangster.0o;匪徒[fěi tú]
Ganimedo;ganimed.0o;木卫三[mù wèi sān]
ganti;gant.0i;戴手套[dài shǒu tào]
ganto;gant.0o;手笠[shǒu lì]
ganto;gant.0o;手套[shǒu tào]
gapi;gap.0i;呆呆地看[dāi dāi de kàn]
gapi;gap.0i;瞠目[chēng mù]
gapi;gap.0i;瞪眼看[dèng yǎn kàn]
seksogapejo;gap.sekso0ejo;西洋景[xī yáng jǐng]
garaĝo;garagx.0o.ARKI;修理厂[xiū lǐ chǎng]
garaĝo;garagx.0o.ARKI;修理部[xiū lǐ bù]
garantia;garant.0a;受到担保[shòu dào dān bǎo]
garantia;garant.0a;有保障[yǒu bǎo zhàng]
garantiaĵo;garant.0ajxo;保証金[bǎo zhèng jīn]
garantiaĵo;garant.0ajxo;矿床[kuàng chuáng]
garantiaĵo;garant.0ajxo;押金[yā jīn]
garantiaĵo;garant.0ajxo;抵押品[dǐ yā pǐn]
garantianto;garant.0anto;保释担保人[bǎo shì dān bǎo rén]
garantianto;garant.0anto;保證人[bǎo zhèng ren]
garantii;garant.0i;保証[bǎo zhèng]
garantii;garant.0i;包[bāo]
garantii;garant.0i;确保[què bǎo]
garantio;garant.0o;保用證[bǎo yòng zhèng]
garantio;garant.0o;保用[bǎo yòng]
garantio;garant.0o;質保[zhì bǎo]
garantiulo;garant.0ulo;人質[rén zhì]
garbejo;garb.0ejo;廥[kuài]
garbo;garb.0o.FIG;把[bǎ]
gardado;gard.0ado;看管[kān guǎn]
gardado;gard.0ado;照料[zhào liào]
garde;gard.0e;仔細地[zǐ xì de]
garde;gard.0e;謹慎小心[jǐn shèn xiǎo xīn]
garde;gard.0e;留心地[liú xīn de]
gardestari;gard.0estari;守汛[shǒu xùn]
gardostari;gard.0estari;守汛[shǒu xùn]
gardi;;据守[jù shǒu]
gardi;;警備[jǐng bèi]
gardi;;守[shǒu]
gardi;;卫[wèi]
gardilo;gard.0ilo;保险装置[bǎo xiǎn zhuāng zhì]
gardilo;gard.0ilo;保护措施[bǎo hù cuò shī]
gardisto;gard.0isto;看守者[kàn shǒu zhě]
gardisto;gard.0isto;守护者[shǒu hù zhě]
gardisto;gard.0isto;閽[hūn]
gardisto;gard.0isto;哨[shào]
gardo;gard.0o;哨[shào]
gardostaranto;gard.0ostaranto;哨[shào]
antaŭgarda;gard.antaux0a;謹慎小心[jǐn shèn xiǎo xīn]
antaŭgarda;gard.antaux0a;留心地[liú xīn de]
antaŭgarda;gard.antaux0a;能預料[néng yù liào]
antaŭgarda;gard.antaux0a;老謀深算[lǎo móu shēn suàn]
arbargardisto;gard.arbar0isto;守护巡逻人[shǒu hù xún luó rén]
arestgardisto;gard.arest0isto;狱卒[yù zú]
arestgardisto;gard.arest0isto;监狱官[jiān yù guān]
arestgardisto;gard.arest0isto;看守[kàn shǒu]
ĉevalgardisto;gard.cxeval0isto;庄客[zhuāng kè]
ĉevalgardisto;gard.cxeval0isto;农场工人[nóng chǎng gōng rén]
ĉevalgardisto;gard.cxeval0isto;馬伕[mǎ fū]
gardisto;;警卫员[jǐng wèi yuán]
gardisto;;典狱长[diǎn yù zhǎng]
limgardejo;gard.lim0ejo;检查站[jiǎn chá zhàn]
limgardejo;gard.lim0ejo;交叉点[jiāo chā diǎn]
limgardisto;gard.lim0isto;边防军[biān fáng jūn]
limgardisto;gard.lim0isto;守卫边境[shǒu wèi biān jìng]
noktogardisto;gard.nokto0isto;守夜人[shǒu yè rén]
noktogardisto;gard.nokto0isto;守夜者[shǒu yè zhě]
noktogardisto;gard.nokto0isto;値夜[zhí yè]
plaĝogardisto;gard.plagxo0isto;救生员[jiù shēng yuán]
pordogardisto;gard.pordo0isto;守門人[shǒu mén rén]
pordogardisto;gard.pordo0isto;閽[hūn]
pordogardisto;gard.pordo0isto;监门[jiān mén]
pordogardisto;gard.pordo0isto;門衛[mén wèi]
pordogardisto;gard.pordo0isto;看門人[kàn mén rén]
singarda;gard.sin0a;謹慎小心[jǐn shèn xiǎo xīn]
singarda;gard.sin0a;留心地[liú xīn de]
singarda;gard.sin0a;愼密[shèn mì]
singarda;gard.sin0a;把細[bǎ xì]
singarda;gard.sin0a;翼翼[yì yì]
singarda;gard.sin0a;机灵地[jī ling de]
singardeco;gard.sin0eco;警惕程度[jǐng tì chéng dù]
singardeco;gard.sin0eco;戒心[jiè xīn]
singardema;gard.sin0ema;小心[xiǎo xīn]
singardema;gard.sin0ema;謹慎小心[jǐn shèn xiǎo xīn]
singardema;gard.sin0ema;留心地[liú xīn de]
singardema;gard.sin0ema;愼密[shèn mì]
sin gardi;gard.sin0i;小心[xiǎo xīn]
singardo;gard.sin0o;警惕程度[jǐng tì chéng dù]
singardo;gard.sin0o;戒心[jiè xīn]
gardenio;garden.0o;栀子花[zhī zǐ huā]
gargari;gargar.0i;漱[shù]
gargojlo;gargoj.0o;滴水嘴兽[dī shuǐ zuǐ shòu]
garnaĵo;garn.0ajxo0ilo;飾品[shì pǐn]
garni;garn.0i;飾[shì]
garni;garn.0i;妆[zhuāng]
garni;garn.0i;修飾[xiū shì]
garnituro;garnit.0o;套[tào]
garnizono;garniz.0o;駐軍[zhù jūn]
garolo;garol.0o;松鴉[sōng yā]
Garono;garon.0o;加龍河[jiā lóng hé]
gasa;gas.0a;气体组成[qì tǐ zǔ chéng]
gasa;gas.0a;气体[qì tǐ]
gasa;gas.0a;气态[qì tài]
gasbeko;gas.0beko;喷嘴[pēn zuǐ]
gaseca;gas.0eca;气体组成[qì tǐ zǔ chéng]
gaseca;gas.0eca;气体[qì tǐ]
gaseca;gas.0eca;气态[qì tài]
gasujo;gas.0ujo;煤气罐[méi qì guàn]
brulgaso;gas.brul0o;染料气[rǎn liào qì]
brulgaso;gas.brul0o;煤气[méi qì]
brulgaso;gas.brul0o;鍛燒工[duàn shāo gōng]
lumgaso;gas.brul0o;煤气[méi qì]
forcejgaso;gas.forcej0o;温室气体[wēn shì qì tǐ]
larmogaso;gas.larmo0o;催泪瓦斯[cuī lèi wǎ sī]
larmogaso;gas.larmo0o;催泪弹[cuī lèi dàn]
larmogaso;gas.larmo0o;催泪气体[cuī lèi qì tǐ]
mingaso;gas.min0o;瓦斯气[wǎ sī qì]
mustarda gaso;gas.mustarda_0o;芥子气[jiè zǐ qì]
nobla gaso;gas.nobla0o;稀有气体[xī yǒu qì tǐ]
inerta gaso;gas.nobla0o;稀有气体[xī yǒu qì tǐ]
tergaso;gas.ter0o;天然煤气[tiān rán méi qì]
tergaso;gas.ter0o;天然气[tiān rán qì]
gasojlo;gasojl.0o;柴油发动机[chái yóu fā dòng jī]
gastama;gast.0ama;人情味[rén qíng wèi]
gastama;gast.0ama;殷勤招待[yīn qín zhāo dài]
gastamo;gast.0amo;好客[hào kè]
gastamo;gast.0amo;亲切[qīn qiè]
gastejo;gast.0ejo;酒店[jiǔ diàn]
gastejo;gast.0ejo;酒館[jiǔ guǎn]
gastejo;gast.0ejo;酒家[jiǔ jiā]
gastejo;gast.0ejo;羇[jī]
gastejo;gast.0ejo;飲食店[yǐn shí diàn]
gastejo;gast.0ejo;旅舍[lǚ shè]
gastiganto;gast.0iganto.KOMUNE;东道主[dōng dào zhǔ]
gastiganto;gast.0iganto.KOMUNE;主人[zhǔ rén]
gastiganto;gast.0iganto.KOMUNE;宴請者[yàn qǐng zhě]
gastiganto;gast.0iganto.KOMUNE;邀請者[yāo qǐng zhě]
gastiganto;gast.0iganto.KOMUNE;調整者[tiáo zhěng zhě]
gastiganto;gast.0iganto.KOMUNE;东家[dōng jiā]
gastiganto;gast.0iganto.KOMUNE;主办者[zhǔ bàn zhě]
gastiganto;gast.0iganto.KOMUNE;东主[dōng zhǔ]
gastiganto;gast.0iganto.KOMUNE;东[dōng]
gastiganto;gast.0iganto.EKOL;寄主[jì zhǔ]
gastigi;;待客[dài kè]
gasto;gast.0o;嘉宾[jiā bīn]
gasto;gast.0o;招待客人[zhāo dài kè rén]
gasto;gast.0o;宾[bīn]
gasto;gast.0o;客队[kè duì]
gasto;gast.0o;客虫[kè chóng]
gasto;gast.0o;被邀請者[bèi yāo qǐng zhě]
junulargastejo;gast.junular0ejo;青年旅舍[qīng nián lǚ shè]
malgastama;gast.mal0ama;冷淡[lěng dàn]
gasterosteo;gaster.0o;棘魚[jí yú]
gastronomo;gastro.0o;旅館主人[lǚ guǎn zhǔ rén]
gastronomo;gastro.0o;客栈老板[kè zhàn lǎo bǎn]
gastronomio;gastro1.0o;烹飪學[pēng rèn xué]
gastronomio;gastro1.0o;厨艺[chú yì]
gastronomio;gastro1.0o;餐飲業[cān yǐn yè]
gastronomio;gastro1.0o;烹飪術[pēng rèn shù]
gastronomio;gastro1.0o;餐飲[cān yǐn]
gastrostomio;gastro3.0o;烹飪學[pēng rèn xué]
gastrostomio;gastro3.0o;厨艺[chú yì]
gastrostomio;gastro3.0o;餐飲業[cān yǐn yè]
gastrostomio;gastro3.0o;餐飲[cān yǐn]
gastrostomio;gastro3.0o;飲食業[yǐn shí yè]
Gaŭso;gauxs.0o;磁力单位[cí lì dān wèi]
gavio;gavi.0o;潛鳥屬[qián niǎo shǔ]
gazo;gaz.0o;罗[luó]
Gazao;gaza.0o;加沙[jiā shā]
Gazao;gaza.0o;加沙城[jiā shā chéng]
gazelo;gazel.0o;一种小羚羊[yī zhǒng xiǎo líng yáng]
gazelo;gazel.0o;瞪羚[dèng líng]
gazetaro;;传媒[chuán méi]
gazetisto;gazet.0isto;新聞記者[xīn wén jì zhě]
gazetisto;gazet.0isto;記者[jì zhě]
klaĉgazeto;;小型画报[xiǎo xíng huà bào]
klaĉgazeto;;街头小报[jiē tóu xiǎo bào]
klaĉgazeto;;小報[xiǎo bào]
klaĉgazeto;;文摘[wén zhāi]
murgazeto;;壁報[bì bào]
murgazeto;;墙报[qiáng bào]
taggazeto;gazet.tag0o;日報[rì bào]
gazono;gazon.0o;草坪[cǎo píng]
Gdansko;gdansk.0o;但泽[dàn zé]
Geo;ge1.0o;盖娅[gài yà]
geheno;gehen.0o;阴曹[yīn cáo]
geja;gej.0a;同志的[tóng zhì de]
geja;gej.0a;男同性戀的[nán tóng xìng liàn de]
geja;gej.0a;同性戀的[tóng xìng liàn de]
geja;gej.0a;断袖[duàn xiù]
geja;gej.0a;基佬[jī lǎo]
gejo;gej.0o;同性恋者[tóng xìng liàn zhě]
gejo;gej.0o;男同性恋[nán tóng xìng liàn]
gejsero;gejser.0o;烧水锅炉[shāo shuǐ guō lú]
gejsero;gejser.0o;間歇泉[jiàn xiē quán]
gejŝo;gejsx.0o;艺伎[yì jì]
gejŝo;gejsx.0o;艺妓[yì jì]
geko;gek.0o.familiano;檐蛇[yán shé]
geko;gek.0o.familiano;蛇医[shé yī]
geko;gek.0o.familiano;守宫[shǒu gōng]
geko;gek.0o.familiano;四脚蛇[sì jiǎo shé]
gekedoj;geked.0oj;壁虎科[bì hǔ kē]
gelatiĝi;gelat.0igxi;塗凝膠物[tú níng jiāo wù]
gelatiĝi;gelat.0igxi;凝成胶状[níng chéng jiāo zhuàng]
gelatenaĵo;gelate.0ajxo.KUI_besta;冻[dòng]
gelateno;gelate.0o;水胶[shuǐ jiāo]
gelateno;gelate.0o;明胶[míng jiāo]
gelateno;gelate.0o;吉利丁[jí lì dīng]
gelateno;gelate.0o;胶质[jiāo zhì]
Gelderlando;gelder.G0o;海尔德兰省[hǎi ěr dé lán xǐng]
gelozo;geloz.0o;石花胶[shí huā jiāo]
gemisto;gem.0isto;磨宝石工[mó bǎo shí gōng]
gemo;gem.0o.MIN;璨[càn]
gemo;gem.0o.MIN;玤[bàng]
gemo;gem.0o.MIN;璥[jǐng]
gemo;gem.0o.MIN;璠[fán]
gemo;gem.0o.MIN;珙[gǒng]
gemuta;gemut.0a;从从容容[cóng cóng róng róng]
gemuta;gemut.0a;悠然自得[yōu rán zì dé]
gemuta;gemut.0a;慢悠悠[màn yōu yōu]
gemuta;gemut.0a;惬意[qiè yì]
gemuta;gemut.0a;昫[xù]
gemuta;gemut.0a;随意[suí yì]
genaro;gen.0aro;基因組[jī yīn zǔ]
geno;gen.0o;遗传因子[yí chuán yīn zǐ]
genciano;gencia.0o;龍膽[lóng dǎn]
gencianacoj;gencia1.0oj;龍膽科[lóng dǎn kē]
genealogia;geneal.0a;宗系[zōng xì]
genealogia;geneal.0a;家系[jiā xì]
genealogio;geneal.0o;系譜[xì pǔ]
generacio;genera.0o;世代[shì dài]
generacio;genera.0o;輩[bèi]
generacio;genera.0o;曹[cáo]
generalo;genera1.0o;大将[dà jiāng]
generalo;genera1.0o;将军[jiāng jūn]
transgeneraica;;代际[dài jì]
ĉefgeneralo;genera1.cxef0o;錢江一橋[qián jiāng yī qiáo]
generatoro;genera2.0o;发生炉[fā shēng lú]
generatoro;genera2.0o;振荡器[zhèn dàng qì]
genetika;;生物起源学[shēng wù qǐ yuán xué]
genetika;;遗传学的[yí chuán xué de]
genetika;;遗传[yí chuán]
genetikisto;;遗传学者[yí chuán xué zhě]
genetiko;genetik.0o;基因学[jī yīn xué]
genezo;genez.0o.SCI;淵源[yuān yuán]
genezo;genez.0o.SCI;出身[chū shēn]
genia;geni.0a;八斗才[bā dǒu cái]
genia;geni.0a;有才能地[yǒu cái néng de]
genia;geni.0a;賢明地[xián míng de]
genia;geni.0a;有创造性[yǒu chuàng zào xìng]
genia;geni.0a;天才[tiān cái]
genio;geni.0o.intelekto;奇才[qí cái]
genio;geni.0o.intelekto;天才[tiān cái]
genio;geni.0o.dajmono;叠影[dié yǐng]
genio;geni.0o.dajmono;精灵[jīng líng]
geniulo;;天才[tiān cái]
geniulo;;奇才[qí cái]
genisto;genist.0o;金雀花[jīn què huā]
genitalo;genital.0o;外生殖器[wài shēng zhí qì]
genocido;genocid.0o;集体屠杀[jí tǐ tú shā]
genocido;genocid.0o;种族大屠杀[zhǒng zú dà tú shā]
genocido;genocid.0o;种族灭绝[zhǒng zú miè jué]
genitivo;geniti.0o;第二格[dì èr gé]
genomo;genom.0o.GNT;基因組[jī yīn zǔ]
genotipo;genotip.0o.GNT;基因型[jī yīn xíng]
genro;genr.0o.GRA;性[xìng]
genro;genr.0o.BIO;物种[wù zhǒng]
ingenro;genr.in0o;雌性[cī xìng]
gento;gent.0o.familio;宗族[zōng zú]
Gento;gent1.G0o;根特[gēn tè]
genui;genu.0i;跪[guì]
genui;genu.0i;下跪[xià guì]
genui;genu.0i;跽[jì]
genuigi;genu.0igi;压服[yā fú]
genuiĝi;genu.0igxi;跪下[guì xia]
ekgenui;genu.0igxi;跪[guì]
ekgenui;genu.0igxi;下跪[xià guì]
ekgenui;genu.0igxi;跽[jì]
genuo;genu.0o;膝盖[xī gài]
genuo;genu.0o;膝[xī]
surgenui;genu.sur0i;跪[guì]
surgenui;genu.sur0i;下跪[xià guì]
surgenui;genu.sur0i;跽[jì]
geocentrismo;geocentr.0ismo;地心說[dì xīn shuō]
geodo;geod.0o;异质晶簇[yì zhì jīng cù]
geodo;geod.0o;晶洞[jīng dòng]
geodezio;geodez.0o;大地测量学[dà dì cè liáng xué]
geodezio;geodez.0o;测地线[cè de xiàn]
geodezio;geodez.0o;测地学[cè de xué]
geofiziko;geofiz.0o;地球物理学[dì qiú wù lǐ xué]
geografo;geogra.0o;地理学者[dì lǐ xué zhě]
geografo;geogra.0o;地理工作者[dì lǐ gōng zuò zhě]
geografiisto;geogra1.0isto;地理学者[dì lǐ xué zhě]
geografiisto;geogra1.0isto;地理工作者[dì lǐ gōng zuò zhě]
geografio;geogra1.0o;地理[dì lǐ]
geografio;geogra1.0o;地里[dì lǐ]
fizika geografio;;自然地理学[zì rán dì lǐ xué]
geoĥemio;geohxemi.0o;地球化学[dì qiú huà xué]
geokemio;geohxemi.0o;地球化学[dì qiú huà xué]
geologo;geolog.0o;地質學家[dì zhì xué jiā]
geologiisto;geolog1.0isto;地質學家[dì zhì xué jiā]
geologio;geolog1.0o;地質學[dì zhì xué]
geologio;geolog1.0o;地質[dì zhì]
geometria;geomet1.0a;几何形状[jǐ hé xíng zhuàng]
geometria;geomet1.0a;几何[jǐ hé]
geometrio;geomet1.0o;几何学[jǐ hé xué]
geometrio;geomet1.0o;几何关系[jǐ hé guān xi]
analitika geometrio;geomet1.analitika0o;解析几何[jiě xī jǐ hé]
geomorfologio;;地貌学[dì mào xué]
Georgo;georg.0o;乔治[qiáo zhì]
Georgo;georg.0o;于尔根[yú ěr gēn]
georgino;georgi.0o;天竺牡丹[tiān zhú mǔ dān]
geostrategio;;战略学[zhàn lüè xué]
geostrategio;;地緣戰略[dì yuán zhàn lüè]
geoterma;geoterm.0a;地热[de rè]
geotermismo;geoterm.0ismo;地热能[dì rè néng]
geotermiko;geotermik.0o;地热能[dì rè néng]
geotrupo;geotru.0o;屎壳郎[shǐ ké láng]
geotrupo;geotru.0o;蜣螂[qiāng láng]
geotrupo;geotru.0o;蜣[qiāng]
gepardo;gepard.0o;猎豹车[liè bào chē]
gepardo;gepard.0o;猎豹[liè bào]
gepardo;gepard.0o;印度豹[yìn dù bào]
geranio;gerani.0o;老鸛草[lǎo guàn cǎo]
geraniacoj;gerani1.0oj;老鸛草[lǎo guàn cǎo]
gerbilo;gerbil.0o;沙鼠[shā shǔ]
Gerardo;;杰勒德[jié lēi dé]
gerilo;geril.0o;游击战[yóu jī zhàn]
germaniumo;german.0o;鈒[jí]
germaniumo;german.0o;鍺[zhě]
germana;german1.0a;德文[dé wén]
germana;german1.0a;德意志[dé yì zhì]
germana;german1.0a;說德語[shuō dé yǔ]
germana;german1.0a;德[dé]
germano;german1.0o.naciano;德国人[dé guó rén]
Germanujo;german1.G0ujo;德国[dé guó]
judgermana lingvo;german1.jud0alingvo;意第緒語[yì dì xù yǔ]
Germanio;germani.G0o;德国[dé guó]
gerontologio;gerontologi.0o;老年医学[lǎo nián yī xué]
gestadi;gest.0adi;比手画脚[bǐ shǒu huà jiǎo]
gestadi;gest.0adi;揶[yé]
gestadi;gest.0adi;手舞足蹈[shǒu wǔ zú dǎo]
gestadi;gest.0adi;㧑[huī]
gestadi;gest.0adi;挥舞[huī wǔ]
gesto;;姿态[zī tài]
geto;get.0o;聚居点[jù jū diǎn]
geto;get.0o;犹太人区[yóu tài rén qū]
gibono;;長臂猿科[cháng bì yuán kē]
giga-;giga.0;千兆[qiān zhào]
giganta;gigant.0a;巨客[jù kè]
giganta;gigant.0a;巨[jù]
giganta;gigant.0a;硕大无朋[shuò dà wú péng]
giganta;gigant.0a;巨型[jù xíng]
giganta;gigant.0a;特大[tè dà]
giganta;gigant.0a;巨大[jù dà]
giganto;gigant.0o;庞然大物[páng rán dà wù]
giganto;gigant.0o;巨客[jù kè]
giganto;gigant.0o;巨人[jù rén]
Gilberto;;吉伯[jí bó]
gildo;gild.0o;公会[gōng huì]
gildo;gild.0o;基尔特[jī ěr tè]
gildo;gild.0o;同业公会[tóng yè gōng huì]
Gilgameŝo;gilgamesx.0o;吉尔伽美什史诗[jí ěr gā měi shí shǐ shī]
giloŝaĵo;gilosx.0ajxo;扭索飾[niǔ suǒ shì]
giloŝi;gilosx.0i;扭索飾花紋[niǔ suǒ shì huā wén]
gimnasto;gimnas.0o;体操运动员[tǐ cāo yùn dòng yuán]
gimnastejo;;体育馆[tǐ yù guǎn]
gimnastejo;;健身室[jiàn shēn shì]
gimnastikejo;;健身室[jiàn shēn shì]
gimnastikejo;;体育馆[tǐ yù guǎn]
gimnastiki;gimnas1.0i;自由体操[zì yóu tǐ cāo]
gimnastiki;gimnas1.0i;器械体操[qì xiè tǐ cāo]
gimnastikisto;gimnas1.0isto;体操运动员[tǐ cāo yùn dòng yuán]
gimnastiko;gimnas1.0o;体操[tǐ cāo]
gimnazio;gimnaz.0o;高級文理中學[gāo jí wén lǐ zhōng xué]
gimnospermoj;gimnos.0oj;裸子植物[luǒ zǐ zhí wù]
ginekologo;gineko.0o;妇科医师[fù kē yī shī]
ginekologiisto;gineko1.0isto;妇科医师[fù kē yī shī]
ginekologio;gineko1.0o;妇科学[fù kē xué]
ginekologio;gineko1.0o;妇产科学[fù chǎn kē xué]
gingivo;gingiv.0o;牙齦[yá yín]
ginko;gink.0o.arbo;白果樹[bái guǒ shù]
ginko;gink.0o.arbo;白果[bái guǒ]
ginko;gink.0o.arbo;公孙树[gōng sūn shù]
ginko;gink.0o.arbo;銀杏[yín xìng]
ginsengo;ginseng.0o;蔘[shēn]
ginsengo;ginseng.0o;人蔘[rén sēn]
ginsengo;ginseng.0o;葠[shēn]
ginsengo;ginseng.0o;人参[rén shēn]
gipsi;gips.0i.KON;塗以膏泥[tú yǐ gāo ní]
gipsi;gips.0i.KON;敷膏药[fū gāo yào]
gipsi;gips.0i.KON;敷以石膏[fū yǐ shí gāo]
gipso;gips.0o;石膏[shí gāo]
gipso;gips.0o;硫酸鈣[liú suān gài]
girlando;girlan.0o;花环[huā huán]
girlando;girlan.0o;花彩[huā cǎi]
girlando;;花环[huā huán]
girlando;;花彩[huā cǎi]
giroskopo;girosk.0o;回轉儀[huí zhuǎn yí]
giroskopo;girosk.0o;陀螺[tuó luó]
gisaĵo;gis.0ajxo.muldita;潎[pì]
gisaĵo;gis.0ajxo.muldita;浇注[jiāo zhù]
gisaĵo;gis.0ajxo.muldita;鑄成品[zhù chéng pǐn]
gisaĵo;gis.0ajxo.muldita;鑄鐵件[zhù tiě jiàn]
gisfero;gis.0fero;鐵鑄[tiě zhù]
gisi;gis.0i.muldi;鑄[zhù]
gisi;gis.0i.muldi;浇铸[jiāo zhù]
gisi;gis.0i.muldi;注[zhù]
gisisto;gis.0isto.muldisto;鑄造工[zhù zào gōng]
gisisto;gis.0isto.muldisto;鑄工[zhù gōng]
giso;;鎔鑄[róng zhù]
gisto;gist.0o;麥啤[mài pí]
gisto;gist.0o;麯[qú]
gisto;gist.0o;麴[qū]
gisto;gist.0o;糱[niè]
gisto;gist.0o;酵[jiào]
gisto;gist.0o;酴[tú]
gitaro;gitar.0o;吉他[jí tā]
Gizo;giz.0o;吉萨[jí sà]
glaceigi;glace.0igi;砑[yà]
malglacea;glace.mal0a;幽幽[yōu yōu]
malglacea;glace.mal0a;困[kùn]
malglacea;glace.mal0a;无神[wú shén]
glacia;glaci.0a;凛凛[lǐn lǐn]
glacia;glaci.0a;霜[shuāng]
glaciaĵo;glaci.0ajxo;冰糕[bīng gāo]
glaciaĵo;glaci.0ajxo;冰淇淋[bīng qí lín]
glaciaĵo;glaci.0ajxo;冰激凌[bīng jī líng]
glaciaĵo;glaci.0ajxo;雪糕[xuě gāo]
glaciaro;glaci.0aro;冰川[bīng chuān]
glaciejo;glaci.0ejo.GEOG;冰川[bīng chuān]
glacio;glaci.0o;冰[bīng]
glacipluvo;glaci.0pluvo;霰雪子雨凇[xiàn xuě zǐ yǔ sōng]
glacirompilo;glaci.0rompilo;破冰船[pò bīng chuán]
glaciŝarnko;;冷冻柜[lěng dòng guì]
glaĉero;glacxer.0o;冰川[bīng chuān]
gladi;glad.0i;熅[yùn]
gladi;glad.0i;烫[tàng]
gladilo;glad.0ilo;熨斗[yùn dǒu]
negladenda;;免烫[miǎn tàng]
gladiatoro;gladia.0o;战士[zhàn shì]
gladiatoro;gladia.0o;斗兽士[dòu shòu shì]
gladiatoro;gladia.0o;斗士[dòu shì]
gladiolo;gladio.0o;唐菖蒲[táng chāng pú]
gladiolo;gladio.0o;剑兰[jiàn lán]
Glagolico;glagolic.0o;格拉哥里字母[gé lā gē lǐ zì mǔ]
glano;glan.0o.BOT;橡子[xiàng zǐ]
glano;glan.0o.BOT;橡实[xiàng shí]
glano;glan.0o.ANA;龜頭[guī tóu]
glano;glan.0o.ANA;阴茎头[yīn jīng tóu]
glando;gland.0o;腺[xiàn]
glando;gland.0o;腺体[xiàn tǐ]
surrena glando;gland.surrena0o;肾上腺[shèn shàng xiàn]
glaso;glas.0o;玻璃[bō li]
glaso;glas.0o;玻璃鏡片[bō li jìng piàn]
glaso;glas.0o;甒[wǔ]
Glasgovo;glasgov.0o.urbo;格拉斯哥[gé lā sī gē]
glata;glat.0a;一径[yī jìng]
glata;glat.0a;光滑[guāng huá]
glata;glat.0a;公然[gōng rán]
glata;glat.0a;直截了当[zhí jié liǎo dàng]
glata;glat.0a;順利[shùn lì]
glata;glat.0a;平坦[píng tǎn]
glata;glat.0a;滑[huá]
glatigi;glat.0igi;抿[mǐn]
glatigi;glat.0igi;拉直[lā zhí]
glatigi;glat.0igi;磨光[mò guāng]
glatigi;glat.0igi;弄平[nòng píng]
malglata;glat.mal0a;聒[guō]
malglata;glat.mal0a;詻[è]
malglata;glat.mal0a;糲[lì]
malglata;glat.mal0a;麤[cū]
malglata;glat.mal0a;屝[fèi]
malglata;glat.mal0a;儊[chù]
malglata;glat.mal0a;险[xiǎn]
glaŭka;glauxk1.0a;蓝绿色[lán lü sè]
glaŭka;glauxk1.0a;水鴨[shuǐ yā]
glaŭka;glauxk1.0a;蓝绿[lán lü]
glaŭka;glauxk1.0a;鳧綠[fú lü]
glaŭka;glauxk1.0a;鴨綠色[yā lü sè]
glavingo;glav.0ingo;膣[zhì]
glavo;glav.0o;剣[jiàn]
glavo;glav.0o;劒[jiàn]
glavo;glav.0o;剱[jiàn]
glavo;glav.0o;劔[jiàn]
glavo;glav.0o;釼[jiàn]
glavo;glav.0o;干戈[gàn gē]
glavo;glav.0o;鋣[yé]
glavo;glav.0o;剑[jiàn]
glazuri;glazur.0i;鑲玻璃[xiāng bō li]
glazuri;glazur.0i;塗釉[tú yòu]
glazuro;glazur.0o.KUI;糖霜[táng shuāng]
glazuro;glazur.0o.KUI;二层釉[èr céng yòu]
glazuro;glazur.0o.KUI;釉[yòu]
glazuro;glazur.0o.KUI;覆冰[fù bīng]
glazuro;glazur.0o.KUI;上釉[shàng yòu]
glekomo;glekom.0o;金錢薄荷[jīn qián bò he]
glicerino;glicer3.0o;甘醇[gān chún]
glicerino;glicer3.0o;丙三醇[bǐng sān chún]
glicerino;glicer3.0o;甘油[gān yóu]
glicineo;glicin1.0o;藤萝[téng luó]
glicirizaĵo;glicir.0ajxo;甘草[gān cǎo]
glicirizo;glicir.0o;苷[gān]
glikozo;glikoz.0o;葡萄糖[pú táo táng]
glikozo;glikoz.0o;葡萄糖[pú tao táng]
glukozo;glikoz.0o;葡萄糖[pú táo táng]
glukozo;glikoz.0o;葡萄糖[pú tao táng]
glimi;glim.0i;淡光[dàn guāng]
glimi;glim.0i;熒熒[yíng yíng]
glimo;glim.0o;云母[yún mǔ]
gliptiko;glipti.0o;石刻[shí kè]
gliptodonto;glipto.0o;彫齒獸[diāo chǐ shòu]
glisilo;glis.0ilo;水上飛機[shuǐ shàng fēi jī]
glisilo;glis.0ilo;滑行者[huá xíng zhě]
glisilo;glis.0ilo;滑翔机[huá xiáng jī]
glita;glit.0a;滑的[huá de]
glita;glit.0a;溜滑[liū huá]
glita;glit.0a;油[yóu]
gliti;glit.0i.sursxovigxi;滑倒[huā dǎo]
gliti;glit.0i.sursxovigxi;跶[dā]
gliti;glit.0i.sursxovigxi;蹉[cuō]
gliti;glit.0i.sursxovigxi;踜[lèng]
gliti;glit.0i.sursxovigxi;溜走[liū zǒu]
glitiga;glit.0iga;滑的[huá de]
glitilo;glit.0ilo;扒犁[pá li]
glitilo;glit.0ilo;冰刀鞋[bīng dāo xié]
glitkuri;glit.0kuri;滑冰[huá bīng]
glito;glit.0o.FON;滑音[huá yīn]
glitpunkta;glit.0punkta;浮点[fú diǎn]
deglitejo;glit.de0ejo;滑梯[huá tī]
deglitejo;glit.de0ejo;滑槽[huá cáo]
deglitejo;glit.de0ejo;溜滑梯[liū huá tī]
degliti;;滑下[huá xià]
degliti;;滑落[huá luò]
degilitilo;;滑梯[huá tī]
degilitilo;;滑槽[huá cáo]
degilitilo;;溜滑梯[liū huá tī]
elgliti;glit.el0i.nerimarkite;蹽[liāo]
elgliti;glit.el0i.nerimarkite;摔跟头[shuāi gēn tou]
elgliti;glit.el0i.nerimarkite;溜[liū]
globa;glob.0a.FORM;球形[qiú xíng]
terglito;;土石流[tǔ shí liú]
terglito;;土崩[tǔ bēng]
terglito;;山体滑坡[shān tǐ huá pō]
terglito;;山崩[shān bēng]
terglito;;山泥倾泻[shān ní qīng xiè]
globeto;glob.0eto;水珠[shuǐ zhū]
globeto;glob.0eto;小球[xiǎo qiú]
globeto;glob.0eto;丸[wán]
globo;glob.0o.FORM;枪弹[qiāng dàn]
globo;glob.0o.FORM;弹[dàn]
globo;glob.0o.FORM;珠[zhū]
platglobo;glob.plat0o;世界地图[shì jiè dì tú]
globuso;globus.0o;地球仪[dì qiú yí]
glora;glor.0a;咺[xuǎn]
glora;glor.0a;曜[yào]
glora;glor.0a;耀[yào]
glori;glor.0i;頌[sòng]
glori;glor.0i;嘉許[jiā xǔ]
glori;glor.0i;讚譽[zàn yù]
glori;glor.0i;闁[bāo]
glori;glor.0i;褒[bāo]
glorigi;glor.0igi;頌[sòng]
glorigi;glor.0igi;标榜[biāo bǎng]
gloro;glor.0o;名誉[míng yù]
gloro;glor.0o;光[guāng]
malglora;glor.mal0a;不出名[bù chū míng]
malglora;glor.mal0a;可恥[kě chǐ]
malglori;glor.mal0i;謾罵[mán mà]
malglori;glor.mal0i;呰[zǐ]
malgloriga;glor.mal0iga;不光彩[bù guāng cǎi]
malgloriga;glor.mal0iga;无耻[wú chǐ]
malgloro;glor.mal0o;玷[diàn]
malgloro;glor.mal0o;恥辱[chǐ rǔ]
glosaro;glos.0aro;詞彙表[cí huì biǎo]
glosaro;glos.0aro;朮語詞典[shù yǔ cí diǎn]
glosaro;glos.0aro;字彙[zì huì]
gloto;glot.0o;声门[shēng mén]
gluaĵo;glu.0ajxo.bildo;带不干胶的便条[dài bù gān jiāo de biàn tiáo]
gluaĵo;glu.0ajxo.bildo;胶纸[jiāo zhǐ]
gluaĵo;glu.0ajxo.bildo;标贴[biāo tiē]
gluaĵo;glu.0ajxo.bildo;即时贴[jí shí tiē]
glui;glu.0i;貼[tiē]
glui;glu.0i;粘着[nián zhuó]
glui;glu.0i;粘接[zhān jiē]
glui;glu.0i;块多[kuài duō]
glui;glu.0i;粘在一起[zhān zài yì qǐ]
glui;glu.0i;糊[hú]
gluiĝi;glu.0igxi;黏貼[nián tiē]
gluilo;glu.0ilo;粘合劑[nián hé jì]
gluilo;glu.0ilo;粘接材料[zhān jiē cái liào]
gluilo;glu.0ilo;粘剂[zhān jì]
gluilo;glu.0ilo;密封胶[mì fēng jiāo]
gluilo;glu.0ilo;粘胶[zhān jiāo]
gluilo;glu.0ilo;胶合剂[jiāo hé jì]
gluilo;glu.0ilo;胶粘剂[jiāo zhān jì]
gluilo;glu.0ilo;胶[jiāo]
gluilo;glu.0ilo;木工胶[mù gōng jiāo]
gluilo;glu.0ilo;糨糊[jiàng hu]
gluilo;glu.0ilo;糊[hú]
gluo;glu.0o;胶合剂[jiāo hé jì]
gluo;glu.0o;胶粘剂[jiāo zhān jì]
gluo;glu.0o;糊[hú]
gluo;glu.0o;粘合劑[nián hé jì]
gluo;glu.0o;粘接材料[zhān jiē cái liào]
gluo;glu.0o;粘剂[zhān jì]
gluo;glu.0o;密封胶[mì fēng jiāo]
gluo;glu.0o;粘胶[zhān jiāo]
alglui;glu.al0i;貼上[tiē shàng]
algluiĝi;glu.al0igxi;附着[fù zhe]
algluiĝi;glu.al0igxi;黏附[nián fù]
kunglui;;块多[kuài duō]
kunglui;;粘在一起[zhān zài yì qǐ]
malglui;glu.mal0i;仳[pǐ]
malglui;glu.mal0i;局部[jú bù]
malglui;glu.mal0i;构件[gòu jiàn]
glucido;glucid.0o;糖类[táng lèi]
glucido;glucid.0o;醣[táng]
glucido;glucid.0o;碳水化合物[tàn shuǐ huà hé wù]
glugli;glugl.0i;瘶口[sòu kǒu]
glugli;glugl.0i;汩汩[gǔ gǔ]
glugli;glugl.0i;嗽口[sòu kǒu]
glugli;glugl.0i;漱口[shù kǒu]
glugli;glugl.0i;瘶[sòu]
glugli;glugl.0i;嗽[sòu]
glumo;glum.0o;穎[yǐng]
glutejo;glut.0ejo;嗌[yì]
glutejo;glut.0ejo;咽头[yān tóu]
gluti;glut.0i;咽[yàn]
gluti;glut.0i;吞下[tūn xià]
gluti;glut.0i;嚃[tà]
gluti;glut.0i;吞[tūn]
gluto;glut.0o;满满一口[mǎn mǎn yī kǒu]
gluto;glut.0o;咕噜咕噜饮[gū lū gū lū yǐn]
gluto;glut.0o;吞飲[tūn yǐn]
gluto;glut.0o;一次吞飲量[yī cì tūn yǐn liàng]
gluto;glut.0o;忍气[rěn qì]
gluto;glut.0o;牛飲[niú yǐn]
gluto;glut.0o;吞咽[tūn yān]
engluti;glut.en0i;吞吃[tūn chī]
engluti;glut.en0i;交織在一起[jiāo zhī zài yì qǐ]
engluti;glut.en0i;席卷[xí juǎn]
engluti;glut.en0i;大吃[dà chī]
engluti;glut.en0i;牛飲[niú yǐn]
forgluti;glut.for0i;咽[yàn]
forgluti;glut.for0i;哙[kuài]
glutamato;glutamat.0o;穀氨酸[gǔ ān suān]
glutamato;glutamat.0o;穀胺酸[gǔ ān suān]
glutamato;glutamat.0o;味精[wèi jīng]
gluteo;glute.0o;頰[jiá]
gluteo;glute.0o;頤[yí]
gluteno;gluten.0o;面筋[miàn jīn]
gnejso;gnejs.0o;岩土体[yán tǔ tǐ]
gnejso;gnejs.0o;片麻岩[piàn má yán]
gneto;gnet.0o;买麻藤科[mǎi má téng kē]
gnetoplantoj;gnet.0oplantoj;买麻藤目[mǎi má téng mù]
gnoma;gnom.0a;矮矮的[ǎi ǎi de]
gnomo;gnom.0o;土地神[tǔ dì shén]
gnomo;gnom.0o;侏儒[zhū rú]
gnostikismo;gnostik.0ismo;諾斯替教[nuò sī tì jiào]
gnostikismo;gnostik.0ismo;諾斯底主義[nuò sī dǐ zhǔ yì]
gnostiko;gnostik.0o.REL;真知[zhēn zhī]
gnozo;gnoz.0o;真知[zhēn zhī]
gnuo;gnu.0o;牛羚[niú líng]
gnuo;gnu.0o;角馬[jué mǎ]
gobeleno;gobelen.0o;挂毡[guà zhān]
gobeleno;gobelen.0o;織錦畫[zhī jǐn huà]
gobeleno;gobelen.0o;繡帷[xiù wéi]
gobelino;gobelen.0o;挂毡[guà zhān]
gobelino;gobelen.0o;織錦畫[zhī jǐn huà]
gobelino;gobelen.0o;繡帷[xiù wéi]
Godfredo;godfred.0o;戈特弗裡德[gē tè fú lǐ dé]
goeleto;goelet.0o;縱帆船[zòng fán chuán]
golejisto;gol.0ejisto;守門員[shǒu mén yuán]
golejisto;gol.0ejisto;看門人[kàn mén rén]
golejo;gol.0ejo;球門[qiú mén]
golo;gol.0o;球門[qiú mén]
golfeto;golf.0eto;隩[yù]
golfeto;golf.0eto;海湾[hǎi wān]
golfeto;golf.0eto;湾[wān]
Persa Golfo;golf.Persa0o;波斯湾[bō sī wān]
golfludo;golf1.0o;高尔夫球[gāo ěr fū qiú]
gombo;gomb.0o;秋葵[qiū kuí]
gondolo;gondol.0o;狭长小船[xiá cháng xiǎo chuán]
gondolo;gondol.0o;两头尖的平底船[liǎng tóu jiān de píng dǐ chuán]
Gondvano;;冈瓦那大陆[gāng wǎ nà dà lù]
gongo;gong.0o;鑼[luó]
gonoreo;gonore.0o.MED;淋病[lín bìng]
gorgono;gorgon.0o;蛇发女妖[shé fǎ nǚ yāo]
gorgono;gorgon.0o;戈耳貢[gē ěr gòng]
gorĝo;gorgx.0o;吭[háng]
gorĝo;gorgx.0o;咙[lóng]
gorĝo;gorgx.0o;哙[kuài]
gorĝo;gorgx.0o;喉[hóu]
ruĝgorĝulo;gorgx.rugx0ulo.ZOO;欧洲知更鸟[ōu zhōu zhī gèng niǎo]
ruĝgorĝulo;gorgx.rugx0ulo.ZOO;知更鳥[zhī gēng niǎo]
gorilo;goril.0o;大猩猩[dà xīng xīng]
gospelo;gospel.0o;福音音乐[fú yīn yīn yuè]
gota;got.0a;哥特式[gē tè shì]
Gotamo;gotam.0o;释迦牟尼[shì jiā móu ní]
gotika;gotik.0a;哥特式[gē tè shì]
gotiko;gotik.0o;哥特[gē tè]
gotiko;gotik.0o;哥特式建筑[gē tè shì jiàn zhú]
gotiko;gotik.0o;哥特式艺术[gē tè shì yì shù]
gracia;graci.0a;娉婷[pīng tíng]
gracia;graci.0a;輕盈[qīng yíng]
gracia;graci.0a;婀[ē]
gracio;graci.0o;文彩[wén cǎi]
gracio;graci.0o;优雅[yōu yǎ]
malgracia;graci.mal0a;粗短[cū duǎn]
malgracia;graci.mal0a;笨重[bèn zhòng]
malgracia;graci.mal0a;伹[qū]
gracila;gracil.0a;微妙[wéi miào]
gracila;gracil.0a;美妙[měi miào]
gradaro;grad.0aro;增减[zēng jiǎn]
grado;grad.0o.KOMUNE;咖[kā]
grado;grad.0o.KOMUNE;等級[děng jí]
grado;grad.0o.KOMUNE;品[pǐn]
sufiĉagrade;grad.suficxa0e;彀[gòu]
sufiĉagrade;grad.suficxa0e;够数[gòu shù]
gradiento;gradient.0o;梯度[tī dù]
gradiento;gradient.0o;斜度[xié dù]
graflando;;县[xiàn]
grafujo;graf.0ujo;县[xiàn]
grafeteorio;grafe.0teorio;图论[tú lùn]
grafeiko;grafei.0o;图论[tú lùn]
grafeno;grafen.0o;石墨烯[shí mò xī]
grafemo;;字位[zì wèi]
grafika;grafik.0a;图像[tú xiàng]
grafikaĵo;grafik.0ajxo.BELA;图像[tú xiàng]
grafikisto;grafik.0isto.BELA;画师[huà shī]
grafikisto;grafik.0isto.BELA;图像设计者[tú xiàng shè jì zhě]
grafikisto;grafik.0isto.BELA;图像设计师[tú xiàng shè jì shī]
grafikisto;grafik.0isto.BELA;图形设计人员[tú xíng shè jì rén yuán]
grafiko;grafik.0o.BELA;图像[tú xiàng]
grafiko;grafik.0o.BELA;图形[tú xíng]
grafito;grafit.0o;石墨慢化反应堆[shí mò màn huà fǎn yìng duī]
grafito;grafit.0o;石墨[shí mò]
grafitio;grafiti.0o;粗制彫刻[cū zhì diāo kè]
grafitio;grafiti.0o;乱画[luàn huà]
grafologo;grafol.0o;笔相家[bǐ xiāng jiā]
grafologiisto;grafol1.0isto;笔相家[bǐ xiāng jiā]
grafologio;grafol1.0o;笔相术[bǐ xiāng shù]
grafologio;grafol1.0o;笔相法[bǐ xiāng fǎ]
grajlo;grajl.0o;冰霰[bīng xiàn]
grajlo;grajl.0o;霰[xiàn]
grajlo;grajl.0o;霙[yīng]
grajnigi;grajn.0igi.KOMUNE;顆粒狀[kē lì zhuàng]
grajnigi;grajn.0igi.KOMUNE;制粒[zhì lì]
grajnigi;grajn.0igi.KOMUNE;造粒[zào lì]
grajnigi;grajn.0igi.KOMUNE;粒化[lì huà]
grajnigi;grajn.0igi.KOMUNE;使成顆粒[shǐ chéng kē lì]
grajno;grajn.0o;穀粒[gǔ lì]
grajno;grajn.0o;粒[lì]
grajnumo;grajn.0umo.BOT;花被[huā bèi]
belgrajno;grajn.bel0o;瑕[xiá]
semgrajno;grajn.sem0o;种子[zhǒng zǐ]
gramkolorigo;gram1.0kolorigo;革兰氏染色[gé lán shì rǎn sè]
gramatika;gramat.0a;文法[wén fǎ]
gramatikilo;gramat.0ilo;功能詞[gōng néng cí]
gramatikisto;gramat.0isto;文法家[wén fǎ jiā]
gramatikisto;gramat.0isto;語法教師[yǔ fǎ jiào shī]
gramatikisto;gramat.0isto;文法学者[wén fǎ xué zhě]
gramatiko;gramat.0o;文法[wén fǎ]
gramatiko;gramat.0o;語法[yǔ fǎ]
laŭgramatika;gramat.laux0a;符合語法規則[fú hé yǔ fǎ guī zé]
gramineoj;gramine.0oj;禾本科植物[hé běn kē zhí wù]
gramofono;gramof.0o;唱机[chàng jī]
granatarbo;granat.0arbo;石榴树[shí liú shù]
granatarbo;granat.0arbo;榴[liú]
granatarbo;granat.0arbo;安石榴[ān shí liú]
granato;granat.0o;石榴[shí liú]
grandegulo;;巨客[jù kè]
grandiĝi;grand.0igxi;能勝任[néng shèng rèn]
grandiĝi;grand.0igxi;滚雪球般增长[gǔn xuě qiú bān zēng zhǎng]
grandiĝi;grand.0igxi;渐增[jiān zēng]
grandigi;grand.0igi;放大[fàng dài]
grandigi;grand.0igi;加大[jiā dà]
grandigi;grand.0igi;放[fàng]
grandegulo;grand.0egulo;庞然大物[páng rán dà wù]
grandegulo;grand.0egulo;巨客[jù kè]
grandegulo;grand.0egulo;巨人[jù rén]
grando;grand.0o;尺码[chǐ mǎ]
grando;grand.0o;数值[shù zhí]
grando;grand.0o;量[liàng]
fizika grando;grand.fizika0o;物理量[wù lǐ liàng]
malgrandegulo;grand.mal0egulo;盆景树[pén jǐng shù]
malgrandegulo;grand.mal0egulo;侏儒[zhū rú]
malgrandegulo;grand.mal0egulo;侏[zhū]
mezgranda;grand.mez0a;中等規模[zhōng děng guī mó]
mezgranda;grand.mez0a;中等大小[zhōng děng dà xiǎo]
mezgranda;grand.mez0a;中型[zhōng xíng]
pogrande;grand.po0e;批量[pī liàng]
pogrande;grand.po0e;整批[zhěng pī]
pogrande;grand.po0e;大量地[dà liàng de]
trograndigi;grand.tro0igi;过高评价[guò gāo píng jià]
trograndigi;grand.tro0igi;过分评价[guò fèn píng jià]
trograndigi;grand.tro0igi;做得过火[zuò dé guò huǒ]
trograndigi;grand.tro0igi;浮夸[fú kuā]
trograndigi;grand.tro0igi;做得过多[zuò dé guò duō]
grandioza;grandi.0a;丕[pī]
grandioza;grandi.0a;嘏[jiǎ]
grandioza;grandi.0a;矞[yù]
grandioza;grandi.0a;宏伟[hóng wěi]
grandioza;grandi.0a;和煦[hé xǔ]
grandioza;grandi.0a;堂皇[táng huáng]
grandioza;grandi.0a;豪[háo]
grandioza;grandi.0a;了不起[liǎo bu qǐ]
granito;granit.0o;花岗岩[huā gǎng yán]
granito;granit.0o;花岗岩[huā gāng yán]
granolo;granol.0o;顆粒[kē lì]
grapfruktarbo;grapfrukt.0arbo;葡萄柚[pú táo yòu]
grapfrukto;grapfrukt.0o;椵[jiǎ]
grapolo;grapol.0o;总状花序[zǒng zhuàng huā xù]
grasa;gras.0a.dika;多脂肪[duō zhī fáng]
grasa;gras.0a.dika;油滑[yóu huá]
grasa;gras.0a.dika;使润滑[shǐ rùn huá]
grasa;gras.0a.dika;塗脂於[tú zhī yú]
grasa;gras.0a.dika;油腻[yóu nì]
grasa;gras.0a.dika;油油[yóu yóu]
grasa;gras.0a.dika;含油[hán yóu]
grasaĵo;gras.0ajxo.io;浸油[jìn yóu]
grasaĵo;gras.0ajxo.io;油質[yóu zhì]
grasaĵo;gras.0ajxo.io;食道乐[shí dào lè]
grasigi;gras.0igi.dikigi;死記[sǐ jì]
graso;gras.0o;滑脂[huá zhī]
graso;gras.0o;脂肪[zhī fáng]
graso;gras.0o;润滑油[rùn huá yóu]
malgrasa;gras.mal0a;痩長的[shòu cháng de]
malgrasa;gras.mal0a;瘦長的[shòu cháng de]
malgrasa;gras.mal0a;瘦[shòu]
malgrasa;gras.mal0a;羸[léi]
malgrasa;gras.mal0a;瘠[jí]
malgrasa;gras.mal0a;淸癯[qīng qú]
malgrasa;gras.mal0a;削瘦[xiāo shòu]
malgrasa;gras.mal0a;皮包骨头[pí bāo gǔ tóu]
malgrasa;gras.mal0a;骨瘦如柴[gǔ shòu rú chái]
malgrasa;gras.mal0a;低脂[dī zhī]
grati;grat.0i;抓过[zhuā guò]
grati;grat.0i;引起湿疹[yǐn qǐ shī zhěn]
grati;grat.0i;挠痒[náo yǎng]
grati;grat.0i;挠[náo]
grati;grat.0i;擿[zhì]
grati;grat.0i;惹恼[rě nǎo]
grati;grat.0i;炉架[lú jià]
grato;grat.0o;划伤[huà shāng]
grato;grat.0o;划痕[huà hén]
grato;grat.0o;疤[bā]
gratenaĵo;graten.0ajxo;蛋白牛奶酥[dàn bái niú nǎi sū]
gratenaĵo;graten.0ajxo;酥餅[sū bǐng]
gratenaĵo;graten.0ajxo;餡餅[xiàn bǐng]
gratifiko;gratif.0o;特別津貼[tè bié jīn tiē]
gratifiko;gratif.0o;奖励[jiǎng lì]
gratifiko;gratif.0o;紅利[hóng lì]
gratifiko;gratif.0o;奖赏[jiǎng shǎng]
gratuli;gratul.0i;賀喜[hè xǐ]
gratuli;gratul.0i;賀[hè]
gratuli;gratul.0i;致賀[zhì hè]
gratuli;gratul.0i;恭賀[gōng hè]
gratuli;gratul.0i;祝賀[zhù hè]
gratuli;gratul.0i;拜[bài]
gratulo;gratul.0o;恭喜[gōng xǐ]
gratulo;gratul.0o;祝賀[zhù hè]
gratulo;gratul.0o;祝辞[zhù cí]
gratulo;gratul.0o;祝愿[zhù yuàn]
grava;grav.0a;重[zhòng]
grava;grav.0a;有地位[yǒu dì wèi]
grava;grav.0a;重要[zhōng yào]
grava;grav.0a;要[yào]
graveco;grav.0eco;要紧[yào jǐn]
graveco;grav.0eco;意函[yì hán]
graveco;grav.0eco;輕重[qīng zhòng]
graveco;grav.0eco;眷[juàn]
graveco;grav.0eco;重要性[zhòng yào xìng]
graveco;grav.0eco;关照[guān zhào]
graveco;grav.0eco;涉[shè]
gravigi;;強調指出[qiáng diào zhǐ chū]
gravigi;;注重[zhù zhòng]
gravulo;grav.0ulo;名人[míng rén]
malgrava;grav.mal0a;可忽視[kě hū shì]
malgrava;grav.mal0a;无意义[wú yì yì]
malgrava;grav.mal0a;小可[xiǎo kě]
malgrava;grav.mal0a;无关紧要[wú guān jǐn yào]
malgrava;grav.mal0a;无几[wú jǐ]
malgravaĵo;grav.mal0ajxo;枝節[zhī jié]
malgravigi;grav.mal0igi;貶低[biǎn dī]
vivgrava;grav.vivo0a.KOMUNE;生死攸关[shēng sǐ yōu guān]
vivgrava;grav.vivo0a.KOMUNE;极其重要[jí qí zhòng yào]
vivgrava;grav.vivo0a.KOMUNE;生活必需[shēng huó bì xū]
vivgrava;grav.vivo0a.KOMUNE;基本[jī běn]
graveda;;双身子[shuāng shēn zi]
gravedeco;graved.0eco;妊[rèn]
gravedeco;graved.0eco;怀孕期[huái yùn qī]
gravedeco;graved.0eco;怀孕[huái yùn]
gravedeco;graved.0eco;妊娠[rèn shēn]
gravedeco;graved.0eco;孕[yùn]
gravediĝi;graved.0igxi;受胎[shòu tāi]
gravediĝi;graved.0igxi;獲得妊娠[huò dé rèn shēn]
gravediĝi;graved.0igxi;怀[huái]
gravedulo;graved.0ulo;孕妇[yùn fù]
graviolarbo;graviol.0arbo;刺果番荔枝[cì guǒ fān lì zhī]
gravito;gravit.0o;重力[zhòng lì]
gravito;gravit.0o;地心吸力[dì xīn xī lì]
gravito;gravit.0o;地球引力[dì qiú yǐn lì]
sengravito;gravit.sen0o.FIZ;微重力[wēi zhòng lì]
sengravito;gravit.sen0o.FIZ;零重力[líng zhòng lì]
gravuraĵo;gravur.0ajxo;石刻[shí kè]
gravuri;gravur.0i.FIG;彫版[diāo bǎn]
gravuri;gravur.0i.FIG;鐫[juān]
gravurilo;gravur.0ilo.grifelo;挑逗[tiǎo dòu]
gravurilo;gravur.0ilo.grifelo;揶揄[yé yú]
gravurilo;gravur.0ilo.grifelo;逗惹[dòu rě]
gravurilo;gravur.0ilo.grifelo;戏弄[xì nòng]
gravurilo;gravur.0ilo.grifelo;挖苦[wā ku]
gravurilo;gravur.0ilo.KOMP;烧录机[shāo lù jī]
grebo;greb.0o.ZOO;鸊鷉科[pì tī kē]
grebo;greb.0o.ZOO;有尖尖的喙[yǒu jiān jiān dì huì]
grebo;greb.0o.ZOO;鸊[pì]
grebo;greb.0o.ZOO;鸊鷉[pì tī]
malgranda grebo;greb.malgranda0o;小鸊鷉[xiǎo pì tī]
tufgrebo;greb.tuf0o;凤头鸊鷉[fèng tóu pì tī]
grefti;greft.0i.BOT;接木[jiē mù]
gregejo;greg.0ejo;栏[lán]
grego;greg.0o;噳[yǔ]
grego;greg.0o;麌[wú]
greka;grek.0a;希腊的[xī là de]
greko;grek.0o;希腊人[xī là rén]
Grekujo;grek.G0ujo;希腊[xī là]
Grekio;greki.G0o;希腊[xī là]
grenejo;gren.0ejo;囷[jūn]
grenejo;gren.0ejo;廒[áo]
greno;gren.0o;穀[gǔ]
greno;gren.0o;麥[mài]
greno;gren.0o;穀物[gǔ wù]
greno;gren.0o;穀類[gǔ lèi]
greno;gren.0o;禾[hé]
greno;gren.0o;庄稼[zhuāng jia]
grenventumaĵo;gren.0ventumajxo;糠秕[kāng bǐ]
grenventumaĵo;gren.0ventumajxo;糟糠[zāo kāng]
grenventumaĵo;gren.0ventumajxo;賤物[jiàn wù]
grenventumaĵo;gren.0ventumajxo;糠[kāng]
Grenado;grenad1.0o.insulo;格林納達[gé lín nà dá]
grenato;grenat.0o;石榴石[shí liú shí]
gresejo;gres.0ejo;牧场[mù chǎng]
gresejo;gres.0ejo;牧草[mù cǎo]
gresejo;gres.0ejo;草场[cáo chǎng]
greso;gres.0o;艸[cǎo]
greso;gres.0o;荛[ráo]
greso;gres.0o;稊[tí]
greso;gres.0o;禾本科植物[hé běn kē zhí wù]
grio;gri.0o.semolo;粗粒小麥粉[cū lì xiǎo mài fěn]
grio;gri.0o.semolo;沙子[shā zi]
grifo;grif.0o.MIT;狮鹫[shī jiù]
grifelo;grifel.0o.KOMP;创办人[chuàng bàn rén]
grifelo;grifel.0o.krajono;鐵筆[tiě bǐ]
grifelo;grifel.0o.krajono;鋼針[gāng zhēn]
grifelo;grifel.0o.krajono;招式[zhāo shì]
grifelo;grifel.0o.gravurilo;挑逗[tiǎo dòu]
grifelo;grifel.0o.gravurilo;揶揄[yé yú]
grifelo;grifel.0o.gravurilo;逗惹[dòu rě]
grifelo;grifel.0o.gravurilo;戏弄[xì nòng]
grifelo;grifel.0o.gravurilo;挖苦[wā ku]
grifelo;grifel.0o.antikva_skribilo;鐵筆[tiě bǐ]
grifelo;grifel.0o.antikva_skribilo;鋼針[gāng zhēn]
grifelo;grifel.0o.antikva_skribilo;招式[zhāo shì]
grifelo;grifel.0o.KOMP;光笔[guāng bǐ]
grilo;gril.0o;蛌[gǔ]
grilo;gril.0o;蟀[shuài]
grilo;gril.0o;蟋蟀[xī shuài]
grilo;gril.0o;蛐[qū]
grilo;gril.0o;蟋[xī]
grimaco;grimac.0o;鬼脸[guǐ liǎn]
grimaci;;做鬼脸[zuò guǐ liǎn]
grimpi;grimp.0i;搲[wǎ]
grimpi;grimp.0i;上升[shàng shēng]
grimpi;grimp.0i;爬上[pá shàng]
grinci;grinc.0i;牙齒咬得咯咯響[yá chǐ yǎo dé gē gē xiǎng]
grinci;grinc.0i;咬牙切齒[yǎo yá qiè chǐ]
gripo;grip.0o;流感[liú gǎn]
gripo;grip.0o;流行感冒[liú xíng gǎn mào]
gripo;grip.0o;流行性感冒[liú xíng xìng gǎn mào]
gripo;grip.0o;流性感冒[liú xìng gǎn mào]
griza;griz.0a;青瓦[qīng wǎ]
griza;griz.0a;駽[xuàn]
griza;griz.0a;灰色[huī sè]
grizhara;griz.0hara;白头[bái tóu]
grizhara;griz.0hara;花白[huā bái]
grizhara;griz.0hara;头发灰白[tóu fa huī bái]
griziĝi;griz.0igxi.haroj;銀髮[yín fǎ]
griziĝi;griz.0igxi.haroj;头发灰白[tóu fa huī bái]
griznivelo;griz.0nivelo;灰梯尺[huī tī chǐ]
groba;grob.0a;矫情[jiǎo qíng]
groba;grob.0a;粗暴[cū bào]
Gronlando;gronland.G0o;格陵兰[gé líng lán]
Gronlando;gronland.G0o;格陵兰岛[gé líng lán dǎo]
gropo;grop.0o;馬屁股[mǎ pì gǔ]
groso;gros.0o;醋栗[cù lì]
groso;gros.0o;鵝莓[é méi]
groŝo;grosx.0o;分币[fēn bì]
groto;grot.0o;石窟[shí kū]
groteska;grotes.0a.KOMUNE;丑怪[chǒu guài]
groteska;grotes.0a.KOMUNE;荒唐[huāng táng]
groteska;grotes.0a.KOMUNE;无意义[wú yì yì]
gruformaj;gru.0formaj;鶴形目[hè xíng mù]
gruo;gru.0o.TEK;起重机[qǐ zhòng jī]
gruo;gru.0o.TEK;鶴[hè]
gruo;gru.0o.TEK;鸛[guàn]
gruo;gru.0o.TEK;吊[diào]
gruo;gru.0o.ZOO;鶴科[hè kē]
gruedoj;grued.0oj;鶴科[hè kē]
grumblema;grumbl.0ema;哭丧着脸[kū sang zhe liǎn]
grumblema;grumbl.0ema;脾气坏[pí qì huài]
grumblema;grumbl.0ema;不高兴地[bù gāo xìng de]
grumbli;grumbl.0i;囔[nāng]
grumbli;grumbl.0i;叽[jī]
grumbli;grumbl.0i;鬫[kàn]
grumbli;grumbl.0i;啰唆[luō suō]
grumbli;grumbl.0i;磨豆腐[mò dòu fu]
grumbli;grumbl.0i;嘟哝[dū nong]
grumblulo;;无精打采的人[wú jīng dǎ cǎi de rén]
grundo;grund.0o.KOMUNE;地[dì]
grundo;grund.0o.KOMUNE;土地[tǔ dì]
grundoscienco;grund.0oscienco;土壤学[tǔ rǎng xué]
grundoscienco;grund.0oscienco;儿童学[ér tóng xué]
ĉiamfrosta grundo;;永久冻土[yǒng jiǔ dòng tǔ]
subgrundo;grund.sub0o;底土[dǐ tǔ]
subgrundo;grund.sub0o;下层土[xià céng tǔ]
grunti;grunt.0i;呼噜声[hū lū shēng]
grunti;grunt.0i;咕噜[gū lu]
grupigi;grup.0igi;团体[tuán tǐ]
grupiĝi;grup.0igxi;分組[fēn zǔ]
grupo;grup.0o;品类[pǐn lèi]
grupo;grup.0o;結黨[jié dǎng]
grupo;grup.0o;派[pài]
grupo;grup.0o;夥[huǒ]
grupo;grup.0o;小組[xiǎo zǔ]
grupo;grup.0o;組[zǔ]
grupo;grup.0o;集团[jí tuán]
diskutgrupo;;研討會[yán tǎo huì]
duongrupo;grup.duon0o;半群[bàn qún]
laborgrupo;;工作小組[gōng zuò xiǎo zǔ]
muzikgrupo;grup.muzik0o;音乐组合[yīn yuè zǔ hé]
muzikgrupo;grup.muzik0o;流行乐团[liú xíng lè tuán]
riskogrupo;grup.risko0o;高風險集[gāo fēng xiǎn jí]
riskogrupo;grup.risko0o;高風險族[gāo fēng xiǎn zú]
sangogrupo;;血型[xiě xíng]
studgrupo;;研修课[yán xiū kè]
studgrupo;;研討課[yán tǎo kè]
studgrupo;;研究会[yán jiū huì]
studgrupo;;研讨班[yán tǎo bān]
subgrupo;grup.sub0o;亚型[yà xíng]
vortgrupo;grup.vort0o;詞組[cí zǔ]
Gruo;;天鶴座[tiān hè zuò]
gruzo;gruz.0o;砂砾[shā lì]
gruzo;gruz.0o;砾[lì]
gruzo;gruz.0o;砂[shā]
guanino;guanin.0o;鳥嘌呤[niǎo biāo líng]
guaŝo;guasx.0o;水粉画[shuǐ fěn huà]
gubernatoro;gubern.0o;知事[zhī shì]
gubernatoro;gubern.0o;太守[tài shǒu]
guberniestro;gubern1.0estro;知事[zhī shì]
guberniestro;gubern1.0estro;太守[tài shǒu]
gubernio;gubern1.0o;行政区[xíng zhèng qū]
gubernio;gubern1.0o;省[shěng]
gudri;gudr.0i;塗上焦油[tú shàng jiāo yóu]
gudro;gudr.0o;焦油[jiāo yóu]
gufo;guf.0o;雕鴞[diāo xiāo]
gufo;guf.0o;一种猫头鹰[yī zhǒng māo tóu yīng]
Franca Gujano;gujan.FrancaG0o.sxtato;法属圭亚纳[fǎ shǔ guī yà nà]
Franca Gujano;gujan.FrancaG0o.sxtato;法属圭亚那[fǎ shǔ guī yà nà]
Gujano;gujan.G0o;圭亚纳[guī yà nà]
Gujano;gujan.G0o;圭亚那[guī yà nà]
gujavarbo;gujav.0arbo;番石榴[fān shí liú]
gujavo;gujav.0o;芭乐[bā lè]
gulo;gul.0o;貂熊[diāo xióng]
gulo;gul.0o;豹熊[bào xióng]
gulo;gul.0o;狼獾之类[láng huān zhī lèi]
gulaŝo;gulasx.0o;紅燒牛肉[hóng shāo niú ròu]
gulaŝo;gulasx.0o;辣味紅燒牛肉[là wèi hóng shāo niú ròu]
gulaŝo;gulasx.0o;匈牙利浓汤[xiōng yá lì nóng tāng]
gumi;gum.0i;浇胶[jiāo jiāo]
gumi;gum.0i;塗膠[tú jiāo]
gumo;gum.0o;樠[mén]
lakgumo;gum.lak0o;虫胶[chóng jiāo]
maĉgumo;;吹泡泡[chuī pào pào]
maĉgumo;;口香糖[kǒu xiāng táng]
maĉgumo;;泡泡糖[pào pào táng]
skrapgumo;gum.skrap0o;橡皮擦[xiàng pí cā]
gumiguto;gumigu.0o;藤黃[téng huáng]
gumiguto;gumigu.0o;籐黃[téng huáng]
gupio;gupi.0o;古比魚[gǔ bǐ yú]
gupio;gupi.0o;孔雀魚[kǒng què yú]
guruo;guru.0o;骨灰級[gǔ huī jí]
gusti;gust.0i;吃起來有的味道[chī qǐ lái yǒu de wèi dào]
gusto;gust.0o;口味[kǒu wèi]
gusto;gust.0o;欣賞能力[xīn shǎng néng lì]
gusto;gust.0o;鉴赏能力[jiàn shǎng néng lì]
gusto;gust.0o;味道[wèi dao]
gusto;gust.0o;調料[diào liào]
gusto;gust.0o;审美观[shěn měi guān]
gusto;gust.0o;品味[pǐn wèi]
gusto;gust.0o;味覺[wèi jué]
gusto;gust.0o;胃口[wèi kǒu]
gusto;gust.0o;滋味[zī wèi]
gustumi;gust.0umi;品味[pǐn wèi]
gustumi;gust.0umi;味[wèi]
gustumi;gust.0umi;品[pǐn]
gustumi;gust.0umi;嘗[cháng]
bongusta;gust.bon0a.agrabla;鮮美[xiān měi]
kromgusto;;余韵[yú yùn]
kromgusto;;回味[huí wèi]
postgusto;gust.post0o;余味[yú wèi]
sengusta;gust.sen0a;乏味[fá wèi]
sengusta;gust.sen0a;不可口[bù kě kǒu]
sengusta;gust.sen0a;沒有味道[méi yǒu wèi dao]
sengusta;gust.sen0a;庸俗[yōng sú]
sengusta;gust.sen0a;沒味兒[méi wèi r]
sengusta;gust.sen0a;无味[wú wèi]
Gustavo;gustav.0o;古斯塔夫[gǔ sī tǎ fū]
gute;gut.0epo0e;一滴一滴地[yī dī yī dī de]
guti;gut.0i;渧[dì]
guti;gut.0i;掉[diào]
guti;gut.0i;零[líng]
guto;gut.0o;点[diǎn]
guto;gut.0o;滴[dī]
guto;gut.0o;水滴[shuǐ dī]
gutaperko;gutape.0o;古塔波胶[gǔ tǎ bō jiāo]
guturalo;gutura.0o;顎音[è yīn]
guturalo;gutura.0o;小舌音字母[xiǎo shé yīn zì mǔ]
guturalo;gutura.0o;喉音[hóu yīn]
guvernantino;guvern.0antino;姥[mǔ]
guvernantino;guvern.0antino;姆[mǔ]
guvernanto;guvern.0anto;教育工作者[jiào yù gōng zuò zhě]
guvernistino;guvern.0istino;姥[mǔ]
guvernistino;guvern.0istino;姆[mǔ]
guvernisto;guvern.0isto;訓練員[xùn liàn yuán]
guvernisto;guvern.0isto;家庭教师[jiā tíng jiào shī]
guvernisto;guvern.0isto;家教[jiā jiào]
gvardio;gvardi.0o.MIL_elita_gardistaro;虎賁[hǔ bēn]
antaŭgvardio;gvardi.antaux0o;先鋒隊[xiān fēng duì]
antaŭgvardio;gvardi.antaux0o;先驅[xiān qū]
antaŭgvardio;gvardi.antaux0o;先鋒[xiān fēng]
postgvardio;gvardi.post0o;后卫[hòu wèi]
gvatisto;gvat.0isto;守护者[shǒu hù zhě]
gvatisto;gvat.0isto;监[jiàn]
Gvatemalo;gvatemal.G0o.GEOG;危地馬拉[wēi dì mǎ lā]
gvatemalano;gvatemal.g0ano;危地馬拉人[wēi dì mǎ lā rén]
gvidi;gvid.0i;主导[zhǔ dǎo]
gvidi;gvid.0i;羑[yǒu]
gvidi;gvid.0i;主角[zhǔ jué]
gvidi;gvid.0i;領先[lǐng xiān]
gvidi;gvid.0i;講解員[jiǎng jiě yuán]
gvidi;gvid.0i;領[lǐng]
gvidi;gvid.0i;率[shuài]
gvidi;gvid.0i;行为[xíng wéi]
gvidi;gvid.0i;引[yǐn]
gvidi;gvid.0i;带领[dài lǐng]
gvidi;gvid.0i;导[dǎo]
gvidi;gvid.0i;領導[lǐng dǎo]
gvidilo;gvid.0ilo.teksta;線論[xiàn lùn]
gvidilo;gvid.0ilo.ilo;控制搖臂[kòng zhì yáo bì]
gvido;gvid.0o;先导[xiān dǎo]
gvido;gvid.0o;領導能力[lǐng dào néng lì]
gvido;gvid.0o;引导系统[yǐn dǎo xì tǒng]
gvido;gvid.0o;燕尾形导轨[yàn wěi xíng dǎo guǐ]
gvido;gvid.0o;枢轴[shū zhóu]
gvidado;gvid.0o;先导[xiān dǎo]
gvidado;gvid.0o;領導能力[lǐng dào néng lì]
gvidado;gvid.0o;引导系统[yǐn dǎo xì tǒng]
gvidado;gvid.0o;燕尾形导轨[yàn wěi xíng dǎo guǐ]
gvidado;gvid.0o;枢轴[shū zhóu]
afergvidanto;gvid.afer0anto;企业负责人[qǐ yè fù zé rén]
afergvidanto;gvid.afer0anto;經理人[jīng lǐ rén]
afergvidanto;gvid.afer0anto;总干事[zǒng gàn shì]
afergvidanto;gvid.afer0anto;女女企业负责人[nǚ nǚ qǐ yè fù zé rén]
afergvidanto;gvid.afer0anto;女性經理人[nǚ xìng jīng lǐ rén]
afergvidanto;gvid.afer0anto;总经理[zǒng jīng lǐ]
afergvidanto;gvid.afer0anto;執行董事[zhí xíng dǒng shì]
misgvidi;gvid.mis0i;疑似[yí sì]
misgvidi;gvid.mis0i;使人誤解[shǐ rén wù jiě]
misgvidi;gvid.mis0i;令人迷惑[lìng rén mí huo]
misgvidi;gvid.mis0i;易誤解[yì wù jiě]
misgvidi;gvid.mis0i;虞[yú]
Ekvatora Gvineo;gvine.EkvatoraG0o;赤道几内亚[chì dào jī nèi yà]
Gvineo;gvine.G0o;几内亚[jī nèi yà]
Gvineo-Bisaŭo;gvine.G0oBisauxo;几内亚比绍[jī nèi yà bǐ shào]
Gvineo-Bisaŭo;gvine.G0oBisauxo;几内亚比索[jī nèi yà bǐ suǒ]
Nov-Gvineo;gvine.NovG0o.GEOG;新几内亚[xīn jī nèi yà]
Papuo-Nov-Gvineo;gvine.PapuoNovG0o.sxtato;巴布亚新几内亚[bā bù yà xīn jǐ nèi yà]
ĝajnismo;gxajn.0ismo;耆那教[qí nà jiào]
Ĝajpuro;gxajpur.0o;斋浦尔[zhāi pǔ ěr]
Ĝakarto;gxakart.0o;雅加达[yǎ jiā dá]
ĝangalo;gxanga.0o;丛林[cóng lín]
ĝangalo;gxanga.0o;獉[zhēn]
ĝardenisto;gxarde.0isto;花匠[huā jiàng]
ĝardenisto;gxarde.0isto;园丁[yuán dīng]
ĝardenisto;gxarde.0isto;花工[huā gōng]
ĝardenisto;gxarde.0isto;园艺家[yuán yì jiā]
ĝardenisto;gxarde.0isto;未計入[wèi jì rù]
ĝardenurbo;gxarde.0urbo;新市鎮[xīn shì zhèn]
ĝardenurbo;gxarde.0urbo;計劃城市[jì huà chéng shì]
bestoĝardeno;;动物园[dòng wù yuán]
bestoĝardeno;;苑[yuàn]
fruktoĝardeno;gxarde.frukto0o;果园[guǒ yuán]
infanĝardeno;;幼稚园[yòu zhì yuán]
infanĝardeno;;幼儿园[yòu ér yuán]
legomĝardeno;gxarde.legom0o;菜园[cài yuán]
studĝardeno;gxarde.stud0o;植物园[zhí wù yuán]
studĝardeno;gxarde.stud0o;北京植物园[běi jīng zhí wù yuán]
ĝartero;gxarter.0o;袜带[wà dài]
ĝemi;gxem.0i.FIG;唏嘘[xī xū]
ĝemi;gxem.0i.FIG;感叹[gǎn tàn]
ĝemi;gxem.0i.FIG;嚝[hōng]
ĝemi;gxem.0i.FIG;唧唧[jí jí]
ĝemo;;嗟叹[jiē tàn]
ĝemo;;太息[tài xí]
ĝemo;;叹息[tàn xí]
ĝemo;;唶[jiè]
dolorĝemi;;悲叹[bēi tàn]
ĝemelo;gxemel.0o;双晶[shuāng jīng]
ĝemelo;gxemel.0o;孖[zī]
ĝemelo;gxemel.0o;双筒枪[shuāng tǒng qiāng]
Ĝemeloj;gxemel.Gx0oj;双子座[shuāng zǐ zuò]
ĝena;gxen.0a;干涉[gān shè]
ĝenaĵo;gxen.0ajxo;障碍[zhàng ài]
ĝenaĵo;gxen.0ajxo;不起作用[bù qǐ zuò yòng]
ĝenaĵo;gxen.0ajxo;杂乱[zá luàn]
ĝenaĵo;gxen.0ajxo;扰乱[rǎo luàn]
ĝenaĵo;gxen.0ajxo;失調[shī tiáo]
ĝenaĵo;gxen.0ajxo;忧虑[yōu lü]
ĝenaĵo;gxen.0ajxo;干涉[gān shè]
ĝenaĵo;gxen.0ajxo;跳栏[tiào lán]
ĝenaĵo;gxen.0ajxo;障碍物[zhàng ài wù]
ĝenaĵo;gxen.0ajxo;阻塞[zǔ sè]
ĝenaĵo;gxen.0ajxo;阻碍[zǔ ài]
ĝeni;gxen.0i;碍[ài]
ĝeni;gxen.0i;牵掣[qiān chè]
ĝeni;gxen.0i;悮[wù]
ĝeni;gxen.0i;悞[wù]
ĝeni;gxen.0i;碍脚[ài jiǎo]
ĝeni;gxen.0i;捣[dǎo]
ĝeni;gxen.0i;騷擾[sāo rǎo]
ĝeni;gxen.0i;扰乱[rǎo luàn]
ĝeni;gxen.0i;打扰[dǎ rǎo]
ĝenulo;gxen.0ulo;抗議者[kàng yì zhe]
senĝena;gxen.sen0a;不知羞恥[bù zhī xiū chǐ]
senĝena;gxen.sen0a;不受約束[bù shòu yuē shù]
sinĝena;gxen.sin0a.hontema;限制地[xiàn zhì dì]
sinĝena;gxen.sin0a.hontema;謙虛[qiān xū]
sinĝena;gxen.sin0a.hontema;得回[dé huí]
sin ĝeni;gxen.sin0i;感到为难[gǎn dào wéi nán]
sin ĝeni;gxen.sin0i;为难[wéi nán]
sin ĝeni;gxen.sin0i;难为情[nán wéi qíng]
ĝenerale;gxener.0e;普遍地[pǔ biàn de]
ĝenerala;;通[tōng]
ĝenerala;;普遍[pǔ biàn]
ĝenerala;;泛[fàn]
ĝenerala;;一般都[yì bān dōu]
ĝenerala;;普通[pǔ tōng]
ĝeneraligi;gxener.0igi;一概而論[yī gài ér lùn]
ĝeneralo;gxener.0o;概括化[gài kuò huà]
ĝeneralo;gxener.0o;普遍化[pǔ biàn huà]
ĝeneralo;gxener.0o;泛化[fàn huà]
ĝeneralo;gxener.0o;广义[guǎng yì]
Ĝenevo;;日內瓦[rì nèi wǎ]
Ĝenovo;gxenov.0o;热那亚[rè nà yà]
ĝenro;gxenr.0o.BELA;体裁[tǐ cái]
ĝenro;gxenr.0o.BELA;流派[liú pài]
ĝentila;gxenti.0a;温文尔雅[wēn wén ěr yǎ]
ĝentila;gxenti.0a;民法上[mín fǎ shàng]
ĝentila;gxenti.0a;彬彬有礼[bīn bīn yǒu lǐ]
ĝentila;gxenti.0a;殷勤[yīn qín]
ĝentila;gxenti.0a;客气[kè qi]
ĝentileco;;公德心[gōng dé xīn]
ĝentileco;;礼度[lǐ dù]
ĝentileco;;礼貌[lǐ mào]
ĝentileco;;礼让[lǐ ràng]
ĝentileco;;有礼貌[yǒu lǐ mào]
ĝentilhomo;;正人君子[zhèng rén jūn zǐ]
ĝentilhomo;;紳士[shēn shì]
malĝentila;gxenti.mal0a;不礼貌地[bù lǐ mào de]
malĝentila;gxenti.mal0a;无礼地[wú lǐ de]
malĝentila;gxenti.mal0a;失仪[shī yí]
malĝentila;gxenti.mal0a;不礼貌[bù lǐ mào]
malĝentila;gxenti.mal0a;不客气[bú kè qi]
ĝentlemano;gxentl.0o;叟[sǒu]
ĝermi;gxerm.0i;出芽[chū yá]
ĝermi;gxerm.0i;开始发育[kāi shǐ fā yù]
ĝermi;gxerm.0i;菌[jūn]
ĝermo;gxerm.0o;萌芽[méng yá]
ĝermo;gxerm.0o;菌[jūn]
ĝermo;gxerm.0o;芽体[yá tǐ]
ĝermanaj lingvoj;gxerman.0a;日耳曼語族[rì ěr màn yǔ zú]
ĝibiĝi;gxib.0igxi.KOMUNE;弯腰[wān yāo]
ĝibiĝi;gxib.0igxi.KOMUNE;弯[wān]
ĝibo;gxib.0o.ANA;肿块[zhǒng kuài]
ĝibo;gxib.0o.ANA;突起[tú qǐ]
ĝibo;gxib.0o.ANA;偻[lóu]
ĝibulo;gxib.0ulo;駝背[tuó bèi]
ĝibulo;gxib.0ulo;駝背的人[tuó bèi de rén]
ĝibulo;gxib.0ulo;駝[tuó]
Ĝibraltaro;gxibraltar.0o;直布罗陀[zhí bù luó tuó]
Ĝibuto;gxibut.0o.urbo;吉布提[jí bù tí]
Ĝibutio;gxibuti.GX0o.GEOG;吉布提[jí bù tí]
Ĝido;gxid.0o.havenurbo;吉达[jí dá]
ĝihado;gxihad.0o;圣战[shèng zhàn]
ĝihado;gxihad.0o;伊斯兰圣战[yī sī lán shèng zhàn]
ĝinzo;gxinz.0o;牛仔裤[niú zǎi kù]
ĝiraĵo;gxir.0ajxo.sumo;汇款[huì kuǎn]
ĝiri;gxir.0i.sumon;匯[huì]
ĝiri;gxir.0i.sumon;轉移法[zhuǎn yí fǎ]
ĝiri;gxir.0i.sumon;匯入[huì rù]
ĝirilo;gxir.0ilo.transpagilo;匯單[huì dān]
ĝirilo;gxir.0ilo.transpagilo;匯款委託[huì kuǎn wěi tuō]
ĝirilo;gxir.0ilo.transpagilo;匯款單[huì kuǎn dān]
ĝiro;gxir.0o.transpago;銀行轉帳[yín háng zhuǎn zhàng]
ĝiro;gxir.0o.transpago;轉賬[zhuǎn zhàng]
ĝiro;gxir.0o.transpago;匯單[huì dān]
ĝiro;gxir.0o.transpago;匯款委託[huì kuǎn wěi tuō]
ĝiro;gxir.0o.transpago;匯款單[huì kuǎn dān]
ĝirafo;gxiraf.0o;長頸鹿[cháng jǐng lù]
ĝirafo;gxiraf.0o;駝豹[tuó bào]
ĝis;gxis.0.konj;直到[zhí dào]
ĝis;gxis.0.konj;为止[wéi zhǐ]
ĝis;gxis.0.konj;止[zhǐ]
ĝis;gxis.0.konj;迨[dài]
ĝoja;gxoj.0a;喜悅地[xǐ yuè de]
ĝoja;gxoj.0a;倖[xìng]
ĝoja;gxoj.0a;喜悅[xǐ yuè]
ĝoja;gxoj.0a;欣[xīn]
ĝoja;gxoj.0a;高兴[gāo xìng]
ĝoja;gxoj.0a;忻[xīn]
ĝoja;gxoj.0a;光光[guāng guāng]
ĝoja;gxoj.0a;恞[yí]
ĝoja;gxoj.0a;乐[lè]
ĝoja;gxoj.0a;恺[kǎi]
ĝoja;gxoj.0a;欢喜[huān xǐ]
ĝoja;gxoj.0a;吉祥[jí xiáng]
ĝoja;gxoj.0a;愉悅[yú yuè]
ĝoja;gxoj.0a;快活[kuài huo]
ĝoji;gxoj.0i;欣喜[xīn xǐ]
ĝoji;gxoj.0i;喜[xǐ]
ĝoji;gxoj.0i;瞩望[zhǔ wàng]
ĝojigi;gxoj.0igi;使高兴[shǐ gāo xìng]
ĝojigi;gxoj.0igi;祈[qí]
ĝojo;gxoj.0o;兴[xīng]
ĝojo;gxoj.0o;快感[kuài gǎn]
ĝojo;gxoj.0o;悰[cóng]
ĝojo;gxoj.0o;禧[xǐ]
ĝojo;gxoj.0o;喜悅[xǐ yuè]
ĝojo;gxoj.0o;欢乐[huān lè]
malĝoja;gxoj.mal0a.mem;凄[qī]
malĝoja;gxoj.mal0a.mem;蓝领工人[lán lǐng gōng rén]
malĝoja;gxoj.mal0a.mem;伤心的[shāng xīn de]
malĝoja;gxoj.mal0a.mem;唿[hū]
malĝoja;gxoj.mal0a.mem;凄苦[qī kǔ]
malĝoja;gxoj.mal0a.mem;萧[xiāo]
malĝoja;gxoj.mal0a.mem;悲恸[bēi tòng]
malĝoja;gxoj.mal0a.mem;悲[bēi]
malĝoja;gxoj.mal0a.mem;怆[chuàng]
malĝoja;gxoj.mal0a.mem;辛酸[xīn suān]
malĝoja;gxoj.mal0a.mem;悲戚[bēi qī]
malĝoja;gxoj.mal0a.mem;哀伤[āi shāng]
malĝoja;gxoj.mal0a.mem;悴[cuì]
malĝoja;gxoj.mal0a.mem;忡[chōng]
malĝoja;gxoj.mal0a.mem;箫萧[xiāo xiāo]
malĝoja;gxoj.mal0a.mem;悒[yì]
malĝoji;gxoj.mal0i;悼[dào]
malĝoji;gxoj.mal0i;謼[hū]
malĝoji;gxoj.mal0i;啼[tí]
malĝojo;gxoj.mal0o;丧[sāng]
malĝojo;gxoj.mal0o;哀悼[āi dào]
malĝojo;gxoj.mal0o;哀伤[āi shāng]
malĝojo;gxoj.mal0o;哀[āi]
malĝojo;gxoj.mal0o;悲哀[bēi āi]
vivĝojo;gxoj.viv0o;动物灵魂[dòng wù líng hún]
vivĝojo;gxoj.viv0o;生活乐趣[shēng huó lè qù]
ĝonko;gxonk.0o;戎克船[róng kè chuán]
ĝuema;gxu.0ema;情欲[qíng yù]
ĝuemulo;gxu.0emulo;老饕[lǎo tāo]
ĝuemulo;gxu.0emulo;享乐主义者[xiǎng lè zhǔ yì zhě]
ĝuo;gxu.0o;享用[xiǎng yòng]
ĝuado;gxu.0o;享用[xiǎng yòng]
ĝusta;gxust.0a;韙[wěi]
ĝusta;gxust.0a;对了[duì le]
ĝusta;gxust.0a;合适[hé shì]
ĝusta;gxust.0a;属实[shǔ shí]
ĝuste;gxust.0e.precize;恰好[qià hǎo]
ĝuste;gxust.0e.precize;恰[qià]
ĝustigi;gxust.0igi;糾正[jiū zhèng]
alĝustigi;gxust.al0igi;媲[pì]
alĝustigi;gxust.al0igi;調節[tiáo jié]
alĝustigi;gxust.al0igi;逑[qiú]
alĝustigi;gxust.al0igi;坒[bì]
alĝustigi;gxust.al0igi;配[pèi]
malĝusta;;贗[yàn]
malĝusta;;如猫[rú māo]
malĝusta;;机诈[jī zhà]
malĝusta;;不实[bù shí]
malĝusta;;不对[bù duì]
malĝusta;;虚假[xū jiǎ]
malĝusta;;冤枉[yuān wang]
malĝusta;;不是[bù shì]
