ial;ial.0;因故[yīn gù]
ial;ial.0;不知出于何种原因[bù zhī chū yú hé zhǒng yuán yīn]
iam;iam.0;一日[yī rì]
iam;iam.0;一天[yī tiān]
iam;iam.0;在某个时[zài mǒu gè shí]
kelkiam;iam.kelk0;偶尔[ǒu ěr]
kelkiam;iam.kelk0;时有[shí yǒu]
kelkiam;iam.kelk0;有时[yǒu shí]
kelkiam;iam.kelk0;不时地[bù shí de]
kelkiam;iam.kelk0;間或時而[jiàn huò shí ér]
kelkiam;iam.kelk0;隔三差五[gé sān chà wǔ]
ibekso;ibeks.0o.alpa;羱羊[yuán yáng]
ibekso;ibeks.0o.alpa;北山羊[běi shān yáng]
ibero;iber.0o;伊比利亚人[yī bǐ lì yà rén]
ibiso;ibis.0o;鹮[huán]
ibiso;ibis.0o;朱鷺科[zhū lù kē]
ibisedoj;ibised.0oj;朱鷺科[zhū lù kē]
idaro;id.0aro;后[hòu]
idaro;id.0aro;后代[hòu dài]
idaro;id.0aro;子孙[zǐ sūn]
ido;id.0o.GEN;子孙[zǐ sūn]
ido;id.0o.GEN;孺子[rú zǐ]
ido;id.0o.pranepo;子孙[zǐ sūn]
ido;id.0o.pranepo;后裔[hòu yì]
Ido;id1.0o;伊多語[yī duō yǔ]
Idaho;idah.0o;愛達荷[Aì dá hé]
Idaho;idah.0o;愛達荷州[Aì dá hé zhōu]
idearo;ide.0aro;思想[sī xiǎng]
idearo;ide.0aro;意識型態[yì shí xíng tài]
idearo;ide.0aro;意識形態[yì shí xíng tài]
idearo;ide.0aro;政治思想[zhèng zhì sī xiǎng]
idearo;ide.0aro;意識形態[yì shì xíng tài]
ideismo;ide.0ismo;唯心主义[wéi xīn zhǔ yì]
ideismo;ide.0ismo;理念論[lǐ niàn lùn]
ideismo;ide.0ismo;理想主义[lǐ xiǎng zhǔ yì]
ideismo;ide.0ismo;唯心論[wéi xīn lùn]
ideo;ide.0o;思想[sī xiǎng]
ideo;ide.0o;主意[zhǔ yi]
ideo;ide.0o;概念[gài niàn]
ideo;ide.0o;理念[lǐ niàn]
ideo;ide.0o;觀念[guān niàn]
ideo;ide.0o;意[yì]
samideano;ide.sam0ano;同調[tóng diào]
samideano;ide.sam0ano;真情[zhēn qíng]
samideano;ide.sam0ano;同道[tóng dào]
ideala;ideal.0a;理想[lǐ xiǎng]
ideala;ideal.0a;志向[zhì xiàng]
ideala;ideal.0a;天造地設[tiān zào dì shè]
idealismo;ideal.0ismo;唯心主义[wéi xīn zhǔ yì]
idealismo;ideal.0ismo;理念論[lǐ niàn lùn]
idealismo;ideal.0ismo;理想主义[lǐ xiǎng zhǔ yì]
idealismo;ideal.0ismo;唯心論[wéi xīn lùn]
idealo;ideal.0o.MAT;理想[lǐ xiǎng]
idealo;ideal.0o.MAT;志向[zhì xiàng]
identa;ident.0a;同一[tóng yī]
identa;ident.0a;相同[xiāng tóng]
identa;ident.0a;恆等[héng děng]
identa;ident.0a;全同[quán tóng]
identa;ident.0a;雷同[léi tóng]
identaĵo;ident.0ajxo.MAT;映上映射[yìng shàng yìng shè]
identaĵo;ident.0ajxo.MAT;单位算符[dān wèi suàn fú]
identaĵo;ident.0ajxo.MAT;恆等式[héng děng shì]
identeco;ident.0eco.JUR;身份[shēn fèn]
identeco;ident.0eco.JUR;心神[xīn shén]
identeco;ident.0eco.JUR;以同感[yǐ tóng gǎn]
identeco;ident.0eco.JUR;个人的身份[gè rén de shēn fèn]
identeco;ident.0eco.JUR;文化認同[wén huà rèn tóng]
identigi;ident.0igi;辨識[biàn shí]
identigi;ident.0igi;相認[xiāng rèn]
identigi;ident.0igi;辨認[biàn rèn]
identigi;ident.0igi;驗明正身[yàn míng zhèng shēn]
identigi;ident.0igi;認同[rèn tóng]
identigilo;ident.0igilo.JUR;證明文件[zhèng míng wén jiàn]
identigilo;ident.0igilo.JUR;身份證明[shēn fèn zhèng míng]
identigilo;ident.0igilo.JUR;身份證[shēn fèn zhèng]
identigilo;ident.0igilo.JUR;結單[jié dān]
idento;ident.0o.memdifino;心神[xīn shén]
ideografiaĵo;ideogr.0ajxo;形意文字[xíng yì wén zì]
ideogramo;ideogram.0o;形意文字[xíng yì wén zì]
ideologia;ideolo.0a;思想上[sī xiǎng shàng]
ideologio;ideolo.0o;思想[sī xiǎng]
ideologio;ideolo.0o;意識形態[yì shí xíng tài]
ideologio;ideolo.0o;政治思想[zhèng zhì sī xiǎng]
idilio;idili.0o;牧歌[mù gē]
idilio;idili.0o;田园生活[tián yuán shēng huó]
idilio;idili.0o;田园诗[tián yuán shī]
idilio;idili.0o;田园风光[tián yuán fēng guāng]
idiomaĵo;idiom.0ajxo;习惯用语[xí guàn yòng yǔ]
idiomo;idiom.0o;土話[tǔ huà]
idiomo;idiom.0o;白話[bái huà]
idiomo;idiom.0o;語[yǔ]
idioteco;idiot.0eco;白痴[bái chī]
idioteco;idiot.0eco;白癡[bái chī]
idioto;idiot.0o;傻子[shǎ zi]
idioto;idiot.0o;傻瓜[shǎ guā]
idioto;idiot.0o;呆子[dāi zi]
idioto;idiot.0o;呆瓜[dāi guā]
idioto;idiot.0o;憨子[hān zi]
idioto;idiot.0o;笨蛋[bèn dàn]
idioto;idiot.0o;痴[chī]
idioto;idiot.0o;二屄[èr bī]
idolo;idol.0o;偶像[ǒu xiàng]
idolo;idol.0o.REL;偶象[ǒu xiàng]
idolo;idol.0o.REL;神像[shén xiàng]
idolo;idol.0o.REL;愛豆[ài dòu]
ie;ie.0;某地[mǒu dì]
ie;ie.0;某处[mǒu chù]
ien;ie.0n;无论何处[wú lùn hé chù]
ien;ie.0n;某一个[mǒu yī gè]
ien;;无论何处[wú lùn hé chù]
iel;iel.0;不知何故[bù zhī hé gù]
iFono;ifon.0o;愛瘋[ài Fēng]
iFono;ifon.0o;苹果手机[píng guǒ shǒu jī]
igi;ig.0i;使得[shǐ de]
igi;ig.0i;使行[shǐ xíng]
igi;ig.0i;使[shǐ]
igluo;igl.0o;冰屋[bīng wū]
ignamo;ignam.0o;山药[shān yao]
ignori;ignor.0i;沒注意到[méi zhù yì dào]
ignori;ignor.0i;无视[wú shì]
ignori;ignor.0i;忽視[hū shì]
ignori;ignor.0i;不理[bù lǐ]
igvano;igvan.0o;鬣蜥[liè xī]
igvanodonto;igvano.0o;禽龍[qín lóng]
iĝi;igx.0i;变得[biàn de]
iĝi;igx.0i;成为[chéng wéi]
iĝi;igx.0i;化作[huà zuò]
iĝi;igx.0i;化为[huà wéi]
iĝi;igx.0i;变成[biàn chéng]
iĥtiokolo;ihxtio.0o;魚膠[yú jiāo]
iĥtiosaŭro;ihxtio1.0o;魚龍[yú lóng]
ikebano;ikeban.0o;插花[chā huā]
ikono;ikon.0o;圣像[shèng xiàng]
iksodo;iksod.0o;蜱[pí]
iksodo;iksod.0o;扁虱[biǎn shī]
ikto;ikt.0o.MED;瞬間衝動[shùn jiān chōng dòng]
iktero;ikter.0o;疸[dǎn]
iktero;ikter.0o;黃疸[huáng dǎn]
iktero;ikter.0o;黃疸病[huáng dǎn bìng]
ilaro;il.0aro;器具[qì jù]
ilaro;il.0aro;工具[gōng jù]
ilo;il.0o;具[jù]
ilo;il.0o;器具[qì jù]
ilo;il.0o;工具[gōng jù]
ilo;il.0o;仪器[yí qì]
ilaro;;工具箱[gōng jù xiāng]
ileo;ile.0o;回肠[huí cháng]
ilekso;ileks.0o;冬靑樹[dōng qīng shù]
ilekso;ileks.0o;冬青树[dōng qīng shù]
Iliado;iliad.0o;伊利亚特[yī lì yà tè]
Iliado;iliad.0o;伊利亚特[Yī lì yà tè]
ilicio;ilici.0o;八角[bā jiǎo]
ilicio;ilici.0o;八角茴香[bā jiǎo huí xiāng]
ilicio;ilici.0o;大茴香[dà huí xiāng]
ilicio;ilici.0o;大料[dà liào]
Ilinojso;ilinojs.0o;伊利諾[Yī lì nuò]
Ilinojso;ilinojs.0o;伊利諾伊[Yī lì nuò yī]
Ilinojso;ilinojs.0o;伊利諾伊州[Yī lì nuò yī zhōu]
Ilinojso;ilinojs.0o;伊利諾州[Yī lì nuò zhōu]
iliroj;ilir.0oj;伊利里亚人[yī lì lǐ yà rén]
Ilirio;iliri.0o;伊利里亚[yī lì lǐ yà]
iliumo;ilium.0o;髋骨[kuān gǔ]
iliumo;ilium.0o;无名骨[wú míng gǔ]
iliumo;ilium.0o;胯骨[kuà gǔ]
iliumo;ilium.0o;臀骨[tún gǔ]
iliumo;ilium.0o;髂骨[kà gǔ]
iluminado;ilumin.0ado;灯饰[dēng shì]
iluminado;ilumin.0ado;照明[zhào míng]
iluminado;ilumin.0ado;灯光照明[dēng guāng zhào míng]
iluminado;ilumin.0ado;启发[qǐ fā]
ilumini;ilumin.0i;被点亮[bèi diǎn liàng]
ilumini;ilumin.0i;点亮[diǎn liàng]
ilumini;ilumin.0i;照耀[zhào yào]
ilumini;ilumin.0i;挑明[tiǎo míng]
ilumini;ilumin.0i;炤[zhào]
ilumini;ilumin.0i;照亮[zhào liàng]
iluminilo;ilumin.0ilo;光源[guāng yuán]
Iluminatoj;iluminat.0o;光明帮[guāng míng bāng]
Iluminatoj;iluminat.0o;光照派[guāng zhào pài]
ilustraĵo;ilustr.0ajxo;插画[chā huà]
ilustraĵo;ilustr.0ajxo;插图[chā tú]
ilustri;ilustr.0i;图解[tú jiě]
iluzia;iluzi.0a;虚幻[xū huàn]
iluzia;iluzi.0a;夢幻[mèng huàn]
iluzia;iluzi.0a;欺騙性[qī piàn xìng]
iluzia;iluzi.0a;迷惑人[mí huo rén]
iluzio;iluzi.0o;幻想[huàn xiǎng]
iluzio;iluzi.0o;夢幻[mèng huàn]
iluzio;iluzi.0o;虚幻[xū huàn]
iluzio;iluzi.0o;幻象[huàn xiàng]
iluzio;iluzi.0o;錯覺[cuò jué]
seniluziigi;iluzi.sen0igi;使失望[shǐ shī wàng]
seniluziigi;iluzi.sen0igi;令人失望[lìng rén shī wàng]
seniluziigi;iluzi.sen0igi;期待落空[qī dài là kòng]
seniluziiĝi;iluzi.sen0igxi;失望[shī wàng]
seniluziiĝi;iluzi.sen0igxi;不敢恭維[bù gǎn gōng wei]
imagado;imag.0ado;想像力[xiǎng xiàng lì]
imagado;imag.0ado;想象[xiǎng xiàng]
imagado;imag.0ado;想象力[xiǎng xiàng lì]
imagaĵo;imag.0ajxo;影像[yǐng xiàng]
imagema;imag.0ema;脑洞大开[nǎo dòng dà kāi]
imagema;imag.0ema;富于想像[fù yú xiǎng xiàng]
imagi;imag.0i;想象[xiǎng xiàng]
imagi;imag.0i;想像[xiǎng xiàng]
imagi;imag.0i;意想[yì xiǎng]
imagi;imag.0i;思議[sī yì]
imago;imag.0o;想象[xiǎng xiàng]
imago;imag.0o;想像力[xiǎng xiàng lì]
imago;imag.0o;想象力[xiǎng xiàng lì]
neimagebla;imag.ne0ebla;不可思議[bù kě sī yì]
neimagebla;imag.ne0ebla;匪夷所思[fěi yí suǒ sī]
neimagebla;imag.ne0ebla;难以置信[nán yǐ zhì xìn]
neimagebla;imag.ne0ebla;难以理解[nán yǐ lǐ jiě]
neimagebla;imag.ne0ebla;不堪設想[bù kān shè xiǎng]
imaginaro;imagin.0o;虚数[xū shù]
imamo;imam.0o;伊玛目[yī mǎ mù]
imamo;imam.0o;阿訇[ā hōng]
imanenta;imanen.0a;內在[nèi zài]
imanenta;imanen.0a;固有[gù yǒu]
imanenta;imanen.0a;与生俱来[yǔ shēng jù lái]
imitaĵo;imit.0ajxo;模仿者[mó fǎng zhě]
imitaĵo;imit.0ajxo;仿冒品[fǎng mào pǐn]
imitaĵo;imit.0ajxo;伪造品[wěi zào pǐn]
imitaĵo;imit.0ajxo;贋品[yàn pǐn]
imitaĵo;imit.0ajxo;冒充[mào chōng]
imiti;imit.0i;照搬[zhào bān]
imiti;imit.0i;效[xiào]
imiti;imit.0i;模[mó]
imiti;imit.0i;模仿[mó fǎng]
imiti;imit.0i;仿傚[fǎng xiào]
imiti;imit.0i;仿制[fǎng zhì]
imiti;imit.0i;模写[mó xiě]
imiti;imit.0i;摹拟[mó nǐ]
imiti;imit.0i;效法[xiào fǎ]
imiti;imit.0i;仿[fǎng]
imiti;imit.0i;摹[mó]
imitilo;imit.0ilo;模拟器[mó nǐ qì]
imitado;imit.0o;冒充[mào chōng]
imito;imit.0o;冒充[mào chōng]
mokimiti;imit.mok0i;猭[yuán]
mokimiti;imit.mok0i;蝯[yuán]
sonimito;imit.son0o;拟声[nǐ shēng]
sonimito;imit.son0o;拟声词[nǐ shēng cí]
impedanco;impeda.0o;阻抗[zǔ kàng]
imperativo;impera.0o;祈使語氣[qí shǐ yǔ qì]
imperativo;impera.0o;命令式[mìng lìng shì]
imperatoro;imperator.0o;天王[tiān wáng]
imperatoro;imperator.0o;皇帝[huáng dì]
imperatoro;imperator.0o;帝[dì]
imperatoro;imperator.0o;官家[guān jiā]
imperfekto;imperf.0o;未完成时[wèi wán chéng shí]
imperiestro;imperi.0estro;皇上[huáng shang]
imperiestro;imperi.0estro;皇帝[huáng dì]
imperiestro;imperi.0estro;皇[huáng]
imperiestro;imperi.0estro;天王[tiān wáng]
imperiestro;imperi.0estro;凯撒大帝[kǎi sǎ dài dì]
imperiestro;imperi.0estro;大駕[dà jià]
imperii;imperi.0i;王[wàng]
imperii;imperi.0i;治国[zhì guó]
imperiismo;imperi.0ismo;帝国主义[dì guó zhǔ yì]
imperio;imperi.0o;帝国[dì guó]
imperio;imperi.0o;統治權[tǒng zhì quán]
imperialismo;imperi2.0o;帝国主义[dì guó zhǔ yì]
kontraŭimperiismo;;反帝国主义[fǎn dì guó zhǔ yì]
imperialisto;imperi3.0o;鷹派[yīng pài]
imperiumo;imperi4.0o;統治權[tǒng zhì quán]
impertinenta;impert.0a;皮脸[pí liǎn]
impertinenta;impert.0a;沒大沒小[méi dà méi xiǎo]
impertinenta;impert.0a;粗野[cū yě]
impertinenta;impert.0a;惫赖[bèi lài]
impertinenta;impert.0a;张狂[zhāng kuáng]
impertinenta;impert.0a;不逊[bù xùn]
impertinenta;impert.0a;侮辱性[wǔ rù xìng]
impertinentaĵo;impert.0ajxo;狂妄[kuáng wàng]
impeta;impet.0a;狂躁[kuáng zào]
impeta;impet.0a;大力[dà lì]
impeta;impet.0a;勃勃[bó bó]
impeta;impet.0a;匆遽[cōng jù]
impeta;impet.0a;如火[rú huǒ]
impetega;impet.0ega;激烈[jī liè]
impetega;impet.0ega;盭[lì]
impeto;impet.0o;势头[shì tóu]
impeto;impet.0o;动力[dòng lì]
impeto;impet.0o;声势[shēng shì]
implica;implic.0a;牵涉[qiān shè]
implica;implic.0a;含蓄[hán xù]
implici;implic.0i;默示[mò shì]
implici;implic.0i;牵涉[qiān shè]
implico;implic.0o.KOMUNE;推衍[tuī yǎn]
implico;implic.0o.KOMUNE;涵义[hán yì]
duobla implico;implic.duobla0o;等値性[děng zhí xìng]
malimplici;implic.mal0i;明确[míng què]
malimplici;implic.mal0i;明示[míng shì]
implikaĵo;implik.0ajxo;杂乱[zá luàn]
implikaĵo;implik.0ajxo;周折[zhōu zhé]
impliki;implik.0i;糾[jiū]
impliko;implik.0o;复杂化[fù zá huà]
impliko;implik.0o;糾纏[jiū chán]
impliko;implik.0o;周折[zhōu zhé]
impliko;implik.0o;蕴涵式[yùn hán shì]
impliko;implik.0o;隐含[yǐn hán]
implikacio;implikaci.0o;涵义[hán yì]
implodi;implod.0i;內爆[nèi bào]
impona;impon.0a;威風[wēi fēng]
impona;impon.0a;雄壮[xióng zhuàng]
impona;impon.0a;威严[wēi yán]
imponeco;impon.0eco;威風[wēi fēng]
imponeco;impon.0eco;巨大[jù dà]
imponeco;impon.0eco;无限的空间[wú xiàn de kōng jiān]
imponi;impon.0i;受感动[shòu gǎn dòng]
importado;import.0ado;輸入品[shū rù pǐn]
importado;import.0ado;进口货[jìn kǒu huò]
importado;import.0ado;导入[dǎo rù]
importi;import.0i;引进[yǐn jìn]
importi;import.0i;传入[chuán rù]
importi;import.0i;入口[rù kǒu]
importi;import.0i;輸入[shū rù]
importi;import.0i;导入[dǎo rù]
importisto;import.0isto;进口商[jìn kǒu shāng]
impostdeklaro;impost.0deklaro;報稅表[bào shuì biǎo]
impostdeklaro;impost.0deklaro;納稅申報[nà shuì shēn bào]
impostejo;impost.0ejo;太府寺[tài fǔ sì]
impostejo;impost.0ejo;稅務局[shuì wù jú]
impostejo;impost.0ejo;財政稅務機關[cái zhèng shuì wù jī guān]
imposti;impost.0i;抽稅[chōu shuì]
imposti;impost.0i;捐[juān]
imposti;impost.0i;征税[zhēng shuì]
imposti;impost.0i;征稅[zhēng shuì]
impostisto;impost.0isto;海关关员[hǎi guān guān yuán]
impostisto;impost.0isto;海关收税人[hǎi guān shōu shuì rén]
imposto;impost.0o;稅負[shuì fù]
imposto;impost.0o;稅金[shuì jīn]
imposto;impost.0o;海关[hǎi guān]
imposto;impost.0o;稅[shuì]
imposto;impost.0o;海关税官[hǎi guān shuì guān]
imposto;impost.0o;一吋宽[yī cùn kuān]
imposto;impost.0o;一吋高[yī cùn gāo]
imposto;impost.0o;一英寸宽[yī yīng cùn kuān]
imposto;impost.0o;一英寸高[yī yīng cùn gāo]
impostpaganto;impost.0paganto;納稅人[nà shuì rén]
aldonvalora imposto;impost.aldonvalora0o;增值稅[zēng zhí shuì]
aldonvalora imposto;impost.aldonvalora0o;增加值[zēng jiā zhí]
aldonvalora imposto;impost.aldonvalora0o;环节增值税[huán jié zēng zhí shuì]
aldonvalora imposto;impost.aldonvalora0o;环节曾值税[huán jié céng zhí shuì]
aldonvalora imposto;impost.aldonvalora0o;国内增值税[guó nèi zēng zhí shuì]
doganimposto;impost.dogan0o;通行稅[tōng xíng shuì]
doganimposto;impost.dogan0o;海关[hǎi guān]
doganimposto;impost.dogan0o;关税区[guān shuì qū]
enspezimposto;impost.enspez0o;所得稅[suǒ dé shuì]
enspezimposto;impost.enspez0o;个人所得税[gè rén suǒ dé shuì]
havenimposto;impost.haven0o;港务费[gǎng wù fèi]
havenimposto;impost.haven0o;港口費[gǎng kǒu fèi]
havenimposto;impost.haven0o;码头费[mǎ tóu fèi]
hundimposto;impost.hund0o;养犬税[yǎng quǎn shuì]
kapimposto;impost.kap0o;人头税[rén tóu shuì]
limimposto;impost.lim0o;通行稅[tōng xíng shuì]
limimposto;impost.lim0o;海关[hǎi guān]
limimposto;impost.lim0o;关税区[guān shuì qū]
limimposto;impost.lim0o;海关税官[hǎi guān shuì guān]
pontimposto;impost.pont0o;路桥费[lù qiáo fèi]
salimposto;impost.sal0o;引餉[yǐn xiǎng]
salimposto;impost.sal0o;盐税[yán shuì]
senimposta;impost.sen0a;免稅[miǎn shuì]
senimposta;impost.sen0a;无税[wú shuì]
senimposta;impost.sen0a;保稅[bǎo shuì]
stampimposto;impost.stamp0o;印花稅[yìn huā shuì]
terimposto;impost.ter0o;物业税[wù yè shuì]
terimposto;impost.ter0o;地产税[dì chǎn shuì]
terimposto;impost.ter0o;田賦[tián fù]
terimposto;impost.ter0o;租稅[zū shuì]
terimposto;impost.ter0o;地稅[dì shuì]
vendimposto;impost.vend0o;交易稅[jiāo yì shuì]
vojimposto;impost.voj0o;路費[lù fèi]
vojimposto;impost.voj0o;过路费[guò lù fèi]
impotenteco;impote.0eco;不举[bù jǔ]
impresa;impres.0a;威風[wēi fēng]
impresa;impres.0a;蔚[wèi]
impresa;impres.0a;赫赫[hè hè]
impresa;impres.0a;驕人[jiāo rén]
impresebla;impres.0ebla.FOT;光敏[guāng mǐn]
impresebla;impres.0ebla.FOT;感光[gǎn guāng]
impresi;impres.0i;受感动[shòu gǎn dòng]
impresi;impres.0i;印像深刻[yìn xiàng shēn kè]
impresismo;impres.0ismo;印象主义[yìn xiàng zhǔ yì]
impreso;impres.0o.FOT;曝光[bào guāng]
impreso;impres.0o.gxenerale;感想[gǎn xiǎng]
impreso;impres.0o.gxenerale;随感[suí gǎn]
impreso;impres.0o.gxenerale;印象[yìn xiàng]
impreso;impres.0o.gxenerale;觀感[guān gǎn]
impresionismo;impres2.0o;印象主义[yìn xiàng zhǔ yì]
impresionisto;impres3.0o;印象派[yìn xiàng pài]
improvizaĵo;improv.0ajxo;自制[zì zhì]
improvizaĵo;improv.0ajxo;即兴之作[jí xìng zhī zuò]
improvizaĵo;improv.0ajxo;即兴发挥[jí xìng fā huī]
improvizaĵo;improv.0ajxo;即席演奏[jí xí yǎn zòu]
improvize;improv.0e;即兴[jí xìng]
improvize;improv.0e;即席[jí xí]
impulsa;impuls.0a;怦[pēng]
impulsema;impuls.0ema;怦[pēng]
impulsi;impuls.0i;推进[tuī jìn]
impulsiĝema;impuls.0igxema;怦[pēng]
impulso;impuls.0o;势头[shì tóu]
imputi;imput.0i;归因[guī yīn]
imuna;imun.0a;免疫[miǎn yì]
imuneco;imun.0eco;免疫力[miǎn yì lì]
imuneco;imun.0eco;免疫[miǎn yì]
imuneco;imun.0eco;外交特权[wài jiāo tè quán]
imuneco;imun.0eco;抵抗力[dǐ kàng lì]
imuneco;imun.0eco;豁免[huò miǎn]
imunigi;imun.0igi.MED;免疫法[miǎn yì fǎ]
imunologio;imunologi.0o;免疫学[miǎn yì xué]
ina;in.0a;雌[cī]
-in;;女[nǚ]
-in;;乸[nǎ]
inismo;in.0ismo;女性主义[nǔ: xìng zhǔ yì]
inismo;in.0ismo;女权主义[nǔ: quán zhǔ yì]
inismo;in.0ismo;妇女运动[fù nǔ: yùn dòng]
inismo;in.0ismo;女性主义[nǚ xìng zhǔ yì]
inismo;in.0ismo;女权主义[nǚ quán zhǔ yì]
ino;in.0o;女[nǔ:]
ino;in.0o;女子[nǔ: zǐ]
ino;in.0o;雌[cí]
ino;in.0o;雌性[cí xìng]
ino;in.0o;女性[nǔ: xìng]
inaŭguri;inauxg.0i;开幕[kāi mù]
inaŭguri;inauxg.0i;揭幕[jiē mù]
inaŭgurado;inauxg.0o0ado;揭幕式[jiē mù shì]
inaŭgurado;inauxg.0o0ado;开幕式[kāi mù shì]
inaŭgurado;inauxg.0o0ado;就职典礼[jiù zhí diǎn lǐ]
inaŭgurado;inauxg.0o0ado;开幕典礼[kāi mù diǎn lǐ]
inaŭgurado;inauxg.0o0ado;开幕礼[kāi mù lǐ]
inaŭguracio;inauxg1.0o;揭幕式[jiē mù shì]
inaŭguracio;inauxg1.0o;开幕式[kāi mù shì]
inaŭguracio;inauxg1.0o;开幕仪式[kāi mù yí shì]
inaŭguracio;inauxg1.0o;开幕庆典[kāi mù qìng diǎn]
inaŭguracio;inauxg1.0o;开幕典礼[kāi mù diǎn lǐ]
inaŭguracio;inauxg1.0o;开幕礼[kāi mù lǐ]
incendio;incend.0o;燹[xiǎn]
incendio;incend.0o;火災[huǒ zāi]
incendio;incend.0o;煆[xiā]
incenso;incens.0o;線香[xiàn xiāng]
incenso;incens.0o.rezino;乳香[rǔ xiāng]
incensilo;incens.0ujo;香炉[xiāng lú]
incenso;incens.0o;香[xiāng]
incesto;incest.0o;乱伦[luàn lún]
incidento;incide.0o;突发事件[tū fā shì jiàn]
incidento;incide.0o;重大事件[zhòng dà shì jiàn]
incidento;incide.0o;事变[shì biàn]
incitebla;incit.0ebla;应激性[yìng jī xìng]
incitebla;incit.0ebla;易激惹[yì jī rě]
inciteco;incit.0eco;激动[jī dòng]
inciteti;incit.0eti;作弄[zuò nòng]
inciteti;incit.0eti;嘲弄[cháo nòng]
inciteti;incit.0eti;嬲[niǎo]
inciteti;incit.0eti;捉弄[zhuō nòng]
inciteti;incit.0eti;耍猴[shuǎ hóu]
inciteti;incit.0eti;調侃[tiáo kǎn]
inciteti;incit.0eti;逗[dòu]
inciteti;incit.0eti;嫐[nǎo]
inciti;incit.0i;嗾[sǒu]
inciti;incit.0i;挑[tiǎo]
inciti;incit.0i;刺激[cì jī]
inciti;incit.0i;受鼓舞[shòu gǔ wǔ]
inciti;incit.0i;有刺激性[yǒu cì jī xìng]
inciti;incit.0i;被唤起兴奋[bèi huàn qǐ xīng fèn]
inciti;incit.0i;被惹恼[bèi rě nǎo]
incitiĝema;incit.0igxema;应激性[yìng jī xìng]
incitiĝema;incit.0igxema;易激惹[yì jī rě]
incizivo;incizi.0o;門牙[mén yá]
incizivo;incizi.0o;門齒[mén chǐ]
Inĉono;incxon.0o;仁川[Rén chuān]
Inĉono;incxon.0o;仁川市[Rén chuān shì]
inda;ind.0a;有報酬[yǒu bào chóu]
indeco;ind.0eco;功劳[gōng láo]
indeco;ind.0eco;功德[gōng dé]
indeco;ind.0eco;尊严[zūn yán]
indi;ind.0i;值[zhí]
indi;ind.0i;值得[zhí de]
indi;ind.0i;应得[yīng dé]
indi;ind.0i;該當[gāi dāng]
indi;ind.0i;值得敬佩[zhí de jìng pèi]
indi;ind.0i;当之无愧[dāng zhī wú kuì]
indigi;ind.0igi;使增值[shǐ zēng zhí]
indigi;ind.0igi;升值[shēng zhí]
malinda;ind.mal0a;冤枉[yuān wang]
indekso;indeks.0o.TIP;索引[suǒ yǐn]
indekso;indeks.0o.TIP;引得[yǐn dé]
indekso;indeks.0o.TIP;目录[mù lù]
incensujo;incens.0ujo;香炉[xiāng lú]
indio;indi.0o;銦[yīn]
indiano;indian.0o;印第安女人[yìn dì ān nǚ rén]
indiano;;印第安人[yìn dì ān rén]
Indianao;indiana.0o;印地安納[Yìn dì ān nà]
Indianao;indiana.0o;印地安納州[Yìn dì ān nà zhōu]
Indianao;indiana.0o;印第安納[Yìn dì ān nà]
Indianao;indiana.0o;印第安納州[Yìn dì ān nà zhōu]
indico;indic.0o.KOMP;指数[zhǐ shù]
indico;indic.0o.KOMP;索引字母[suǒ yǐn zì mǔ]
indico;indic.0o.SCI;指标[zhǐ biāo]
indico;indic.0o.SCI;指数[zhǐ shù]
indico;indic.0o.TIP;指数[zhǐ shù]
indieno;indien.0o;花布[huā bù]
indiferenta;indife.0a;无关紧要[wú guān jǐn yào]
indiferenta;indife.0a;淡漠[dàn mò]
indiferenta;indife.0a;忘情[wàng qíng]
indiferenta;indife.0a;漫不經心[màn bù jīng xīn]
indiferenta;indife.0a;冷淡[lěng dàn]
indiferenta;indife.0a;冷漠[lěng mò]
indiferenta;indife.0a;无所谓[wú suǒ wèi]
indiferenta;indife.0a;淡然[dàn rán]
indiferenta;indife.0a;漠然[mò rán]
indiferenta;indife.0a;恝[jiá]
indiferenteco;indife.0eco;漫不經心[màn bù jīng xīn]
indiferenti;indife.0i;不重視[bù zhòng shì]
indiferenti;indife.0i;不在乎[bù zài hu]
indiferenti;indife.0i;不在意[bù zài yì]
indigokolora;indig.0a;蓝靛[lán diàn]
indigokolora;indig.0a;青靛[qīng diàn]
indigokolora;indig.0a;靛花[diàn huā]
indigokolora;indig.0a;靛青[diàn qīng]
indigo;indig.0o;青黛[qīng dài]
indigo;indig.0o;靛靑[diàn qīng]
indigo;indig.0o;靛[diàn]
indigna;indign.0a;愤愤不平[fèn fèn bù píng]
indigna;indign.0a;愤激[fèn jī]
indigna;indign.0a;气愤[qì fèn]
indigna;indign.0a;受到凌辱[shòu dào líng rǔ]
indigna;indign.0a;激怒[jī nù]
indigna;indign.0a;忿懑[fèn mèn]
indigni;indign.0i;嗔[chēn]
indignigaĵo;indign.0indajxo;公开侮辱[gōng kāi wǔ rù]
indignigaĵo;indign.0indajxo;冒犯[mào fàn]
indignigaĵo;indign.0indajxo;輕蔑[qīng miè]
indignigaĵo;indign.0indajxo;丑闻[chǒu wén]
indigno;indign.0o;义愤[yì fèn]
indigno;indign.0o;愤[fèn]
indiĝena;indigx.0a;土著[tǔ zhù]
indiĝena;indigx.0a;土着[tǔ zhù]
indiĝena;indigx.0a;土生土長[tǔ shēng tǔ zhǎng]
indiĝena;indigx.0a;土著人[tǔ zhù rén]
indiĝeno;indigx.0o;土人[tǔ rén]
indiĝeno;indigx.0o;土着[tǔ zhù]
indiĝeno;indigx.0o;土着居民[tǔ zhù jū mín]
indiĝeno;indigx.0o;山地人[shān dì rén]
indiĝeno;indigx.0o;原始居民[yuán shǐ jū mín]
indiĝeno;indigx.0o;原住民族[yuán zhù mín zú]
indikaĵo;indik.0ajxo;事證[shì zhèng]
indikaĵo;indik.0ajxo;佐證[zuǒ zhèng]
indikaĵo;indik.0ajxo;征[zhēng]
indikaĵo;indik.0ajxo;證據[zhèng jù]
indiki;indik.0i;指出[zhǐ chū]
indiki;indik.0i;指[zhǐ]
indiki;indik.0i;指点[zhǐ diǎn]
indiki;indik.0i;示[shì]
indiki;indik.0i;表明[biǎo míng]
indiki;indik.0i;标明[biāo míng]
indiki;indik.0i;标示[biāo shì]
indiki;indik.0i;点出[diǎn chū]
indiki;indik.0i;指明[zhǐ míng]
indikilo;indik.0ilo;指示符[zhǐ shì fú]
indikilo;indik.0ilo;指示者[zhǐ shì zhě]
indikilo;indik.0ilo;跡象[jì xiàng]
indikilo;indik.0ilo;公示[gōng shì]
indikilo;indik.0ilo;指示物[zhǐ shì wù]
indikilo;indik.0ilo;線索[xiàn suǒ]
indikilo;indik.0ilo;作标记[zuò biāo jì]
indikilo;indik.0ilo;核对标记[hé duì biāo jì]
indikilo;indik.0ilo;記號[jì hào]
indikilo;indik.0ilo;指示計[zhǐ shì jì]
indiko;indik.0o;跡象[jì xiàng]
indiko;indik.0o;指示者[zhǐ shì zhě]
indiko;indik.0o;指示符[zhǐ shì fú]
uzindiko;indik.0uzo;使用說明[shǐ yòng shuō míng]
uzindiko;indik.0uzo;使用說明書[shǐ yòng shuō míng shū]
indikativo;indika.0o;直陈式[zhí chén shì]
indikatoro;indika1.0o;指示符[zhǐ shì fú]
indikatoro;indika1.0o;指示者[zhǐ shì zhě]
indikatoro;indika1.0o;公示[gōng shì]
indikatoro;indika1.0o;指示物[zhǐ shì wù]
indikatoro;indika1.0o;指征[zhǐ zhēng]
indikatoro;indika1.0o;灯号[dēng hào]
indikatoro;indika1.0o;內容指示器[nèi róng zhǐ shì qì]
individua;indivi.0a;个体[gè tǐ]
individua;indivi.0a;个别[gè bié]
individua;indivi.0a;逐[zhú]
individueco;indivi.0eco;个性[gè xìng]
individuismo;indivi.0ismo;个人主义[gè rén zhǔ yì]
individuisto;indivi.0isto;个人主义者[gè rén zhǔ yì zhě]
individuo;indivi.0o;个体[gè tǐ]
individuo;indivi.0o;个人[gè rén]
individuo;indivi.0o;小我[xiǎo wǒ]
individuala;indivi1.0a;个体[gè tǐ]
individuala;indivi1.0a;个性化[gè xìng huà]
individuala;indivi1.0a;个别[gè bié]
individualismo;indivi1.0ismo;个人主义[gè rén zhǔ yì]
individualisto;indivi1.0isto;个人主义者[gè rén zhǔ yì zhě]
Indonezio;indonezi.I0o.GEOG;印度尼西亚[Yìn dù ní xī yà]
Indonezio;indonezi.I0o.GEOG;印尼[Yìn ní]
Indonezio;indonezi.I0o.GEOG;印尼[yìn ní]
Indonezio;indonezi.I0o.GEOG;印度尼西亚[yìn dù ní xī yà]
Indro;indr.0o;因陀罗[yīn tuó luó]
indukcio;indukci.0o;感生电流[gǎn shēng diàn liú]
indukta;indukt.0a;引人[yǐn rén]
indukti;indukt.0i;誘發[yòu fā]
indukti;indukt.0i;勾起[gōu qǐ]
indukti;indukt.0i;导出[dǎo chū]
indukti;indukt.0i;引发[yǐn fā]
indukto;indukt.0o;归纳法[guī nà fǎ]
indukto;indukt.0o;归纳[guī nà]
indukto;indukt.0o;感生电流[gǎn shēng diàn liú]
indukto;indukt.0o;感应[gǎn yìng]
induktilo;indukt.il0o;反应器[fǎn yìng qì]
induktilo;indukt.il0o;扼流線圈[è liú xiàn juàn]
induktilo;indukt.il0o;电感线圈[diàn gǎn xiàn juàn]
indulgema;indulg.0ema;宽容[kuān róng]
indulgema;indulg.0ema;从宽[cóng kuān]
indulgema;indulg.0ema;宽厚[kuān hòu]
indulgema;indulg.0ema;宽宏[kuān hóng]
indulgema;indulg.0ema;宽宏大度[kuān hóng dà dù]
indulgema;indulg.0ema;手軟[shǒu ruǎn]
indulgi;indulg.0i;手軟[shǒu ruǎn]
indulgi;indulg.0i;留情[liú qíng]
indulgo;indulg.0o;宽大[kuān dà]
senindulga;indulg.sen0a;苛[kē]
senindulga;indulg.sen0a;严厉[yán lì]
senindulga;indulg.sen0a;苛刻[kē kè]
senindulga;indulg.sen0a;凛[lǐn]
senindulga;indulg.sen0a;狠心[hěn xīn]
indulgenco;indulg1.0o;贖罪券[shú zuì quàn]
Induso;indus.0o;印度河[Yìn dù Hé]
industria;indust.0a;产业[chǎn yè]
industria;indust.0a;工业化[gōng yè huà]
industriulo;indust.0isto;实业家[shí yè jiā]
industrio;indust.0o;工业[gōng yè]
nutrindustrio;indust.nutrajx0o;食品工业[shí pǐn gōng yè]
inercia;inerci.0a;惰性[duò xìng]
inercio;inerci.0o;惰性[duò xìng]
inercio;inerci.0o;惯量[guàn liàng]
inercio;inerci.0o;惯性[guàn xìng]
inerta;inert.0a;惰性[duò xìng]
inerteca;inert.0eca;惰性[duò xìng]
inerteco;inert.0eco;惰性[duò xìng]
inerteco;inert.0eco;惯量[guàn liàng]
inerteco;inert.0eco;惯性[guàn xìng]
inerteco;inert.0eco;惯性原理[guàn xìng yuán lǐ]
inerteco;inert.0eco;惯力[guàn lì]
inerteco;inert.0eco;惯性力[guàn xìng lì]
infana;infan.0a;童稚[tóng zhì]
infana;infan.0a;稚[zhì]
infana;infan.0a;稚气[zhì qì]
infaneco;infan.0eco;童年[tóng nián]
infaneto;infan.0eto;小孩[xiǎo hái]
infaneto;infan.0eto;娃娃[wá wa]
infaneto;infan.0eto;幼儿[yòu ér]
infaneto;infan.0eto;阿囡[a nān]
infanistino;infan.0istino;阿姨[ā yí]
infanistino;infan.0istino;姆[mǔ]
infanistino;infan.0istino;姥[mǔ]
infanistino;infan.0istino;保育员[bǎo yù yuán]
infanistino;infan.0istino;幼儿园老师[yòu ér yuán lǎo shī]
infanistino;infan.0istino;幼师[yòu shī]
infanistino;infan.0istino;女助教[nǚ zhù jiào]
infanistino;infan.0istino;女家庭教师[nǚ jiā tíng jiào shī]
infanistino;infan.0istino;日托阿姨[rì tuō ā yí]
infanumi;infan.0umi;憨笑[hān xiào]
mirinfano;infan.mir0o;神童[shén tóng]
seninfana;infan.sen0a;无儿女[wú ér nǚ]
seninfana;infan.sen0a;无子女[wú zǐ nǚ]
suĉinfano;infan.sucx0o;娃[wá]
suĉinfano;infan.sucx0o;娃娃[wá wa]
suĉinfano;infan.sucx0o;婴儿[yīng ér]
infanteriano;infant.0ano;步兵[bù bīng]
infanteriano;infant.0ano;小卒[xiǎo zú]
infanteriano;infant.0ano;步兵部队[bù bīng bù duì]
infanterio;infant.0o;步兵[bù bīng]
infanterio;infant.0o;步兵部队[bù bīng bù duì]
infanterio;infant.0o;步兵团[bù bīng tuán]
infarkto;infarkt.0o;梗塞[gěng sè]
infekta;infekt.0a;传染[chuán rǎn]
infekta;infekt.0a;感染性[gǎn rǎn xìng]
infekta;infekt.0a;易传染[yì zhuàn rǎn]
infekta;infekt.0a;会感染[huì gǎn rǎn]
infekta;infekt.0a;影响别人[yǐng xiǎng bié rén]
infekta;infekt.0a;招人[zhāo rén]
infektaĵo;infekt.0ajxo.antajxo;病原[bìng yuán]
infektaĵo;infekt.0ajxo.antajxo;病原体[bìng yuán tǐ]
infekti;infekt.0i;感染[gǎn rǎn]
infekti;infekt.0i;传染[chuán rǎn]
infekti;infekt.0i;传[chuán]
infekti;infekt.0i;染[rǎn]
infektado;infekt.0o0ado;感染[gǎn rǎn]
infektado;infekt.0o0ado;侵染[qīn rǎn]
infektado;infekt.0o0ado;发炎[fā yán]
seninfektigi;infekt.mal0isen0igi;消毒[xiāo dú]
seninfektigi;infekt.mal0isen0igi;杀菌[shā jùn]
seninfektigi;infekt.mal0isen0igi;熏[xūn]
infektologio;infektologi.0o.MED;传染病学[chuán rǎn bìng xué]
infera;infer.0a;苦不堪言[kǔ bù kān yán]
infera;infer.0a;难以忍受的[nán yǐ rěn shòu de]
infero;infer.0o;阴曹[yīn cáo]
infero;infer.0o;地狱[dì yù]
infestado;infest.0o;侵入[qīn rù]
infesto;infest.0o;侵入[qīn rù]
infimo;infim.0o;下确界[xià què jiè]
infinita;infini.0a;漫漫[màn màn]
infinita;infini.0a;澒[hòng]
infinita;infini.0a;无垠[wú yín]
infinita;infini.0a;无穷[wú qióng]
infinito;infini.0o;无穷[wú qióng]
infinitezima;infini1.0a;无限小数[wú xiàn xiǎo shù]
infinitezima;infini1.0a;无穷小[wú qióng xiǎo]
infinitezima;infini1.0a;几微[jī wēi]
infinitezima;infini1.0a;微小[wēi xiǎo]
infinitezima;infini1.0a;极细小[jí xì xiǎo]
infinitivo;infini2.0o;动词不定式[dòng cí bù dìng shì]
infinitivo;infini2.0o;不定詞[bú dìng cí]
inflacio;inflac.0o;通貨膨脹[tōng huò péng zhàng]
inflacio;inflac.0o;通胀[tōng zhàng]
malinflacio;inflac.mal0o;通貨緊縮[tōng huò jǐn suō]
inflamo;inflam.0o;炎[yán]
inflamo;inflam.0o;发炎[fā yán]
inflamo;inflam.0o;炎症[yán zhèng]
gorĝinflamo;inflam.gorgx0o;咽峡炎[yān xiá yán]
gorĝinflamo;inflam.gorgx0o;咽炎[yān yán]
orelinflamo;inflam.orel0o;中耳炎[zhōng ěr yán]
pulminflamo;inflam.pulm0o;肺炎[fèi yán]
infloresko;inflor.0o;花丛[huā cóng]
infloresko;inflor.0o;花序[huā xù]
influhava;influ.0a;有影响[yǒu yǐng xiǎng]
influhava;influ.0a;举足轻重[jǔ zú qīng zhòng]
influhava;influ.0a;显达[xiǎn dá]
influhava;influ.0a;佔上風[zhàn shàng fēng]
influhava;influ.0a;佔優勢[zhàn yòu shì]
influhava;influ.0a;很有影响[hěn yǒu yǐng xiǎng]
influi;influ.0i;影响[yǐng xiǎng]
influi;influ.0i;感染[gǎn rǎn]
influi;influ.0i;熏陶[xūn táo]
influi;influ.0i;牵动[qiān dòng]
influi;influ.0i;說服[shuō fú]
influo;influ.0o;影响[yǐng xiǎng]
influo;influ.0o;感染[gǎn rǎn]
influo;influ.0o;影响力[yǐng xiǎng lì]
influo;influ.0o;熏陶[xūn táo]
influo;influ.0o;权势[quán shì]
influo;influ.0o;威势[wēi shì]
kontraŭinfluo;influ.kontraux0o;感化[gǎn huà]
kontraŭinfluo;influ.kontraux0o;抗衡[kàng héng]
seninflua;influ.sen0a;中性[zhōng xìng]
seninflua;influ.sen0a;中立[zhōng lì]
seninflua;influ.sen0a;小可[xiǎo kě]
influenco;influenc.0o;流行性感冒[liú xíng xìng gǎn mào]
influenco;influenc.0o;流感[liú gǎn]
influenco;influenc.0o;流性感冒[liú xìng gǎn mào]
informero;inform.0ero;数据[shù jù]
informero;inform.0ero.KOMUNE;实施情况[shí shī qíng kuàng]
informi;inform.0i;通知[tōng zhī]
informi;inform.0i;告知[gào zhī]
informi;inform.0i;詵[shēn]
informi;inform.0i;告訴[gào su]
informiĝi;inform.0igxi.KOMUNE;詢[xún]
informiĝi;inform.0igxi.KOMUNE;詢問[xún wèn]
informiĝi;inform.0igxi.KOMUNE;問[wèn]
informiĝi;inform.0igxi.KOMUNE;問事[wèn shì]
informiĝi;inform.0igxi.KOMUNE;查詢[chá xún]
informisto;inform.0isto;告密[gào mì]
informo;inform.0o.KOMP;信息[xìn xī]
informo;inform.0o.KOMP;消息[xiāo xi]
informo;inform.0o.KOMP;資訊[zī xùn]
misinformo;;假新聞[jiǎ xīn wén]
informadiko;informatik.0o;信息学[xìn xī xué]
informadiko;informatik.0o;資訊科技[zī xùn kē jì]
informadiko;informatik.0o;計算機科學[jì suàn jī kē xué]
informadiko;informatik.0o;信息技术[xìn xī jì shù]
informatiko;informatik.0o;信息学[xìn xī xué]
informatiko;informatik.0o;資訊科技[zī xùn kē jì]
informatiko;informatik.0o;計算機科學[jì suàn jī kē xué]
informatiko;informatik.0o;信息技术[xìn xī jì shù]
infraruĝa;infrarugx.0a;紅外[hóng wài]
infrastrukturo;infrastruktur.0o;基础设施[jī chǔ shè shī]
infrastrukturo;infrastruktur.0o;公共設施[gōng gòng shè shī]
infrastrukturo;infrastruktur.0o;基础结构[jī chǔ jié gòu]
infuzaĵo;infuz.0ajxo;注人[zhù rén]
infuzaĵo;infuz.0ajxo;熬煮[áo zhǔ]
infuzi;infuz.0i;沏[qī]
infuzi;infuz.0i;泡水[pào shuǐ]
ingita;ing.0ita;嵌进[qiàn jìn]
ingita;ing.0ita;嵌入性[qiàn rù xìng]
ingo;ing.0o;鞞[bǐng]
ingo;ing.0o;鞘[qiào]
elingigi;ing.el0igi;抽[chōu]
elingigi;ing.el0igi;出鞘[chū qiào]
eningigi;ing.en0igi;套入[tào rù]
eningigi;ing.en0igi;进行配合[jìn xíng pèi hé]
ingoto;ingot.0o;鋌[dìng]
ingoto;ingot.0o;錠[dìng]
ingoto;ingot.0o;錁[kè]
ingredienco;ingred.0o;配料[pèi liào]
ingredienco;ingred.0o;用料[yòng liào]
ingredienco;ingred.0o;成份[chéng fèn]
ingredienco;ingred.0o;成分[chéng fèn]
ingredienco;ingred.0o;食材[shí cái]
ingredienco;ingred.0o;药材[yào cái]
ingredienco;ingred.0o;輔料[fǔ liào]
ingredienco;ingred.0o;分[fèn]
ingredienco;ingred.0o;組成部分[zǔ chéng bù fèn]
ingredienco;ingred.0o;制作材料[zhì zuò cái liào]
ingredienco;ingred.0o;佐料[zuǒ liào]
ingredienco;ingred.0o;原料[yuán liào]
inĝeniero;ingxen.0o;工程师[gōng chéng shī]
inĝenia;ingxeni.0a;独创性[dú chuàng xìng]
inĝenia;ingxeni.0a;儇[xuān]
inĝenia;ingxeni.0a;巧妙[qiǎo miào]
inĝenia;ingxeni.0a;机智[jī zhì]
inĝenia;ingxeni.0a;妙[miào]
inĝenia;ingxeni.0a;高妙[gāo miào]
inĝenio;ingxeni.0o;创意[chuàng yì]
inhalaĵo;inhal.0ajxo;吸入剂[xī rù jì]
inhali;inhal.0i;吸进[xī jìn]
inhali;inhal.0i;吸[xī]
inhibicii;inhib.0i;抑制[yì zhì]
inhibicii;inhib.0i;阻抑[zǔ yì]
inhibicii;inhib.0i;克制[kè zhì]
inhibicii;inhib.0i;束縛[shù fú]
inhibicio;inhib.0o;克制[kè zhì]
inhibicio;inhib.0o;阻碍[zǔ ài]
inhibicio;inhib.0o;障碍[zhàng ài]
inici;inic.0i;介紹[jiè shào]
inicito;inic.0ito;知情人[zhī qíng rén]
inicito;inic.0ito;蒙求[méng qiú]
inicito;inic.0ito;首创[shǒu chuàng]
inicito;inic.0ito;知情人士[zhī qíng rén shì]
iniciati;inicia.0i;倡議[chàng yì]
iniciati;inicia.0i;立項[lì xiàng]
iniciati;inicia.0i;倡[chàng]
iniciati;inicia.0i;倡始[chàng shǐ]
iniciati;inicia.0i;倡导[chàng dǎo]
iniciati;inicia.0i;倡言[chàng yán]
iniciatinto;inicia.0into;创始人[chuàng shǐ rén]
iniciatinto;inicia.0into;发起人[fā qǐ rén]
iniciatinto;inicia.0into;创始者[chuàng shǐ zhě]
iniciato;inicia.0o;能动性[néng dòng xìng]
iniciato;inicia.0o;积极性[jī jí xìng]
iniciato;inicia.0o;创举[chuàng jǔ]
iniciato;inicia.0o;主动[zhǔ dòng]
iniciato;inicia.0o;主动权[zhǔ dòng quán]
iniciato;inicia.0o;初始[chū shǐ]
iniciato;inicia.0o;初步行动[chū bù xíng dòng]
iniciato;inicia.0o;第一步[dì yī bù]
iniciato;inicia.0o;首创精神[shǒu chuàng jīng shén]
iniciatemo;;进取心[jìn qǔ xīn]
iniciativo;inicia1.0o;积极性[jī jí xìng]
iniciativo;inicia1.0o;能动性[néng dòng xìng]
iniciativo;inicia1.0o;创举[chuàng jǔ]
iniciativo;inicia1.0o;主动[zhǔ dòng]
iniciativo;inicia1.0o;主动权[zhǔ dòng quán]
iniciativo;inicia1.0o;初步行动[chū bù xíng dòng]
iniciativo;inicia1.0o;进取心[jìn qǔ xīn]
iniciativo;inicia1.0o;第一步[dì yī bù]
iniciativo;inicia1.0o;首创精神[shǒu chuàng jīng shén]
iniciativo;inicia1.0o.iniciatemo;倡議[chàng yì]
iniciatoro;inicia2.0o;创始人[chuàng shǐ rén]
iniciatoro;inicia2.0o;发起人[fā qǐ rén]
iniciatoro;inicia2.0o;创始者[chuàng shǐ zhě]
inicialo;inicial.0o;首字母[shǒu zì mǔ]
inicialo;inicial.0o;头文字[tóu wén zì]
injektaĵo;injekt.0ajxo;注射剂[zhù shè jì]
injekti;injekt.0i;注射[zhù shè]
injekti;injekt.0i;輸注[shū zhù]
injekti;injekt.0i;打針[dǎ zhēn]
injekti;injekt.0i;施打[shī dǎ]
injektilo;injekt.0ilo;注射器[zhù shè qì]
injekto;injekt.0o;注射[zhù shè]
inko;ink.0o;墨水[mò shuǐ]
inko;ink.0o;墨[mò]
inko;ink.0o;墨魚[mò yú]
ĥina inko;ink.cxina0o;墨汁[mò zhī]
presinko;ink.pres0o;油墨[yóu mò]
presinko;ink.pres0o;黑墨[hēi mò]
presinko;ink.pres0o;印刷彩色油墨[yìn shuà cǎi sè yóu mò]
presinko;ink.pres0o;印刷油墨[yìn shuà yóu mò]
presinko;ink.pres0o;墨色[mò sè]
presinko;ink.pres0o;打印墨水[dǎ yìn mò shuǐ]
inkao;inka.0o;印加人[yìn jiā rén]
inkao;inka.0o;印加文明[yìn jiā wén míng]
inkao;inka.0o;印加[yìn jiā]
inkandeska;inkand.0a;极亮[jí liàng]
inklini;inklin.0i;倾向[qīng xiàng]
inklini;inklin.0i;倾向于[qīng xiàng yú]
inklini;inklin.0i;趋于[qū yú]
korinklini;inklin.kor0i;怜爱[lián ài]
korinkliniĝi;inklin.kor0igxi;愛慕[ài mù]
kora inklino;inklin.kor0o;亲情[qīn qíng]
malinklina;inklin.mal0a;不乐意[bù lè yì]
malinklina;inklin.mal0a;勉強[miǎn qiǎng]
malinklina;inklin.mal0a;厌恶[yān è]
malinklina;inklin.mal0a;不感兴趣[bù gǎn xìng qù]
malinklina;inklin.mal0a;厌恶[yàn wù]
inkludi;inklud.0i;內含[nèi hán]
inkludi;inklud.0i;包括[bāo kuò]
inkludi;inklud.0i;包罗[bāo luó]
inkludi;inklud.0i;含括[hán guā]
inkludi;inklud.0i;囊括[náng kuò]
inkludi;inklud.0i;括[kuò]
inkludi;inklud.0i;收列[shōu liè]
inkludi;inklud.0i;归入[guī rù]
inkludi;inklud.0i;涵[hán]
inkluzivi;inkluz.0i;內含[nèi hán]
inkluzivi;inkluz.0i;括[kuò]
inkluzivi;inkluz.0i;收列[shōu liè]
inkluzivi;inkluz.0i;包括[bāo kuò]
inkluzivi;inkluz.0i;並把[bìng bǎ]
inkluzivigi;inkluz.0igi;附上[fù shàng]
inkluzivigi;inkluz.0igi;並把[bìng bǎ]
inkluzivigi;inkluz.0igi;括[kuò]
inkluzivigi;inkluz.0igi;收列[shōu liè]
malinkluzivi;inkluz.mal0i;不参与[bù cān yù]
malinkluzivi;inkluz.mal0i;排除掉[pái chú diào]
malinkluzivi;inkluz.mal0i;毫无考虑余地[háo wú kǎo lü yú dì]
malinkluzivi;inkluz.mal0i;关在门外[guān zài mén wài]
inkognite;inkogn.0e;隐名[yǐn míng]
inkogniteco;inkogn.0eco;匿名[nì míng]
inkogniteco;inkogn.0eco;无名[wú míng]
inkogniteco;inkogn.0eco;匿名性[nì míng xìng]
inkogniteco;inkogn.0eco;匿名者[nì míng zhě]
inkrustaĵo;inkrus.0ajxo;鑲嵌[xiāng qiàn]
inkrusti;inkrus.0i;鑲嵌[xiāng qiàn]
inkubo;inkub.0o.songxo;夢魘[mèng yǎn]
inkubo;inkub.0o.songxo;魇[yǎn]
inkubo;inkub.0o.songxo;噩夢[è mèng]
inkubo;inkub.0o.songxo;恶梦[è mèng]
inkubo;inkub.0o.songxo;寎[bìng]
inkubo;inkub.0o.songxo;夢魔[mèng mó]
inkubo;inkub.0o.songxo;可怕的事物[kě pà de shì wù]
inkubacio;inkubaci.0o;潛伏期[qián fú qī]
inkubacio;inkubaci.0o;抱蛋[bào dàn]
inkubacio;inkubaci.0o;熟慮[shú lü]
inkubatoro;inkubator.0o;保育箱[bǎo yù xiāng]
inkubatoro;inkubator.0o;孵化器[fū huà qì]
inkubatoro;inkubator.0o;孵化场[fū huà chǎng]
inkudo;inkud.0o;砧[zhēn]
inkudo;inkud.0o;鐵砧[tiě zhēn]
inkunablo;inkunabl.0o;初期刊本[chū qī kān běn]
inkvizicio;inkviz.0o;刑訊[xíng xùn]
inkvizicio;inkviz.0o;异端裁判所[yì duān cái pàn suǒ]
inkvizicio;inkviz.0o;审理[shěn lǐ]
inokuli;inokul.0i.grefti;接木[jiē mù]
insekto;insekt.0o;虫子[chóng zi]
insekto;insekt.0o;昆虫[kūn chóng]
insektoj;insekt.0oj;昆虫[kūn chóng]
insektaĉo;insekt.fi0o;害虫[hài chóng]
insekticido;insekticid.0o;杀虫剂[shā chóng jì]
insekticido;insekticid.0o;杀虫[shā chóng]
insekticido;insekticid.0o;杀虫药[shā chóng yào]
inkrusti;inkrus.0i;結殼[jié ké]
inserti;;鑲[xiāng]
insida;insid.0a;隐袭[yǐn xí]
insida;insid.0a;阴险[yīn xiǎn]
insida;insid.0a;阴毒[yīn dú]
insida;insid.0a;蛇一般[shé yī bān]
insida;insid.0a;蛇形[shé xíng]
insida;insid.0a;詭譎[guǐ jué]
insidema;insid.0ema;隐袭[yǐn xí]
insidema;insid.0ema;阴险[yīn xiǎn]
insidi;insid.0i;暗算[àn suàn]
insidaĵo;insid.0o;图谋[tú móu]
insidaĵo;insid.0o;詭計[guǐ jì]
insidaĵo;insid.0o;阴谋[yīn móu]
insidaĵo;insid.0o;陷阱[xiàn jǐng]
insigno;insign.0o;徽[huī]
insigno;insign.0o;徽章[huī zhāng]
insigno;insign.0o;像章[xiàng zhāng]
insigno;insign.0o;象徵[xiàng zhēng]
insinui;insinu.0i;隐射[yǐn shè]
insista;insist.0a;毅[yì]
insista;insist.0a;坚持不懈[jiān chí bù xiè]
insista;insist.0a;始終不渝[shǐ zhōng bù yú]
insista;insist.0a;鍥而不捨[qiè ér bù shě]
insistadi;insist.0adi;坚称[jiān chēng]
insistadi;insist.0adi;執意[zhí yì]
insistadi;insist.0adi;坚持[jiān chí]
insiste;insist.0e;再三[zài sān]
insiste;insist.0e;苦苦[kǔ kǔ]
insisti;insist.0i;坚持[jiān chí]
insisti;insist.0i;偏要[piān yào]
insisti;insist.0i;執意[zhí yì]
insisti;insist.0i;坚执[jiān zhí]
insisti;insist.0i;非要[fēi yào]
insisti;insist.0i;坚称[jiān chēng]
insolenta;insolent.0a;嚣张[xiāo zhāng]
insolenta;insolent.0a;张狂[zhāng kuáng]
insolenta;insolent.0a;驕橫[jiāo hèng]
insolento;insolent.0o;狂妄[kuáng wàng]
inspektisto;inspek.0anto;监督员[jiān dū yuán]
inspektisto;inspek.0anto;监察员[jiān chá yuán]
inspektisto;inspek.0anto;检察员[jiǎn chá yuán]
inspektisto;inspek.0anto;視察員[shì chá yuán]
inspektisto;inspek.0anto;高級官員[gāo jí guān yuán]
inspektisto;inspek.0anto;检验员[jiǎn yàn yuán]
inspektisto;inspek.0anto;监判员[jiān pàn yuán]
inspektisto;inspek.0anto;監审員[jiān shěn yuán]
inspekti;inspek.0i;查看[chá kàn]
inspekti;inspek.0i;核查[hé chá]
inspekti;inspek.0i;稽查[jī chá]
inspekti;inspek.0i;稽[jī]
inspekti;inspek.0i;检查[jiǎn chá]
inspekti;inspek.0i;視察[shì chá]
inspekti;inspek.0i;查驗[chá yàn]
inspekti;inspek.0i;审核[shěn hé]
inspekti;inspek.0i;察[chá]
inspekti;inspek.0i;检验[jiǎn yàn]
inspekti;inspek.0i;攷[kǎo]
inspekti;inspek.0i;查[chá]
inspekti;inspek.0i;检[jiǎn]
inspekti;inspek.0i;稽核[jī hé]
inspektado;inspek.0o.KOMUNE;管制[guǎn zhì]
inspektado;inspek.0o.KOMUNE;检查[jiǎn chá]
inspektoro;inspek1.0o;督察[dū chá]
inspektoro;inspek1.0o;检查员[jiǎn chá yuán]
inspektoro;inspek1.0o;监督员[jiān dū yuán]
inspektoro;inspek1.0o;稽查人员[jī chá rén yuán]
inspektoro;inspek1.0o;稽查员[jī chá yuán]
inspiri;inspir.0i;振奋[zhèn fèn]
inspiri;inspir.0i;授意[shòu yì]
inspiri;inspir.0i;感召[gǎn zhào]
inspiro;inspir.0o;灵感[líng gǎn]
instalaĵo;instal.0ajxo;設施[shè shī]
instalaĵo;instal.0ajxo;装置[zhuāng zhì]
instalaĵo;instal.0ajxo;設備[shè bei]
instali;instal.0i.enpostenigi;安放[ān fàng]
instali;instal.0i.ion;装[zhuāng]
instali;instal.0i.ion;装机[zhuāng jī]
instali;instal.0i.ion;置[zhì]
instaliĝi;instal.0igxi;安家[ān jiā]
instaliĝi;instal.0igxi;定居[dìng jū]
instaliĝi;instal.0igxi;立足[lì zú]
instaliĝi;instal.0igxi;落戶[luò hù]
instalilo;instal.0ilo;安装程序[ān zhuāng chéng xù]
malinstali;instal.mal0i;卸載[xiè zǎi]
malinstali;instal.mal0i;卸載[xiè zài]
instigi;instig.0i;煽动[shān dòng]
instigi;instig.0i;煽[shān]
instigi;instig.0i;鼓动[gǔ dòng]
instigi;instig.0i;挑起[tiǎo qǐ]
instigi;instig.0i;促[cù]
instigi;instig.0i;怂恿[sǒng yǒng]
instigi;instig.0i;指使[zhǐ shǐ]
instigi;instig.0i;誘導[yòu dǎo]
instigi;instig.0i;誘發[yòu fā]
instigi;instig.0i;鼓励[gǔ lì]
instigi;instig.0i;引发[yǐn fā]
instigilo;instig.0ilo;誘因[yòu yīn]
instigo;instig.0o;煽动[shān dòng]
malinstigi;instig.mal0i;劝阻[quàn zǔ]
instinkta;instin.0a;凭直觉[píng zhí jué]
instinkta;instin.0a;本能[běn néng]
instinkto;instin.0o;本能[běn néng]
institucio;instit.0o;机构[jī gòu]
institucio;instit.0o;事业单位[shì yè dān wèi]
institucio;instit.0o.POL;院[yuàn]
instituto;instit1.0o;学院[xué yuàn]
instituto;instit1.0o;所[suǒ]
instituto;instit1.0o;艺术学院[yì shù xué yuàn]
instituto;instit1.0o;实验所[shí yàn suǒ]
instrua;instru.0a.0plena;教育性[jiào yù xìng]
instruado;instru.0ado;教学[jiào xué]
instruado;instru.0ado;教誨[jiào huì]
instruado;instru.0ado;教育[jiào yù]
instruejo;instru.0ejo;学校[xué xiào]
instruejo;instru.0ejo;校舍[xiào shè]
instrui;instru.0i;授业[shòu yè]
instrui;instru.0i;教育[jiào yù]
instrui;instru.0i;講授[jiǎng shòu]
instrui;instru.0i;开示[kāi shì]
instrui;instru.0i;講習[jiǎng xí]
instrui;instru.0i;授[shòu]
instrui;instru.0i;教[jiāo]
instrui;instru.0i;传授[chuán shòu]
instruisto;instru.0isto;教员[jiào yuán]
instruisto;instru.0isto;老师[lǎo shī]
instruisto;instru.0isto;业师[yè shī]
instruisto;instru.0isto;师尊[shī zūn]
instruisto;instru.0isto;教师[jiào shī]
instruisto;instru.0isto;师长[shī zhǎng]
instruisto;instru.0isto;女教员[nǚ jiào yuán]
instruisto;instru.0isto;指导员[zhǐ dǎo yuán]
instruiteco;instru.0iteco;学识[xué shí]
instruiteco;instru.0iteco;学问[xué wèn]
instruitulo;instru.0itulo;儒[rú]
instruitulo;instru.0itulo;士[shì]
instruitulo;instru.0itulo;学家[xué jiā]
instruitulo;instru.0itulo;飽學之士[bǎo xué zhī shì]
instruitulo;instru.0itulo;先賢[xiān xián]
instruitulo;instru.0itulo;博学的人[bó xué de rén]
instruitulo;instru.0itulo;学者[xué zhě]
instruitulo;instru.0itulo;文人[wén rén]
instruitulo;instru.0itulo;书生[shū shēng]
instruo;instru.0o.instruado;課文[kè wén]
instruo;instru.0o.instruajxo;教誨[jiào huì]
instruo;instru.0o.instruajxo;教学[jiào xué]
meminstruito;instru.mem0ito;自主学习[zì zhǔ xué xí]
meminstruito;instru.mem0ito;自学者[zì xué zhě]
meminstruito;instru.mem0ito;草根艺人[cǎo gēn yì rén]
moralinstruo;instru.moral0o;伦理[lún lǐ]
priinstrua;instru.pri0a;教学法[jiào xué fǎ]
priinstrua;instru.pri0a;好教誨[hǎo jiào huì]
priinstrua;instru.pri0a;有教育意义[yǒu jiào yù yì yì]
instrukcii;instru1.0i;点拨[diǎn bō]
instrukcii;instru1.0i;悉数[xī shǔ]
instrumento;instru2.0o;仪器[yí qì]
instrumento;instru2.0o;乐器[yuè qì]
instrumento;instru2.0o;工具[gōng jù]
arĉinstrumento;;弦乐器[xián yuè qì]
blovinstrumento;instru2.blov0o;管乐器[guǎn yuè qì]
frapinstrumento;instru2.frap0o;打击乐器[dǎ jī yuè qì]
frapinstrumento;instru2.frap0o;响器[xiǎng qì]
frapinstrumento;instru2.frap0o;打击乐器[dǎ jí yuè qì]
kordinstrumento;instru2.kord0o;弦乐器[xián yuè qì]
muzikinstrumento;instru2.muzik0o;乐器[yuè qì]
insulano;insul.0ano;岛民[dǎo mín]
insularo;insul.0aro;群岛[qún dǎo]
insularo;insul.0aro;列岛[liè dǎo]
insuleto;insul.0eto;屿[yǔ]
insuleto;insul.0eto;坻[chí]
insuleto;insul.0eto;小岛[xiǎo dǎo]
insuleto;insul.0eto;沚[zhǐ]
insuleto;insul.0eto;洲[zhōu]
insuleto;insul.0eto;渚[zhǔ]
insuleto;insul.0eto;陼[zhǔ]
insulo;insul.0o;岛屿[dǎo yǔ]
insulo;insul.0o;岛[dǎo]
insulo;insul.0o;洲[zhōu]
insula;;海岛[hǎi dǎo]
Britaj Virgulinsuloj;insul.BritajVirgul0oj;英属维尔京群岛[Yīng shǔ Wéi ěr jīng Qún dǎo]
Britaj Virgulinsuloj;insul.BritajVirgul0oj;英属维尔京群岛[yīng shǔ wéi ěr jīng qún dǎo]
Insulo de Princo Eduardo;insul.I0odePrincoEduardo;愛德華島[Aì dé huá Dǎo]
Insulo de Princo Eduardo;insul.I0odePrincoEduardo;愛德華王子島[Aì dé huá Wáng zǐ Dǎo]
Paskinsulo;insul.Pask0o;复活节岛[fù huó jié dǎo]
Usonaj Virgulinsuloj;insul.UsonajVirgul0oj;美属维尔京群岛[Měi shǔ Wéi ěr jīng Qún dǎo]
Usonaj Virgulinsuloj;insul.UsonajVirgul0oj;美属维尔京群岛[měi shǔ wéi ěr jīng qún dǎo]
duoninsulo;insul.duon0o;半岛[bàn dǎo]
glaciinsulo;insul.glaci0o;冰山[bīng shān]
insulino;insulin.0o;胰岛素[yí dǎo sù]
insultaĵo;insult.0ajxo;凌辱[líng rǔ]
insulti;insult.0i;辱罵[rǔ mà]
insulti;insult.0i;侮[wǔ]
insulti;insult.0i;僇[lù]
insulti;insult.0i;僝[chán]
insulti;insult.0i;侮辱[wǔ rǔ]
insulti;insult.0i;藉[jí]
insulti;insult.0i;罵人[mà rén]
inta;int.0a;昔[xī]
inta;int.0a;往时[wǎng shí]
intakta;intakt.0a;完好[wán hǎo]
intakta;intakt.0a;完好如初[wán hǎo rú chū]
intakta;intakt.0a;完好无损[wán hǎo wú sǔn]
intakta;intakt.0a;完整[wán zhěng]
intakta;intakt.0a;无损伤[wú sǔn shāng]
intakta;intakt.0a;完整无缺[wán zhěng wú quē]
intakta;intakt.0a;情况良好[qíng kuàng liáng hǎo]
integrigi;integr.0igi;統合[tǒng hé]
integrigi;integr.0igi;整合[zhěng hé]
integrado;integr1.0ado;集成[jí chéng]
integraĵo;integr1.0ajxo;积分[jī fēn]
integrato;integr1.0ato;被积分函数[bèi jī fēn hán shù]
integrato;integr1.0ato;被积分式[bèi jī fēn shì]
integrebla;integr1.0ebla;可积[kě jī]
integrilo;integr1.0ilo;积分符号[jī fēn fú hào]
integrilo;integr1.0ilo;积分号[jī fēn hào]
integralo;integr2.0o;积分[jī fēn]
difinita integralo;integr2.difinita0o;定积分[dìng jī fēn]
lebega integralo;integr2.lebega0o;勒貝格積分[lēi bèi gé jī fēn]
nedifinita integralo;integr2.nedifinita0o;不定积分[bù dìng jī fēn]
nedifinita integralo;integr2.nedifinita0o;原函数[yuán hán shù]
rimana integralo;integr2.rimana0o;黎曼积分[lí màn jī fēn]
intelekta;intele.0a;知識分子[zhī shi fèn zǐ]
intelekta;intele.0a;讀書人[dú shū rén]
intelekto;intele.0o;智能[zhì néng]
intelekto;intele.0o;知道意思[zhī dao yì sī]
intelekto;intele.0o;知識界[zhī shi jiè]
intelektulo;intele.0ulo;书生[shū shēng]
intelektulo;intele.0ulo;知識分子[zhī shì fèn zǐ]
artefarita intelekto;intele.artefarita0o;人工智能[rén gōng zhì néng]
inteligenta;inteli.0a;聪明[cōng ming]
inteligenta;inteli.0a;㑩[luó]
inteligenta;inteli.0a;慧黠[huì xiá]
inteligenta;inteli.0a;穎悟[yǐng wù]
inteligenta;inteli.0a;聪[cōng]
inteligenta;inteli.0a;聪慧[cōng huì]
inteligenta;inteli.0a;智慧[zhì huì]
inteligenta;inteli.0a;俐[lì]
inteligenta;inteli.0a;聪敏[cōng mǐn]
inteligenteco;inteli.0eco;智慧[zhì huì]
inteligenteco;inteli.0eco;智力[zhì lì]
inteligenteco;inteli.0eco;智能[zhì néng]
inteligentulo;inteli.0ulo.KOMUNE;知識分子[zhī shi fèn zǐ]
inteligentulo;inteli.0ulo.intelektulo;知識分子[zhī shi fèn zǐ]
inteligentulo;inteli.0ulo.intelektulo;讀書人[dú shū rén]
artefarita inteligento;inteli.arta0o;人工智能[rén gōng zhì néng]
malinteligenta;inteli.mal0a;愚蠢[yú chǔn]
malinteligenta;inteli.mal0a;三八[sān bā]
malinteligenta;inteli.mal0a;笨[bèn]
malinteligenta;inteli.mal0a;蠢[chǔn]
malinteligenta;inteli.mal0a;侗[tóng]
malinteligenta;inteli.mal0a;倥[kōng]
malinteligenta;inteli.mal0a;嚚[yín]
malinteligenta;inteli.mal0a;懵[měng]
malinteligenta;inteli.mal0a;頑[wán]
malinteligenta;inteli.mal0a;呆[dāi]
malinteligenta;inteli.mal0a;痴[chī]
intenca;intenc.0a;有意[yǒu yì]
intenca;intenc.0a;成心[chéng xīn]
intenca;intenc.0a;蓄意[xù yì]
intenca;intenc.0a;意图[yì tú]
intenca;intenc.0a;故意地[gù yì de]
intenca;intenc.0a;深思熟慮過[shēn sī shú lü guò]
intence;intenc.0e;特意[tè yì]
intence;intenc.0e;深思熟慮過[shēn sī shú lü guò]
intenci;intenc.0i;有心[yǒu xīn]
intenci;intenc.0i;意欲[yì yù]
intenci;intenc.0i;有意[yǒu yì]
intenci;intenc.0i;瞄[miáo]
intenci;intenc.0i;瞄准[miáo zhǔn]
intenci;intenc.0i;針對[zhēn duì]
intenci;intenc.0i;拟[nǐ]
intenco;intenc.0o;标的[biāo dì]
intenco;intenc.0o;意图[yì tú]
intenco;intenc.0o;旨[zhǐ]
intenco;intenc.0o;宗旨[zōng zhǐ]
bonintenca;intenc.bon0a;好意[hǎo yì]
bonintenco;intenc.bon0o;好意[hǎo yì]
bonintenco;intenc.bon0o;善意[shàn yì]
malbonintenco;intenc.malbon0o;恶意[è yì]
malbonintenco;intenc.malbon0o;黑心[hēi xīn]
malbonintenco;intenc.malbon0o;坏意[huài yì]
senintenca;intenc.sen0a;无心[wú xīn]
senintenca;intenc.sen0a;无意中[wú yì zhōng]
senintenca;intenc.sen0a;不注意地[bù zhù yì de]
senintenca;intenc.sen0a;沒有計劃[méi yǒu jì huà]
senintenca;intenc.sen0a;无意间[wú yì jiān]
senintenca;intenc.sen0a;不注意[bù zhù yì]
senintenca;intenc.sen0a;非存心[fēi cún xīn]
senintenca;intenc.sen0a;非故意[fēi gù yì]
senintenca;intenc.sen0a;不是故意[bú shì gù yì]
senintenca;intenc.sen0a;无意识[wú yì shì]
intendanto;intend.0o;管理人[guǎn lǐ rén]
intendanto;intend.0o;总管[zǒng guǎn]
intensa;intens.0a;強化[qiáng huà]
intensa;intens.0a;浓厚[nóng hòu]
intensa;intens.0a;烈[liè]
intensa;intens.0a;紧张[jǐn zhāng]
intensa;intens.0a;酷烈[kù liè]
intensa;intens.0a;使紧张[shǐ jǐn zhāng]
intensa;intens.0a;使紧凑[shǐ jǐn còu]
intenseco;intens.0eco;強度[qiáng dù]
intenseco;intens.0eco;密集度[mì jí dù]
intenseco;intens.0eco;強烈[qiáng liè]
intenseco;intens.0eco;明暗度[míng àn dù]
intenseco;intens.0eco;烈度[liè dù]
intensigi;intens.0igi;強化[qiáng huà]
intensigi;intens.0igi;加紧[jiā jǐn]
intensigi;intens.0igi;使紧张[shǐ jǐn zhāng]
intensigi;intens.0igi;使紧凑[shǐ jǐn còu]
intensigi;intens.0igi;激化[jī huà]
inter;inter.0;中間[zhōng jiān]
inter;inter.0;之間[zhī jiān]
inter;inter.0;介[jiè]
inter;inter.0;际[jì]
interaĵo;inter.0ajxo;中間物[zhōng jiàn wù]
interulo;inter.0ulo;介紹人[jiè shào rén]
interulo;inter.0ulo;經紀人[jīng jì rén]
interulo;inter.0ulo;調停人[tiáo tíng rén]
interulo;inter.0ulo;調解人[tiáo jiě rén]
interulo;inter.0ulo;居間人[jū jiān rén]
interesa;intere.0a;趣[qù]
interesa;intere.0a;有兴趣[yǒu xìng qù]
interesa;intere.0a;有趣[yǒu qù]
interesa;intere.0a;趣味[qù wèi]
interesegi;intere.0egi;多情[duō qíng]
interesegi;intere.0egi;迷住[mí zhu]
interesi;intere.0i;兴致[xìng zhì]
interesi;intere.0i.igi_a;有关[yǒu guān]
interesi;intere.0i.igi_a;关系[guān xi]
interesi;intere.0i.igi_a;兴致[xìng zhì]
interesiĝo;intere.0igxo;兴[xìng]
intereso;intere.0o;利益[lì yì]
intereso;intere.0o;兴[xìng]
intereso;intere.0o;兴趣[xìng qù]
intereso;intere.0o;兴致[xìng zhì]
intereso;intere.0o;趣味[qù wèi]
intereso;intere.0o;利害关系[lì hài guān xì]
intereso;intere.0o;兴味[xìng wèi]
neinteresa;intere.sen0ane0a;沒意思[méi yì si]
neinteresa;intere.sen0ane0a;平平[píng píng]
neinteresa;intere.sen0ane0a;庸[yōng]
interezo;intere1.0o;利息[lì xī]
interezo;intere1.0o;利息[lì xí]
interezo;intere1.0o;呬錢[xí qián]
interezo;intere1.0o;息錢[xí qián]
interezo;intere1.0o;稅點[shuì diǎn]
interfera franĝo;interf.0afrangxo;干涉现象[gān shè xiàn xiàng]
interfero;interf.0o;插手[chā shǒu]
interfero;interf.0o;干涉现象[gān shè xiàn xiàng]
interioro;interior.0o;室內[shì nèi]
interioro;interior.0o;內飾[nèi shì]
interioro;interior.0o;室內裝潢[shì nèi zhuāng huáng]
interjekcio;interj.0o;欹[yī]
interjekcio;interj.0o;叹词[tàn cí]
intermita;interm.0a;間歇[jiàn xiē]
intermita;interm.0a;断断续续[duàn duàn xù xù]
senintermita;interm.sen0a;恆久[héng jiǔ]
interna;intern.0a;对内[duì nèi]
interna;intern.0a;室內[shì nèi]
interna;intern.0a;裡頭[lǐ tou]
interna;intern.0a;內[nèi]
interna;intern.0a;內部[nèi bù]
internaĵo;intern.0ajxo;裡面[lǐ miàn]
internaĵo;intern.0ajxo;裡[lǐ]
internigi;intern.0igi.KOMUNE;引进[yǐn jìn]
internigi;intern.0igi.speciale;內置[nèi zhì]
internigi;intern.0igi.speciale;使內在化[shǐ nèi zài huà]
internigi;intern.0igi.speciale;使成为主观[shǐ chéng wéi zhǔ guān]
internulejo;intern.0ulejo;寄宿学校[jì sù xué xiào]
internulejo;intern.0ulejo;寄宿制学校[jì sù zhì xué xiào]
interpreti;interp2.0i;譯[yì]
interpreti;interp2.0i;訓釋[xùn shì]
interpreti;interp2.0i;口譯[kǒu yì]
interpretilo;interp2.0ilo;解释器[jiě shì qì]
interpretilo;interp2.0ilo;直譯器[zhí yì qì]
interpretisto;interp2.0isto;口譯員[kǒu yì yuán]
interpretisto;interp2.0isto;譯員[yì yuán]
interpretisto;interp2.0isto;口头翻译[kǒu tóu fān yì]
interpretisto;interp2.0isto;翻譯[fān yì]
interpretisto;interp2.0isto;通譯[tōng yì]
interpreto;interp2.0o;訓釋[xùn shì]
interpunkcii;interp3.0i;标点[biāo diǎn]
interpunkcio;interp3.0o;标点[biāo diǎn]
intervalo;interv.0o;区间[qū jiān]
intervalo;interv.0o;間歇[jiàn xiē]
intervalo;interv.0o;間隔期[jiàn gé qī]
intervjui;interv1.0i;訪談[fǎng tán]
intervjuiĝi;interv1.0igxi;面試[miàn shì]
intervjuiĝi;interv1.0igxi;受訪[shòu fǎng]
intervjuo;interv1.0o;面試[miàn shì]
intervjuo;interv1.0o;訪談[fǎng tán]
intervjuo;interv1.0o;晤談[wù tán]
intervjuo;interv1.0o;面談[miàn tán]
dungintervjuo;interv1.dung0o;面試[miàn shì]
intestaro;intest.0aro;消化道[xiāo huà dào]
intestaro;intest.0aro;消化器官[xiāo huà qì guān]
intesto;intest.0o;肠道[cháng dào]
intesto;intest.0o;肠[cháng]
dika intesto;intest.dika0o;胴[dòng]
dika intesto;intest.dika0o;大肠[dà cháng]
dika intesto;intest.dika0o;結腸[jié cháng]
maldika intesto;intest.maldika0o;小肠[xiǎo cháng]
rekta intesto;intest.rekta0o;直肠[zhí cháng]
intima;intim.0a;私密[sī mì]
intima;intim.0a;密[mì]
intima;intim.0a;密切[mì qiè]
intima;intim.0a;知心[zhī xīn]
intima;intim.0a;亲密[qīn mì]
intima;intim.0a;亲近[qīn jìn]
intima;intim.0a;貼心[tiē xīn]
intimeco;intim.0eco;私生活[sī shēng huó]
intimeco;intim.0eco;交情[jiāo qíng]
intimeco;intim.0eco;亲昵[qīn nì]
intimeco;intim.0eco;私通[sī tōng]
intimeco;intim.0eco;亲切感[qīn qiè gǎn]
intimeco;intim.0eco;性行为[xìng xíng wéi]
intimeco;intim.0eco;私事[sī shì]
intimeco;intim.0eco;亲昵行为[qīn nì xíng wéi]
intonacio;intonaci.0o;发声法[fā shēng fǎ]
intrigi;intrig.0i;暗算[àn suàn]
intrigi;intrig.0i;图谋[tú móu]
intrigo;intrig.0o.BELE;剧情[jù qíng]
intrigo;intrig.0o.BELE;情節[qíng jié]
intrigo;intrig.0o.BELE;故事[gù shi]
intrigo;intrig.0o.komploto;阴谋[yīn móu]
intrigo;intrig.0o.komploto;詭計[guǐ jì]
introspekta;intros.0a;內省[nèi xǐng]
introspekta;intros.0a;內省性[nèi xǐng xìng]
introspekto;intros.0o;內省[nèi shěng]
introspekto;intros.0o;內省[nèi xǐng]
introverta;introvert.0a;內向[nèi xiàng]
introverta;introvert.0a;內斂[nèi liǎn]
intua;intuic.0a;直覺[zhí jué]
intuo;intuic.0o;直覺[zhí jué]
intuo;;第六感覺[dì liù gǎn jué]
inuito;inuit.0o;愛斯基摩[Aì sī jī mó]
inuito;inuit.0o;伊奴依[yī nú yī]
inuito;inuit.0o;愛斯基摩人[ài sī jī mó rén]
inuito;inuit.0o;因紐特人[Yīn niǔ tè rén]
inuito;inuit.0o;愛斯基摩人[Aì sī jī mó rén]
Inuktituto;inukti.0o;因紐特語[yīn niǔ tè yǔ]
inundi;inund.0i;淹[yān]
inundi;inund.0i;沒[mò]
inundi;inund.0i;淹沒[yān mò]
inundi;inund.0i;洚[jiàng]
inundi;inund.0i;流泻[liú xiè]
inundi;inund.0i;充斥[chōng chì]
inundi;inund.0i;涌向[yǒng xiàng]
inundi;inund.0i;躏[lìn]
inundo;inund.0o;洪[hóng]
inundo;inund.0o;洪水[hóng shuǐ]
inundo;inund.0o;大水[dà shuǐ]
inundo;inund.0o;沔[miǎn]
inundo;inund.0o;洚[jiàng]
inundo;inund.0o;津水[jīn shuǐ]
inundo;inund.0o;洪涝[hóng lào]
inundo;inund.0o;水患[shuǐ huàn]
inundo;inund.0o;水災[shuǐ zāi]
invadi;invad.0i;侵入[qīn rù]
invadi;invad.0i;入侵[rù qīn]
invadi;invad.0i;侵袭[qīn xí]
invadi;invad.0i;进犯[jìn fàn]
invadi;invad.0i;侵略[qīn lu:è]
invado;invad.0o;侵略[qīn lu:è]
invado;invad.0o;侵略[qīn lüè]
invado;invad.0o;入侵[rù qīn]
invalideco;invali.0eco;病残[bìng cán]
invalideco;invali.0eco;伤残[shāng cán]
invalideco;invali.0eco;无力化[wú lì huà]
invalido;invali.0o;残疾人[cán jí rén]
invalido;invali.0o;残疾[cán jí]
invarianta;invari.0a.gxenerale;不变量[bù biàn liàng]
invarianto;invari.0o;不变量[bù biàn liàng]
inventaĵo;invent.0ajxo;发明[fā míng]
inventi;invent.0i;发明创造[fā míng chuàng zào]
inventi;invent.0i;发明[fā míng]
inventi;invent.0i;虚构[xū gòu]
inventi;invent.0i;造[zào]
inventi;invent.0i;想出[xiǎng chū]
inventi;invent.0i;追及[zhuī jí]
inventisto;invent.0isto;发明家[fā míng jiā]
inventisto;invent.0isto;发明者[fā míng zhě]
inventisto;invent.0isto;发明人[fā míng rén]
invento;invent.0o;发明[fā míng]
invento;invent.0o;发明构思[fā míng gòu sī]
inventari;invent1.0i;盘点[pán diǎn]
inventari;invent1.0i;点货[diǎn huò]
inventaro;invent1.0o;存貨[cún huò]
inventaro;invent1.0o;財產清單[cái chǎn qīng dān]
inventaro;invent1.0o;存貨清單[cún huò qīng dān]
inventaro;invent1.0o;財產目錄[cái chǎn mù lù]
inventaro;invent1.0o;調查表[diào chá biǎo]
inversa;invers.0a;相反[xiāng fǎn]
inversa;invers.0a;反[fǎn]
inversa;invers.0a;反过来[fǎn guo lái]
inversa;invers.0a;相反地[xiāng fǎn dì]
inversa;invers.0a;逆反[nì fǎn]
inversa;invers.0a;逆轉[nì zhuàn]
inverse;invers.0e;倒[dào]
inverse;invers.0e;反[fǎn]
invershava;invers.0hava;反轉[fǎn zhuǎn]
invershava;invers.0hava;可逆性[kě nì xìng]
inversigi;invers.0igi.KOMUNE;顛倒過來[diān dǎo guò lái]
inversigi;invers.0igi.KOMUNE;反轉[fǎn zhuǎn]
inversigi;invers.0igi.KOMUNE;翻轉[fān zhuǎn]
inversigi;invers.0igi.KOMUNE;顛倒[diān dǎo]
inversigi;invers.0igi.KOMUNE;向后转[xiàng hòu zhuǎn]
inversigo;invers.0igo.KOMUNE;反轉[fǎn zhuǎn]
inverso;invers.0o;倒反[dào fǎn]
neinvershava;invers.ne0hava;不可逆轉[bù kě nì zhuàn]
neinversigebla;invers.ne0igebla;不可逆轉[bù kě nì zhuàn]
inversio;invers1.0o;倒位[dào wèi]
investado;invest.0ado;投資[tóu zī]
investaĵo;invest.0ajxo;投資[tóu zī]
investaĵo;invest.0ajxo;投入[tóu rù]
investi;invest.0i;投資[tóu zī]
investi;invest.0i;入股[rù gǔ]
investi;invest.0i;出資[chū zī]
investo;invest.0o;投資[tóu zī]
inviti;invit.0i;邀請[yāo qǐng]
inviti;invit.0i;邀[yāo]
inviti;invit.0i;邀約[yāo yuē]
inviti;invit.0i;請[qǐng]
inviti;invit.0i;将[qiāng]
inviti;invit.0i;約[yuē]
inviti;invit.0i;被邀請[bèi yāo qǐng]
inviti;invit.0i;請客[qǐng kè]
inviti;invit.0i;約請[yuē qǐng]
inviti;invit.0i;宴請[yàn qǐng]
invitilo;invit.0ilo;帖子[tiě zi]
invitilo;invit.0ilo;請帖[qǐng tiě]
invito;invit.0o;邀請[yāo qǐng]
invito;invit.0o;邀約[yāo yuē]
ioma;iom.0a;少許[shǎo xǔ]
ioma;iom.0a;有点儿[yǒu diǎn r]
ioma;iom.0a;几个[jǐ ge]
iom;;少量[shǎo liàng]
iom;;稍[shāo]
iom;;一点[yī diǎn]
iom;;稍稍[shāo shāo]
iom;;些許[xiē xǔ]
iome;iom.0e;稍稍[shāo shāo]
iomete;iom.0ete;稍稍[shāo shāo]
iomete;iom.0ete;略微[lu:è wēi]
iomete;iom.0ete;稍[shāo]
iompostiom;iom.0post0;渐[jiàn]
iompostiom;iom.0post0;渐渐[jiàn jiàn]
iompostiom;iom.0post0;逐渐[zhú jiàn]
iompostiom;iom.0post0;一点一点[yī diǎn yī diǎn]
iompostiom;iom.0post0;緩緩[huǎn huǎn]
iompostiom;iom.0post0;逐次[zhú cì]
iompostiom;iom.0post0;節節[jié jié]
iompostiom;iom.0post0;陆续[lù xù]
iompostiom;iom.0post0;一來二去[yī lái èr qù]
iompostiom;iom.0post0;一点一滴[yī diǎn yī dī]
iompostiom;iom.0post0;日渐[rì jiàn]
iompostioma;iom.0post0a;渐[jiàn]
iompostioma;iom.0post0a;逐渐[zhú jiàn]
iompostioma;iom.0post0a;渐进[jiàn jìn]
iompostioma;iom.0post0a;日趋[rì qū]
iompostioma;iom.0post0a;渐渐[jiàn jiàn]
kelkiom;iom.kelk0;某[mǒu]
kelkiom;iom.kelk0;有的[yǒu de]
kelkiom;iom.kelk0;某些[mǒu xiē]
poioma;iom.po0a;渐[jiàn]
poioma;iom.po0a;逐渐[zhú jiàn]
Iovao;iova.0o;愛奧華[Aì ào huá]
Iovao;iova.0o;愛奧華州[Aì ào huá zhōu]
Iovao;iova.0o;艾奥瓦[Aì ào wǎ]
Iovao;iova.0o;艾奥瓦州[Aì ào wǎ zhōu]
Iovao;iova.0o;愛荷華[Aì hé huá]
Iovao;iova.0o;愛州[Aì zhōu]
irado;ir.0ado;蹡[qiāng]
irado;ir.0ado;躣[qú]
irado;ir.0ado;步态[bù tài]
irado;ir.0ado;步履[bù lǚ]
irado;ir.0ado;竞走[jìng zǒu]
irantaro;ir.0antaro;行列[háng liè]
irejo;ir.0ejo;蹊径[xī jìng]
irejo;ir.0ejo;迳[jìng]
irejo;ir.0ejo;路径[lù jìng]
irejo;ir.0ejo;軌[guǐ]
iri;ir.0i;跞[lì]
iri;ir.0i;躞[xiè]
iri;ir.0i;迶[yòu]
iri;ir.0i;走路[zǒu lù]
iri;ir.0i;跦[zhū]
iri;ir.0i;躘[lóng]
iri;ir.0i;措举[cuò jǔ]
iri;ir.0i;步行[bù xíng]
iri;ir.0i;行[xíng]
iri;ir.0i;走[zǒu]
iri;ir.0i;行走[xíng zǒu]
irigi;ir.0igi;发动[fā dòng]
irigi;ir.0igi;开动[kāi dòng]
irilo;ir.0ilo;跷[qiāo]
alirebla;ir.al0ebla;易取得[yì qǔ dé]
aliro;ir.al0o;增补的人[zēng bǔ de rén]
aliro;ir.al0o;新补充的人[xīn bǔ chōng de rén]
aliro;ir.al0o;門徑[mén jìng]
aliro;ir.al0o;路子[lù zi]
antaŭeniri;ir.antauxen0i;上进[shàng jìn]
antaŭeniri;ir.antauxen0i;前进[qián jìn]
antaŭeniri;ir.antauxen0i;烝[zhēng]
antaŭeniri;ir.antauxen0i;往前[wǎng qián]
ĉirkaŭiri;ir.cxirkaux0i;巡回[xún huí]
deiri;ir.de0i;走[zǒu]
disiri;ir.dis0i;分手[fēn shǒu]
disiri;ir.dis0i.KOMUNE;散摊子[sàn tān zi]
ekiri;ir.ek0i;起程[qǐ chéng]
ekiri;ir.ek0i;出外[chū wài]
ekiri;ir.ek0i;启程[qǐ chéng]
ekiri;ir.ek0i;出发[chū fā]
elirejo;ir.el0ejo.FIG;出路[chū lù]
elirejo;ir.el0ejo.FIG;解决办法[jiě jué bàn fǎ]
eliri;ir.el0i.eksteren;出去[chū qù]
eliri;ir.el0i.eksteren;出外[chū wài]
elirvojo;ir.el0vojo;出路[chū lù]
elirvojo;ir.el0vojo;退路[tuì lù]
enirejo;ir.en0ejo;入口[rù kǒu]
enirejo;ir.en0ejo;大門[dà mén]
enirejo;ir.en0ejo;玄关[xuán guān]
enirejo;ir.en0ejo;前厅[qián tīng]
enirejo;ir.en0ejo;門口[mén kǒu]
eniri;ir.en0i;步入[bù rù]
eniri;ir.en0i;进入[jìn rù]
eniri;ir.en0i;进门[jìn mén]
eniri;ir.en0i;进[jìn]
eniri;ir.en0i;入[rù]
eniri;ir.en0i;走进[zǒu jìn]
eniri;ir.en0i;进来[jìn lái]
eniri;ir.en0i;进去[jìn qù]
flankeniri;ir.flanken0i;横步[héng bù]
flankeniri;ir.flanken0i;讓開[ràng kāi]
foriri;ir.for0i;走[zǒu]
foriri;ir.for0i;出外[chū wài]
foriri;ir.for0i;出发[chū fā]
foriri;ir.for0i;起程[qǐ chéng]
foriri;ir.for0i;抛离[pāo lí]
foriri;ir.for0i;启程[qǐ chéng]
foriro;ir.for0o;往外[wǎng wài]
foriro;ir.for0o;发车[fā chē]
ĝisiri;ir.gxis0i;到达[dào dá]
ĝisiri;ir.gxis0i;及[jí]
ĝisiri;ir.gxis0i;巟[huāng]
ĝisiri;ir.gxis0i;抵达[dǐ dá]
hejmeniri;ir.hejmen0i;回家[huí jiā]
hejmeniri;ir.hejmen0i;返家[fǎn jiā]
kuniri;ir.kun0i;伴[bàn]
kuniri;ir.kun0i;陪[péi]
kuniri;ir.kun0i;陪伴[péi bàn]
kuniri;ir.kun0i;陪同[péi tóng]
kuniri;ir.kun0i;随伴[suí bàn]
kuniri;ir.kun0i;随行[suí xíng]
malantaŭeniri;ir.malantauxen0i;回归[huí guī]
malantaŭeniri;ir.malantauxen0i;倒退[dào tuì]
malantaŭeniri;ir.malantauxen0i;后退[hòu tuì]
malantaŭeniri;ir.malantauxen0i;退却[tuì què]
malantaŭeniri;ir.malantauxen0i;退縮[tuì suō]
nealirebla;ir.neal0ebla;可望而不可即[kě wàng ér bù kě jí]
nealirebla;ir.neal0ebla;可望而不可及[kě wàng ér bù kě jí]
nealirebla;ir.neal0ebla;迢[tiáo]
nealirebla;ir.neal0ebla;难于接近[nán yú jiē jìn]
nealirebla;ir.neal0ebla;达不到[dá bù dào]
piediranto;ir.pied0anto;步行者[bù xíng zhě]
piediranto;ir.pied0anto;行人[xíng rén]
piediri;ir.pied0i;走路[zǒu lù]
piediri;ir.pied0i;步行[bù xíng]
piediri;ir.pied0i;走着去[zǒu zhe qù]
piediri;ir.pied0i;徒步阿[tú bù ā]
postiri;ir.post0i;跟着[gēn zhe]
postiri;ir.post0i;伴随[bàn suí]
postiri;ir.post0i;尾随[wěi suí]
preteriri;ir.preter0i.KOMUNE;改用[gǎi yòng]
preteriri;ir.preter0i.KOMUNE;經過[jīng guò]
reiri;ir.re0i;返[fǎn]
reiri;ir.re0i;回到[huí dào]
reiri;ir.re0i;返回[fǎn huí]
rondiri;ir.rond0i;兜圈子[dōu quān zi]
rondiri;ir.rond0i;匝[zā]
rondiri;ir.rond0i;巡回[xún huí]
senelirejo;ir.senel0ejo;僵局[jiāng jú]
senelirejo;ir.senel0ejo;死路[sǐ lù]
senelirejo;ir.senel0ejo;死局[sǐ jú]
senelirejo;ir.senel0ejo;胶着状况[jiāo zhuó zhuàng kuàng]
subiri;ir.sub0i;下去[xià qu]
subiri;ir.sub0i;创立者[chuàng lì zhě]
subiri;ir.sub0i;下山[xià shān]
supreniri;ir.supren0i.KOMUNE;上涨[shàng zhǎng]
supreniri;ir.supren0i.KOMUNE;爬[pá]
supreniri;ir.supren0i.KOMUNE;跻[jī]
supreniri;ir.supren0i.KOMUNE;升到[shēng dào]
supreniri;ir.supren0i.KOMUNE;正在爬升[zhèng zài pá shēng]
supreniri;ir.supren0i.KOMUNE;达高峰[dá gāo fēng]
suriri;ir.sur0i;攀爬[pān pá]
suriri;ir.sur0i;走进[zǒu jìn]
suriri;ir.sur0i;踏上[tà shàng]
suriri;ir.sur0i;往上爬[wǎng shàng pá]
suriri;ir.sur0i;搲[wǎ]
suriri;ir.sur0i;攀[pān]
suriri;ir.sur0i;攀登[pān dēng]
suriri;ir.sur0i;爬[pá]
ŝipiri;ir.sxip0i;航[háng]
ŝipiri;ir.sxip0i;坐船[zuò chuán]
ŝipiri;ir.sxip0i;航行[háng xíng]
ŝipiri;ir.sxip0i;乘船去[chéng chuán qù]
ŝipiri;ir.sxip0i;巡航[xún háng]
ŝteliri;ir.sxtel0i;緩慢地爬行[huǎn màn de pá xíng]
ŝteliri;ir.sxtel0i;蹑手蹑脚地走[niè shǒu niè jiǎo de zǒu]
ŝteliri;ir.sxtel0i;趾尖[zhǐ jiān]
trairi;ir.tra0i;經過[jīng guò]
trairi;ir.tra0i;通行[tōng xíng]
transirejo;ir.trans0ejo;斑馬線[bān mǎ xiàn]
transirejo;ir.trans0ejo;通道[tōng dào]
transirejo;ir.trans0ejo;津[jīn]
transiri;ir.trans0i;穿馬路[chuān mǎ lù]
transiri;ir.trans0i;渡河[dù hé]
transiri;ir.trans0i.metafore;改用[gǎi yòng]
transiri;ir.trans0i.metafore;轉手[zhuǎn shǒu]
transiri;ir.trans0i.movigxi;超标[chāo biāo]
transiri;ir.trans0i.movigxi;超越[chāo yuè]
transiri;ir.trans0i.movigxi;逾越[yú yuè]
transiri;ir.trans0i.movigxi;越过[yuè guò]
transiri;ir.trans0i.movigxi;超过[chāo guò]
transiri;ir.trans0i.movigxi;超[chāo]
transiri;ir.trans0i.movigxi;逾[yú]
transiri;ir.trans0i.movigxi;紹出[shào chū]
transiri;ir.trans0i.movigxi;越出[yuè chū]
transiri;ir.trans0i.movigxi;偭[miǎn]
transiri;ir.trans0i.sxangxigxi;变[biàn]
transiri;ir.trans0i.sxangxigxi;演变成[yǎn biàn chéng]
vojiri;ir.voj0i;旅游[lǔ: yóu]
vojiri;ir.voj0i;行走[xíng zǒu]
vojiri;ir.voj0i;健行[jiàn xíng]
vojiri;ir.voj0i;徒步旅行[tú bù lǚ xíng]
Irako;irak.I0o;伊拉克[Yī lā kè]
Irako;irak.I0o;伊拉克[yī lā kè]
Irako;irak.I0o;伊[yī]
irakano;;伊拉克人[yī lā kè rén]
iranano;iran.0ano;伊朗人[yī lǎng rén]
iranano;iran.0ano;伊朗語系[yī lǎng yǔ xì]
Irano;iran.I0o.GEOG;伊朗[Yī lǎng]
iredentismo;ireden.0ismo;領土收復主義[lǐng tǔ shōu fù zhǔ yì]
iredentismo;ireden.0ismo;民族統一主義[mín zú tǒng yī zhǔ yì]
irido;irid.0o;蝴蝶花[hú dié huā]
irido;irid.0o;虹彩[hóng cǎi]
irido;irid.0o;馬蘭花[mǎ lán huā]
iridacoj;iridac.0oj;鳶尾花[yuān wěi huā]
iridacoj;iridac.0oj;鳶尾科[yuān wěi kē]
iridio;iridi.0o;銥[yī]
irigaci;irigac.0i;溉[gài]
irigaci;irigac.0i;浇灌[jiāo guàn]
irigaco;irigac.0o;灌溉[guàn gài]
irigacii;irigaci.0i;灌溉[guàn gài]
irigacii;irigaci.0i;溉[gài]
irigacii;irigaci.0i;浇灌[jiāo guàn]
irigacio;irigaci.0o;灌溉[guàn gài]
irigacio;irigaci.0o;水利[shuǐ lì]
iriso;iris.0o;虹膜[hóng mò]
irita;irit.0a;刺激性[cì jī xìng]
irita;irit.0a;可恼[kě nǎo]
irita;irit.0a;可气[kě qì]
iriti;irit.0i;迷感[mí gǎn]
irito;irit.0o;恼怒[nǎo nù]
irito;irit.0o;惹人生气的东西[rě rén shēng qì de dōng xi]
Irlando;irland.I0o;愛爾蘭[ài ěr lán]
Irlando;irland.I0o.insulo;愛爾蘭[Aì ěr lán]
Irlando;irland.I0o.sxtato;愛爾蘭[ài ěr lán]
Nordirlando;irland.Nord0o;北愛爾蘭[běi ài ěr lán]
ironia;;令人啼笑皆非[lìng rén tí xiào jiē fēi]
ironio;ironi.0o;反語法[fǎn yǔ fǎ]
ironio;ironi.0o;反話[fǎn huà]
ironio;ironi.0o;反語[fǎn yǔ]
ironio;ironi.0o;反諷[fǎn fěng]
ironio;ironi.0o;反諷[fǎn fèng]
ironio;ironi.0o;諷刺[fèng cì]
Izaako;isaak.0o;以撒[Yǐ sā]
Izaako;isaak.0o;以撒[yǐ sǎ]
Isela Lago;isel.I0aLago;艾瑟尔湖[ài sè ěr hú]
iskiatiko;iskiat.0o.ANA;坐骨神經[zuò gǔ shén jīng]
iskiatiko;iskiat.0o.ANA;坐骨神經痛[zuò gǔ shén jīng tòng]
islama;islam.0a;清真[qīng zhēn]
islamano;islam.0ano;穆斯林[Mù sī lín]
islamano;islam.0ano;伊斯兰教徒[yī sī lán jiào tú]
islamano;islam.0ano;回教徒[huí jiào tú]
islamismo;islam.0ismo;伊斯兰教[Yī sī lán jiào]
islamismo;islam.0ismo;伊斯兰[Yī sī lán]
islamo;islam.0o;伊斯兰教[Yī sī lán jiào]
islamo;islam.0o;伊斯兰[Yī sī lán]
islamo;islam.0o;回教[Huí jiào]
islamo;islam.0o;伊斯兰[yī sī lán]
islamo;islam.0o;回教[huí jiào]
islamo;islam.0o;淸真[qīng zhēn]
Islamabado;islamabad.0o.cxefurbo;伊斯兰马巴德[Yī sī lán mǎ bā dé]
Islamabado;islamabad.0o.cxefurbo;伊斯兰堡[Yī sī lán bǎo]
islanda;island.0a;冰岛语[bīng dǎo yǔ]
Islando;island.I0o;冰岛[Bīng dǎo]
-ism;ism.0;主义[zhǔ yì]
-ism;ism.0;唯[wéi]
-ism;ism.0;惟[wéi]
Israelo;israel.I0o;以色列[Yǐ sè liè]
Israelo;israel.I0o;以色列国[yǐ sè liè guó]
israelano;israel.i0ano;以色列人[Yǐ sè liè rén]
israelano;israel.i0ano;以色列人[yǐ sè liè rén]
Istanbulo;istanbul.0o;伊斯坦布尔[yī sī tǎn bù ěr]
Istanbulo;istanbul.0o;伊斯坦堡[Yī sī tǎn bǎo]
Istanbulo;istanbul.0o;伊斯坦布尔[Yī sī tǎn bù ěr]
Istanbulo;istanbul.0o;伊斯坦堡[yī sī tǎn bǎo]
istmo;istm.0o;地腰[dì yāo]
istmo;istm.0o;峡部[xiá bù]
istmo;istm.0o;苏伊士地峡[sū yī shì dì xiá]
itala;ital.0a;意大利語[yì dà lì yǔ]
italo;ital.0o;意大利人[Yì dà lì rén]
italo;ital.0o;意大利人[yì dà lì rén]
Italujo;ital.I0ujo;义大利[Yì dà lì]
Italujo;ital.I0ujo;意大利[Yì dà lì]
Italujo;ital.I0ujo;义大利[yì dà lì]
Italio;itali.I0o;义大利[Yì dà lì]
Italio;itali.I0o;意大利[Yì dà lì]
Italio;itali.I0o;义大利[yì dà lì]
iterbio;iterbi.0o;鐿[yì]
itinero;itiner.0o;行程[xíng chéng]
itinero;itiner.0o;路線[lù xiàn]
itinero;itiner.0o;旅程表[lǔ: chéng biǎo]
itrio;itri.0o;釔[yǐ]
iu;iu.0.adj;有人[yǒu rén]
iu;iu.0.adj;哪[nǎ]
iu;iu.0.adj;不知是誰[bù zhī shì shéi]
iu;iu.0.adj;随便哪个人[suí biàn nǎ ge rén]
kelkiuj;iu.kelk0j.pronomo;有的[yǒu de]
Ivano;ivan.0o;伊凡[yī fán]
Ivano;ivan.0o;伊万[yī wàn]
Izido;izis.0o.MIT;艾西斯[ài xī sī]
Izmiro;izmir.0o;伊兹密尔[yī cí mì ěr]
izola;izol.0a.izolita;孤立[gū lì]
izola;izol.0a.izolita;隔絕[gé jué]
izola;izol.0a.izolita;孤[gū]
izola;izol.0a.izolita;孤独[gū dú]
izola;izol.0a.izolita;孤絕[gū jué]
izoli;izol.0i;隔絕[gé jué]
izoli;izol.0i;隔离[gé lí]
izoli;izol.0i;絕緣[jué yuán]
izolilo;izol.0ilo;絕緣子[jué yuán zǐ]
izolilo;izol.0ilo;絕緣裝置[jué yuán zhuāng zhì]
izolilo;izol.0ilo;隔离的人[gé lí de rén]
izolilo;izol.0ilo;隔音装置[gé yīn zhuāng zhì]
izoliteco;izol.0iteco;孤立[gū lì]
izoliteco;izol.0iteco;隔离[gé lí]
izomero;izomer.0o;同分异构体[tóng fēn yì gòu tǐ]
izometria;izomet.0a;保長[bǎo cháng]
izometria;izomet.0a;等長[děng cháng]
izometrio;izomet.0o;同分异构[tóng fēn yì gòu]
izomorfa;izomor.0a.MAT;同构[tóng gòu]
izomorfia;izomor1.0a;同构[tóng gòu]
izomorfio;izomor1.0o;同型性[tóng xíng xìng]
izotopo;izotop.0o;同位素[tóng wèi sù]
izotropeco;izotro.0eco;各向同性[gè xiàng tóng xìng]
Izraelo;izrael.0o;以色列[Yǐ sè liè]
