ablacio;ablaci.0o.GEOL;消蝕 消蚀 [xiao1 shi2] 
abdiki;abdik.0i.demisii;下台 [xià tái] 
abdiki;abdik.0i.demisii;下野 [xià yě] 
abdiki;abdik.0i.regxo;下臺 [xià tái] 
abdiki;abdik.0i.regxo;禪 [shàn] 
abdiki;abdik.0i.regxo;禅让,禪讓 [shàn ràng] 
absinto;absint.0o.BOT;中亚苦蒿,中亞苦蒿 [zhōng yà kǔ hāo] 
abako;;算盘,算盤 [suàn pán] 
abelisto;;养蜂人,養蜂人 [yǎng fēng rén] 
abelisto;;养蜂家,養蜂家 [yǎng fēng jiā] 
abelujo;abel.0ujo.HOR;蜂巢 [fēng cháo] 
aboli;abol.0i.FIG;取消 [qǔ xiāo] 
aboli;abol.0i.JUR;开禁,開禁 [kāi jìn] 
aboli;abol.0i.JUR;撤銷,撤销 [chè xiāo] 
ABC;a1.0BC.FIG;小九九 [xiǎo jiǔ jiǔ] 
ABC;a1.0BC.alfabetumo;初級課本,初级课本 [chū jí kè běn] 
ABC;a1.0BC.alfabetumo;插图课本,插圖課本 [chā tú kè běn] 
abdiko;abdik.0o.demisio;卸任 [xiè rèn] 
abdiko;abdik.0o.demisio;下臺 [xià tái] 
abdiko;abdik.0o.demisio;下野 [xià yě] 
abdiko;abdik.0o.demisio;解决通知,解決通知 [jiě jué tōng zhī] 
abdiko;abdik.0o.demisio;逊位,遜位 [xùn wèi] 
abdiko;abdik.0o.regxo;下臺 [xià tái] 
abdiko;abdik.0o.regxo;逊位,遜位 [xùn wèi] 
abdiko;abdik.0o.regxo;废嫡,廢嫡 [fèi dí] 
abdiko;abdik.0o.regxo;讓位,让位 [ràng wèi] 
abdomeno;abdome.0o.ANA;腹 [fù] 
abdomeno;abdome.0o.ANA;腹部 [fù bù] 
abdomeno;abdome.0o.ANA;小腹 [xiǎo fù] 
abdomeno;abdome.0o.ZOO;腹 [fù] 
abdomeno;abdome.0o.ZOO;腹部 [fù bù] 
abelo;abel.0o.ZOO;蜜蜂 [mì fēng] 
laborabelo;abel.labor0o.ZOO;工蜂 [gōng fēng] 
virabelo;abel.vir0o.ZOO;公蜂 [gōng fēng] 
Abelo;abel1.0o.matematikisto;尼尔斯阿贝尔,尼爾斯阿貝爾 [ní ěr sī ā bèi ěr] 
aberacio;aberac.0o.SCI;像差 [xiàng chā] 
abio;abi.0o.BOT;枞树,樅樹 [cōng shù] 
abio;abi.0o.BOT;杉 [shā] 
abio;abi.0o.BOT;杉 [shān] 
abismo;abism.0o.profundo;壑 [hè] 
abismo;abism.0o.profundo;峭壁 [qiào bì] 
abismo;abism.0o.profundo;崖 [yá] 
abismo;abism.0o.profundo;悬崖,懸崖 [xuán yá] 
abismo;abism.0o.profundo;深坑 [shēn kēng] 
abismo;abism.0o.profundo;深度 [shēn dù] 
aboco;a1.0BC.FIG;小九九 [xiǎo jiǔ jiǔ] 
aboco;a1.0BC.alfabetumo;初級課本,初级课本 [chū jí kè běn] 
aboco;a1.0BC.alfabetumo;插图课本,插圖課本 [chā tú kè běn] 
abolo;abol.0o.JUR;使无效,使無效 [shǐ wú xiào] 
aboni;abon.0i.kontrakti;訂閱報紙,订阅报纸 [dìng yuè bào zhǐ] 
aborigeno;aborigen.0o.auxstralia;澳大利亚原住民,澳大利亞原住民 [ào dà lì yà yuán zhù mín] 
aborigeno;aborigen.0o.auxstralia;澳洲原住民 [ào zhōu yuán zhù mín] 
aborigeno;aborigen.0o.indigxeno;土着居民,土著居民 [tǔ zhù jū mín] 
aborigeno;aborigen.0o.indigxeno;山地人 [shān dì rén] 
Abrahamo;abraham.0o.nomo;亚伯拉罕,亞伯拉罕 [yà bó lā hǎn] 
Abrahamo;abraham.0o.nomo;亞巴郎 [yà bā láng] 
Abrahamo;abraham.0o.prapatro;亚伯拉罕,亞伯拉罕 [yà bó lā hǎn] 
abrupta;abrupt.0a.KOMUNE;一下子 [yī xià zi] 
abrupta;abrupt.0a.KOMUNE;佹 [guǐ] 
abrupta;abrupt.0a.KOMUNE;冒然 [mào rán] 
absceso;absces.0o.MED;溃疡,潰瘍 [kuì yáng] 
absceso;absces.0o.MED;脓疮,膿瘡 [nóng chuāng] 
absceso;absces.0o.MED;脓肿,膿腫 [nóng zhǒng] 
absolutismo;absolu.0ismo.POL;专制主义,專制主義 [zhuān zhì zhǔ yì] 
absolvo;absolv.0o.JUR;宣告无罪,宣告無罪 [xuān gào wú zuì] 
absolvo;absolv.0o.JUR;原諒,原谅 [yuán liàng] 
absolvo;absolv.0o.JUR;宽恕,寬恕 [kuān shù] 
absolvo;absolv.0o.JUR;忏悔式,懺悔式 [chàn huǐ shì] 
absolvo;absolv.0o.KAT;免罪 [miǎn zuì] 
abstinado;abstin.0ado.DIET;克制 [kè zhì] 
abstinema;abstin.0ema.DIET;克制 [kè zhì] 
abstini;abstin.0i.DIET;守斋,守齋 [shǒu zhāi] 
abstrakta;abstra.0a.bildo;抽象 [chōu xiàng] 
abstrakta;abstra.0a.gxenerala;抽象 [chōu xiàng] 
abstrakta;abstra.0a.gxenerala;概念化 [gài niàn huà] 
abstrakta;abstra.0a.gxenerala;理論化,理论化 [lǐ lùn huà] 
abstraktigi;abstra.0igi.gxeneraligi;一概而論,一概而论 [yī gài ér lùn] 
Abudabio;abudabi.A0o.GEOG;阿布达比,阿布達比 [ā bù dá bǐ] 
Abudabio;abudabi.A0o.GEOG;阿布扎比市 [ā bù zhā bǐ shì] 
abunda;abund.0a.je;包罗万象,包羅萬象 [bāo luó wàn xiàng] 
abunda;abund.0a.je;博 [bó] 
abunda;abund.0a.je;圆胖,圓胖 [yuán pàng] 
abunda;abund.0a.mem;可觀,可观 [kě guān] 
abunda;abund.0a.mem;优裕,優裕 [yōu yù] 
malabundi;abund.mal0i.KOMUNE;匮缺,匱缺 [kuì quē] 
malabunda;abund.mal0a.KOMUNE;受穷,受窮 [shòu qióng] 
malabunda;abund.mal0a.KOMUNE;匮乏,匱乏 [kuì fá] 
malabundo;abund.mal0o.KOMUNE;不当之处,不當之處 [bù dàng zhī chù] 
malabundo;abund.mal0o.KOMUNE;不足 [bù zú] 
malabundo;;貧困,贫困 [pín kùn] 
acetilĥolino;acetilhxolin.0o.FIZL;乙酰胆碱,乙酰膽鹼 [yǐ xiān dǎn jiǎn] 
acetilĥolino;acetilhxolin.0o.FIZL;乙醯胆硷,乙醯膽鹼 [yǐ xī dǎn jiǎn] 
acido;acid.0o.KEM;有机酸,有機酸 [yǒu jī suān] 
aminacido;acid.amin0o.FIZL;胺基酸 [ān jī suān] 
aminacido;acid.amin0o.FIZL;氨基酸 [ān jī suān] 
desoksiribonuklea acido;acid.desoksiribonuklea0o.GNT;脫氧核糖核酸,脱氧核糖核酸 [tuō yǎng hé táng hé suān] 
desoksiribonuklea acido;acid.desoksiribonuklea0o.GNT;去氧核糖核酸 [qù yǎng hé táng hé suān] 
desoksiribonuklea acido;acid.desoksiribonuklea0o.GNT;遗传指纹,遺傳指紋 [yí chuán zhǐ wén] 
nukleacido;acid.nukle0o.GNT;核酸 [hé suān] 
ribonuklea acido;acid.ribonuklea0o.GNT;核糖核酸 [hé táng hé suān] 
aĉa;acx.0a.KOMUNE;不太好 [bù tài hǎo] 
aĉa;acx.0a.KOMUNE;不如人意的 [bù rú rén yì de] 
aĉa;acx.0a.KOMUNE;不良 [bù liáng] 
aĉa;acx.0a.KOMUNE;令人不舒服 [lìng rén bù shū fú] 
aĉeti;;沽 [gū] 
aĉetisto;acxet.0isto.EKON;主顧,主顾 [zhǔ gù] 
Adamo;adam.0o.NOM;亚当,亞當 [yà dāng] 
adapti;adapt.0i.FIG;入境問俗,入境问俗 [rù jìng wèn sú] 
adapti;adapt.0i.FIG;入乡随俗,入鄉隨俗 [rù xiāng suí sú] 
adapti;adapt.0i.FIG;因地制宜 [yīn dì zhì yí] 
adapti;adapt.0i.FIG;坒 [bì] 
adapti;;媲 [pì] 
adaptiĝi;adapt.0igxi.KOMUNE;入境問俗,入境问俗 [rù jìng wèn sú] 
adekvata;adekva.0a.FIL;合适的,合適的 [hé shì de] 
adekvata;adekva.0a.KOMUNE;合适的,合適的 [hé shì de] 
adekvata;adekva.0a.KOMUNE;依此 [yī cǐ] 
adekvata;adekva.0a.KOMUNE;切合 [qiè hé] 
adenino;adenin.0o.BIO;腺嘌呤 [xiàn biāo líng] 
adepto;adept.0o.FIL;信徒 [xìn tú] 
adiabata;adiabat.0a.termodinamika;不传热,不傳熱 [bù zhuàn rè] 
adiabata;adiabat.0a.termodinamika;絕熱,绝热 [jué rè] 
adiaŭ;adiaux.0.MOR;拜拜 [bái bái] 
adiaŭ;adiaux.0.MOR;再会,再會 [zài huì] 
adiaŭi;adiaux.0i.KOMUNE;告別,告别 [gào bié] 
adiaŭi;adiaux.0i.KOMUNE;拜別,拜别 [bài bié] 
adicii;adici.0i.aldoni;加 [jiā] 
adicii;adici.0i.aldoni;增 [zēng] 
adicii;adici.0i.aldoni;加号,加號 [jiā hào] 
adicio;adici.0o.elementa;加上 [jiā shàng] 
adicio;adici.0o.elementa;加法 [jiā fǎ] 
adicio;adici.0o.elementa;加号,加號 [jiā hào] 
adicio;adici.0o.elementa;和 [hé] 
matrica adicio;adici.matrica0o.MAT;榘陣加法,矩阵加法 [jǔ zhèn jiā fǎ] 
Adisabebo;adisabeb.0o.cxefurbo;阿迪斯阿貝巴,阿迪斯阿贝巴 [ā dí sī ā bèi bā] 
Adisabebo;adisabeb.0o.cxefurbo;亚的斯亚贝巴,亞的斯亞貝巴 [yà dì sī yà bèi bā] 
adjudiko;adjudik.0o.JUR;公开投标,公開投標 [gōng kāi tóu biāo] 
adjudiko;adjudik.0o.JUR;公开招标,公開招標 [gōng kāi zhāo biāo] 
adjutanto;adjuta.0o.helpanto;副官 [fù guān] 
administrantaro;admini.0antaro.POL;公共管理 [gōng gòng guǎn lǐ] 
administrantaro;admini.0antaro.POL;公共行政 [gōng gòng xíng zhèng] 
administracio;admini1.0o.ejo;管家职务,管家職務 [guǎn jiā zhí wù] 
admiri;admir.0i.PSI;仰慕 [yǎng mù] 
admiri;admir.0i.PSI;佩 [pèi] 
admiri;admir.0i.PSI;佩服 [pèi fu] 
admiri;admir.0i.PSI;心仪,心儀 [xīn yí] 
admiri;admir.0i.PSI;感到很敬佩 [gǎn dào hěn jìng pèi] 
admiri;admir.0i.PSI;慕 [mù] 
admiri;admir.0i.PSI;拜 [bài] 
admiralo;admira.0o.MIL;舰队司令,艦隊司令 [jiàn duì sī lìng] 
admiralo;admira.0o.MIL;大将,大將 [dà jiāng] 
admiralo;admira.0o.MIL;海军上将,海軍上將 [hǎi jūn shàng jiàng] 
admiralo;admira.0o.MIL;海军司令,海軍司令 [hǎi jūn sī lìng] 
admiralo;admira.0o.MIL;海军总司令,海軍總司令 [hǎi jūn zǒng sī lìng] 
admiralitato;admira1.0o.administracio;海军司令部,海軍司令部 [hǎi jūn sī lìng bù] 
admoni;admon.0i.instigi;三令五申 [sān lìng wǔ shēn] 
admoni;admon.0i.riprocxi;俛 [miǎn] 
admoni;admon.0i.riprocxi;励,勵 [lì] 
admoni;admon.0i.riprocxi;劝诫,勸誡 [quàn jiè] 
admoni;admon.0i.riprocxi;劝谏,勸諫 [quàn jiàn] 
admoni;admon.0i.riprocxi;劝,勸 [quàn] 
admoni;;嗾 [sǒu] 
admoni;;挑 [tiǎo] 
admoni;;劝勉,勸勉 [quàn miǎn] 
admoni;;助威 [zhù wēi] 
admoni;;授意 [shòu yì] 
adobo;adob.0o.KON;砖坯,磚坯 [zhuān pī] 
adobo;adob.0o.KON;土坯 [tǔ pī] 
adolesko;adolesk.0o.KOMUNE;花季 [huā jì] 
adoleskulo;adolesk.0ulo.KOMUNE;十几岁的少年,十幾歲的少年 [shí jǐ suì de shào nián] 
adoleskulo;adolesk.0ulo.KOMUNE;年輕人,年轻人 [nián qīng rén] 
adolto;adolt.0o.plenkreskulo;成年人 [chéng nián rén] 
adolto;adolt.0o.plenkreskulo;成年者 [chéng nián zhě] 
adopti;adopt.0i.JUR;收养,收養 [shōu yǎng] 
adopti;adopt.0i.JUR;过继,過繼 [guò jì] 
adopti;adopt.0i.JUR;抱 [bào] 
adopti;adopt.0i.JUR;認養,认养 [rèn yǎng] 
adoranto;ador.0anto.FIG;仰慕者 [yǎng mù zhě] 
adoranto;ador.0anto.FIG;崇拜者 [chóng bài zhě] 
adoranto;ador.0anto.REL;崇拜者 [chóng bài zhě] 
adrenalino;adrenalin.0o.FIZL;肾上腺素,腎上腺素 [shèn shàng xiàn sù] 
adresi;adres.0i.POSX;写上姓名地址,寫上姓名地址 [xiě shàng xìng míng dì zhǐ] 
adresi;adres.0i.POSX;写有地址,寫有地址 [xiě yǒu dì zhǐ] 
adresi;adres.0i.sendi;传真及邮寄递送,傳真及郵寄遞送 [chuán zhēn jí yóu jì dì sòng] 
retadreso;adres.ret0o.KOMP;电子信箱,電子信箱 [diàn zǐ xìn xiāng] 
retadreso;adres.ret0o.KOMP;邮箱,郵箱 [yóu xiāng] 
retadreso;adres.ret0o.KOMP;邮件地址,郵件地址 [yóu jiàn dì zhǐ] 
Adriano;adrian.0o.NOM;阿德里恩 [ā dé lǐ ēn] 
Adriatiko;adriatik.0o.GEOG;亚得里亚海,亞得里亞海 [yà děi lǐ yà hǎi] 
Advento;advent.0o.KRI;将临节,將臨節 [jiāng lín jié] 
Advento;advent.0o.KRI;基督降临,基督降臨 [jī dū jiàng lìn] 
Advento;advent.0o.KRI;将临期,將臨期 [jiāng lín qī] 
Advento;advent.0o.KRI;待降節,待降节 [dài jiàng jié] 
adventisto;;耶稣再临论者,耶穌再臨論者 [yē sū zài lín lùn zhě] 
adverbo;adverb.0o.GRA;副詞,副词 [fù cí] 
aera;aer.0a.malfirma;似雪 [sì xuě] 
aeronaŭtiko;aerona1.0o.SCI;航空学,航空學 [háng kōng xué] 
aeroplano;aeropl.0o.AVI;乘人飛機,载人飞机 [chéng rén fēi jī] 
aerosolo;aerosol.0o.KEM;气溶胶,氣溶膠 [qì róng jiāo] 
aerosolo;aerosol.0o.KEM;喷雾胶,噴霧膠 [pēn wù jiāo] 
aerosolo;aerosol.0o.KEM;喷雾气,噴霧氣 [pēn wù qì] 
aerosolo;aerosol.0o.KEM;气雾剂,氣霧劑 [qì wù jì] 
varmaera aerostato;aerost.varmaera0o.AVI;热气球,熱氣球 [rè qì qiú] 
varmaera aerostato;aerost.varmaera0o.AVI;热汽球,熱汽球 [rè qì qiú] 
afabla;afabl.0a.KOMP;容易使用 [róng yì shǐ yòng] 
afabla;afabl.0a.KOMP;对用户友好,對用戶友好 [duì yòng hù yǒu hǎo] 
afabla;afabl.0a.KOMUNE;和气,和氣 [hé qi] 
afabla;afabl.0a.KOMUNE;和蔼地,和藹地 [hé ǎi de] 
malafabla;afabl.mal0a.KOMUNE;不高兴地,不高興地 [bù gāo xìng de] 
malafabla;afabl.mal0a.KOMUNE;哭丧着脸,哭喪著臉 [kū sang zhe liǎn] 
malafabla;afabl.mal0a.KOMUNE;不友好 [bù yǒu hǎo] 
afekcia;afekci.0a.anima;不自然 [bù zì rán] 
afekcii;afekci.0i.MED;使受影响,使受影響 [shǐ shòu yǐng xiǎng] 
afekcii;afekci.0i.MED;元气大伤,元氣大傷 [yuán qì dà shāng] 
afekcii;afekci.0i.PSI;刺激 [cì jī] 
afekcio;afekci.0o.FIL;情意 [qíng yì] 
afero;afer.0o.SOC;大事 [dà shì] 
Afganujo;afgan.A0ujo.GEOG;阿富汗 [ā fù hàn] 
afganio;afgani.0o.mono;阿富汗尼 [ā fù hàn ní] 
afgano;;阿富汗人 [ā fù hàn rén] 
afido;afid.0o.familio;腻虫,膩蟲 [nì chóng] 
afido;afid.0o.familio;蚜 [yá] 
afido;afid.0o.familio;蚜虫,蚜蟲 [yá chóng] 
antaŭafikso;afiks.antaux0o.GRA;前綴,前缀 [qián zhuì] 
antaŭafikso;afiks.antaux0o.GRA;字首 [zì shǒu] 
postafikso;afiks.post0o.GRA;下标,下標 [xià biāo] 
afina;afin.0a.gxenerale;仿射 [fǎng shè] 
afiŝo;afisx.0o.komp;公告 [gōng gào] 
aflikti;aflikt.0i.PSI;使忧虑,使憂慮 [shǐ yōu lü] 
aflikti;aflikt.0i.PSI;使担心,使擔心 [shǐ dān xīn] 
aflikti;aflikt.0i.PSI;侮辱 [wǔ rǔ] 
aflikti;aflikt.0i.PSI;伤心,傷心 [shāng xīn] 
aforismo;aforis.0o.BELE;格言 [gé yán] 
Afriko;afrik.A0o.kontinento;阿非利加洲 [ā fēi lì jiā shěng] 
Centr-Afriko;;中非 [zhōng fēi] 
Okcident-Afriko;;西部非洲 [xī bù fēi zhōu] 
Okcident-Afriko;;西非 [xī fēi] 
Sud-Afriko;;南非 [nán fēi] 
Sud-Afriko;;南非共和国,南非共和國 [nán fēi gòng hé guó] 
afto;aft.0o.MED;口疮,口瘡 [kǒu chuāng] 
interagi;ag.inter0i.KOMUNE;互相作用 [hù xiāng zuò yòng] 
interago;ag.inter0o.KOMP;互相影响,互相影響 [hù xiāng yǐng xiǎng] 
interago;ag.inter0o.KOMP;交感 [jiāo gǎn] 
interago;ag.inter0o.reciproka;交互作用 [jiāo hù zuò yòng] 
kontraŭagi;ag.kontraux0i.KOMUNE;反对,反對 [fǎn duì] 
kontraŭago;ag.kontraux0o.KOMUNE;克服 [kè fú] 
kontraŭago;ag.kontraux0o.KOMUNE;免疫能力 [miǎn yì néng lì] 
kunagi;ag.kun0i.KOMUNE;合作 [hé zuò] 
kunagi;ag.kun0i.KOMUNE;协,協 [xié] 
kunagi;ag.kun0i.KOMUNE;合力 [hé lì] 
kunago;ag.kun0o.KOMUNE;一起工作 [yì qǐ gōng zuò] 
kunago;ag.kun0o.KOMUNE;互利合作 [hù lì hé zuò] 
reagi;ag.re0i.KOMUNE;感应,感應 [gǎn yìng] 
reagi;ag.re0i.KOMUNE;反应,反應 [fǎn yìng] 
reagi;ag.re0i.KOMUNE;回应,回應 [huí yìng] 
reago;ag.re0o.KEM;化学反应,化學反應 [huà xué fǎn yìng] 
reago;ag.re0o.respondaefiko;应和,應和 [yìng hè] 
transago;ag.trans0o.KOMP;事务,事務 [shì wù] 
transago;ag.trans0o.KOMP;交易 [jiāo yì] 
agaco;agac.0o.FIZL;牙疼 [yá téng] 
agato;agat.0o.MIN;瑙 [nǎo] 
agatido;agatid.0o.BOT;考裡鬆,考里松 [kǎo lǐ sōng] 
agavo;agav.0o.BOT;龍舌蘭屬植物,龙舌兰属植物 [lóng shé lán shǔ zhí wù] 
agentejo;agent.0ejo.KOMUNE;代理处,代理處 [dài lǐ chù] 
agento;agent.0o.KOMUNE;代理 [dài lǐ] 
agento;agent.0o.KOMUNE;代理商 [dài lǐ shāng] 
asekura agento;agent.asekura0o.EKON;保险代理人,保險代理人 [bǎo xiǎn dài lǐ rén] 
komerca agento;agent.komerca0o.EKON;商务代表,商務代表 [shāng wù dài biǎo] 
sekreta agento;agent.sekreta0o.MIL;伣 [qiàn] 
agitado;agit.0ado.KOMUNE;宣传鼓动,宣傳鼓動 [xuān chuán gǔ dòng] 
agiti;agit.0i.MOV;抖 [dǒu] 
agiti;agit.0i.MOV;刺激 [cì jī] 
agitiĝo;agit.0igxo.KOMUNE;內爭,内争 [nèi zhēng] 
agitiĝo;agit.0igxo.KOMUNE;乱子,亂子 [luàn zi] 
agitisto;agit.0isto.POL;鼓动宣传者,鼓動宣傳者 [gǔ dòng xuān chuán zhě] 
agitiĝo;;宣传鼓动,宣傳鼓動 [xuān chuán gǔ dòng] 
aglo;agl.0o.ZOO;阿德勒 [ā dé lēi] 
aglo;agl.0o.ZOO;元金币,元金幣 [yuán jīn bì] 
Aglo;agl.A0o.AST;天鷹座,天鹰座 [tiān yīng zuò] 
fiŝaglo;agl.fisx0o.ZOO;雎 [jū] 
aglomeraĵo;aglome.0ajxo.MIN;块状物,塊狀物 [kuài zhuàng wù] 
aglomeraĵo;aglome.0ajxo.MIN;大都会区,大都會區 [dà dū huì qū] 
aglomeraĵo;aglome.0ajxo.urbego;人口稠密地带,人口稠密地帶 [rén kǒu chóu mì dì dài] 
aglomeraĵo;aglome.0ajxo.urbego;巨大都市 [jù dà dū shì] 
aglomeraĵo;aglome.0ajxo.urbego;人口稠密地区,人口稠密地區 [rén kǒu chóu mì dì qū] 
aglomeraĵo;aglome.0ajxo.urbego;工业集中地区,工業集中地區 [gōng yè jí zhōng dì qū] 
aglutina;agluti.0a.LIN;凝集的 [níng jí de] 
aglutini;agluti.0i.KEM;块多,塊多 [kuài duō] 
aglutina;;凝集的 [níng jí de] 
aglutini;;混凝 [hùn níng] 
agnoski;agnosk.0i.KOMUNE;公認,公认 [gōng rèn] 
agnoski;agnosk.0i.KOMUNE;批准 [pī zhǔn] 
agnoski;agnosk.0i.KOMUNE;承任 [chéng rèn] 
agnoski;agnosk.0i.KOMUNE;称道,稱道 [chèn dào] 
agnoski;agnosk.0i.KOMUNE;归功,歸功 [guī gōng] 
agnoskinda;agnosk.0inda.KOMUNE;値得讚美,值得赞美 [zhí de zàn měi] 
agnoskinda;agnosk.0inda.KOMUNE;可欽佩,可钦佩 [kě qīn pèi] 
agnoskinda;agnosk.0inda.KOMUNE;很好 [hěn hǎo] 
agnosko;agnosk.0o.KOMUNE;承蒙夸奖,承蒙誇獎 [chéng méng kuā jiǎng] 
agnosko;agnosk.0o.KOMUNE;承認,承认 [chéng rèn] 
agnosko;agnosk.0o.KOMUNE;保释金,保釋金 [bǎo shì jīn] 
agnosko;agnosk.0o.KOMUNE;具結,具结 [jù jié] 
malagnoski;agnosk.mal0i.KOMUNE;吐弃,吐棄 [tǔ qì] 
malagnoski;agnosk.mal0i.KOMUNE;不受理 [bù shòu lǐ] 
malagnoski;agnosk.mal0i.KOMUNE;姍,姗 [shān] 
agnostikismo;agnost.0ismo.FIL;不可知論,不可知论 [bù kě zhī lùn] 
agnostikulo;agnost.0ulo.FIL;不可知論者,不可知论者 [bù kě zhī lùn zhě] 
agordi;agord.0i.FIG;互相配合 [hù xiāng pèi he] 
agordo;agord.0o.ajxo;情調,情调 [qíng diào] 
agordo;agord.0o.ajxo;投票 [tuó piào] 
animagordo;;情調,情调 [qíng diào] 
misagorda;agord.mis0a.MUZ;失調,失调 [shī tiáo] 
agrabla;agrabl.0a.KOMUNE;好好 [hǎo hǎo] 
agrabla;agrabl.0a.KOMUNE;好用 [hǎo yòng] 
agrabla;agrabl.0a.KOMUNE;娩 [wǎn] 
agrabla;agrabl.0a.KOMUNE;嬿 [yàn] 
agrabla;agrabl.0a.KOMUNE;宜人 [yí rén] 
agrabla;agrabl.0a.KOMUNE;快意 [kuài yì] 
afero;;一件事 [yī jiàn shì] 
afero;;务,務 [wù] 
afero;;事 [shì] 
afero;;实务,實務 [shí wù] 
malagrablaĵo;agrabl.mal0ajxo.KOMUNE;不方便 [bù fāng biàn] 
agrikulturisto;agriku.0isto.AGR;耕田机,耕田機 [gēng tián jī] 
agrikulturisto;agriku.0isto.AGR;耕者 [gēng zhě] 
agrikulturisto;agriku.0isto.AGR;农,農 [nóng] 
agronomo;agrono.0o.AGR;农学家,農學家 [nóng xué jiā] 
agronomiisto;agrono1.0isto.fakulo;农学家,農學家 [nóng xué jiā] 
aĝo;agx.0o.KOMUNE;庚 [gēng] 
aĝo;agx.0o.KOMUNE;历史时期,歷史時期 [lì shǐ shí qī] 
infanaĝo;agx.infan0o.KOMUNE;婴儿期,嬰兒期 [yīng er qī] 
junaĝo;agx.jun0o.KOMUNE;花季 [huā jì] 
mondaĝo;;时代,時代 [shí dài] 
mondaĝo;;宝瓶座年代,寶缾座年代 [bǎo píng zuò nián dài] 
mondaĝo;;年月 [nián yue] 
plejaĝulo;agx.plej0ulo.POL;市議員,市议员 [shì yì yuán] 
plenaĝa;agx.plen0a.POL;达到法定年龄,達到法定年齡 [dá dào fǎ dìng nián líng] 
pliaĝulo;agx.pli0ulo.POL;尊長,尊长 [zūn zhǎng] 
samaĝulo;agx.sam0ulo.GEN;同代者 [tóng dài zhě] 
samaĝulo;agx.sam0ulo.GEN;同时代,同時代 [tóng shí dài] 
samaĝulo;agx.sam0ulo.GEN;同时发行的报纸,同時發行的報紙 [tóng shí fā xíng de bào zhǐ] 
samaĝulo;agx.sam0ulo.GEN;同岁,同歲 [tóng suì] 
samaĝulo;agx.sam0ulo.GEN;同級生,同级生 [tóng jí shēng] 
samaĝulo;agx.sam0ulo.GEN;同齡人,同龄人 [tóng líng rén] 
samaĝulo;agx.sam0ulo.GEN;同輩,同辈 [tóng bèi] 
Ahmadabado;ahmadabad.0o.urbo;艾哈迈达巴德,艾哈邁達巴德 [ài hā mài dá bā dé] 
aĥi;ahx.0i.KOMUNE;唏嘘,唏噓 [xī xū] 
aĥi;ahx.0i.KOMUNE;呻 [shēn] 
aĥi;ahx.0i.KOMUNE;唧唧 [jí jí] 
aĥ;;唉 [āi] 
aĥ;;啊 [ā] 
aidoso;aidos.0o.malsano;愛滋病,爱滋病 [ài zī bìng] 
aidoso;aidos.0o.malsano;艾滋病 [ài zī bìng] 
aidoso;aidos.0o.malsano;后天免疫缺乏症候群,後天免疫缺乏症候群 [hòu tiān miǎn yì quē fá zhèng hòu qún] 
aidoso;aidos.0o.malsano;愛滋,爱滋 [ài zī] 
aidoso;aidos.0o.malsano;獲得性免疫缺陷綜合症,获得性免疫缺陷综合症 [huò dé xìng miǎn yì quē xiàn zōng hé zhèng] 
aidosulo;aidos.0ulo.malsanulo;艾滋病病毒感染者 [ài zī bìng bìng dú gán rǎn zhě] 
aidosulo;aidos.0ulo.malsanulo;艾滋病感染者 [ài zī bìng gǎn rǎn zhě] 
aidosulo;aidos.0ulo.malsanulo;艾滋病病毒携带者,艾滋病病毒攜帶者 [ài zī bìng bìng dú xié dài zhě] 
ajnuo;ain.0o.ETN;愛努族,爱努族 [ài nǔ zú] 
ajlo;ajl.0o.bulbo;蒜粒 [suàn lì] 
ajlo;ajl.0o.specio;蒜 [suàn] 
ajlo;ajl.0o.specio;大蒜 [dà suàn] 
ajna;ajn.0a.MAT;一应,一應 [yī yīng] 
ajna;ajn.0a.MAT;任何一个人,任何一個人 [rèn hé yī gè rén] 
ajna;ajn.0a.MAT;任何 [rèn hé] 
ajna;ajn.0a.MAT;各人 [gè rén] 
ajna;ajn.0a.MAT;各个,各個 [gè gè] 
ajnulo;ajn.0ulo.FRAZ;世人 [shì rén] 
ajnulo;ajn.0ulo.FRAZ;大伙 [dà huǒ] 
ajurvedo;ajurved.0o.MED;阿育吠陀 [ā yù fèi tuó] 
Akado;akad.A0o.HIS;阿卡德王国,阿卡德王國 [ā kǎ dé wáng guó] 
Akado;akad.A0o.HIS;阿卡德 [ā kǎ dé] 
Akada;akad.0a.HIS;阿卡得語,阿卡得语 [ā kǎ dé yǔ]
Akada;akad.0a.HIS;阿卡德王朝 [ā kǎ dé wáng cháo]
akademiano;akadem.0ano.KOMUNE;学会会员,學會會員 [xué huì huì yuán] 
akademiano;akadem.0ano.KOMUNE;受过高等教育者,受過高等教育者 [shòu guò gāo děng jiào yù zhě] 
akademiano;akadem.0ano.KOMUNE;大学学生,大學學生 [dà xué xué sheng] 
akademiano;akadem.0ano.KOMUNE;大学老师,大學老師 [dà xué lǎo shī] 
akademiano;akadem.0ano.KOMUNE;学者,學者 [xué zhě] 
akaĵuo;akajxu.0o.flortigo;腰果 [yāo guǒ] 
akaro;akar.0o.ZOO;蜱 [pí] 
akcelilo;akcel.0ilo.AUT;油門,油门 [yóu mén] 
akcelilo;akcel.0ilo.FIZ;加速器 [jiā sù qì] 
akcelo;akcel.0o.FIZ;加速度 [jiā sù dù] 
akcenti;akcent.0i.FON;口音 [kǒu yīn] 
akcenti;akcent.0i.KOMUNE;最显著部分,最顯著部分 [zuì xiǎn zhù bù fen] 
akcenti;akcent.0i.KOMUNE;強調,强调 [qiáng diào] 
akcenti;akcent.0i.KOMUNE;拔高 [bá gāo] 
akcento;akcent.0o.FON;口音 [kǒu yīn] 
akcento;akcent.0o.FON;腔調,腔调 [qiāng diào] 
akcento;akcent.0o.FON;着重 [zhuó zhòng] 
akcento;akcent.0o.FON;重讀,重读 [zhòng dú] 
akcento;akcent.0o.FON;重音 [zhòng yīn] 
akcenti;akcent.0i.FON;操口音 [cāo kǒu yīn] 
senakcenta;akcent.sen0a.ne_akcentita;不強調,不强调 [bù qiáng diào] 
senakcenta;akcent.sen0a.ne_akcentita;不着重,不著重 [bù zhuó chóng] 
akceptejo;akcept.0ejo.TUR;入口大厅,入口大廳 [rù kǒu dà tīng] 
akceptejo;akcept.0ejo.TUR;休息室 [xiū xí shì] 
akceptejo;akcept.0ejo.TUR;传达室,傳達室 [chuán dá shì] 
akcepti;akcept.0i.eniri;受到 [shòu dào] 
akcepti;akcept.0i.ion;将就,將就 [jiāng jiù] 
akcepti;akcept.0i.ion;容受 [róng shòu] 
akcepti;akcept.0i.ion;容忍 [róng rěn] 
akcepti;akcept.0i.opinion;将就,將就 [jiāng jiù] 
akcepti;akcept.0i.ricevi;将就,將就 [jiāng jiù] 
akcepti;akcept.0i.trafite;容受 [róng shòu] 
akceptisto;akcept.0isto.TUR;接受 [jiē shòu] 
akcepto;akcept.0o.EKON;期票 [qī piào] 
akcepto;akcept.0o.ago;招待会,招待會 [zhāo dài huì] 
malakcepti;akcept.mal0i.KOMUNE;吐弃,吐棄 [tǔ qì] 
malakcepti;akcept.mal0i.KOMUNE;不受理 [bù shòu lǐ] 
malakcepti;akcept.mal0i.KOMUNE;一口回絕,一口回绝 [yī kǒu huí jué] 
malakcepti;akcept.mal0i.KOMUNE;却,卻 [què] 
malakcepti;akcept.mal0i.KOMUNE;姍,姗 [shān] 
malakcepti;akcept.mal0i.KOMUNE;嫌 [xián] 
malakcepti;akcept.mal0i.KOMUNE;嫌弃,嫌棄 [xián qì] 
malakcepti;akcept.mal0i.KOMUNE;拒 [jù] 
malakcepti;akcept.mal0i.KOMUNE;拒絕了,拒绝了 [jù jué liǎo] 
malakcepti;akcept.mal0i.KOMUNE;拚 [pàn] 
malakcepti;akcept.mal0i.MED;排斥 [pái chì] 
akcidento;akcide.0o.KOMUNE;三長兩短,三长两短 [sān cháng liǎng duǎn] 
akcidento;akcide.0o.KOMUNE;不幸运,不幸運 [bù xìng yùn] 
akcidento;akcide.0o.KOMUNE;不合适宜,不合適宜 [bù hé shì yí] 
akcidento;akcide.0o.KOMUNE;不幸的巧合 [bú xìng de qiǎo hé] 
akcipitredoj;akcipi1.0oj.ZOO;銀耳相思鳥,银耳相思鸟 [yín ěr xiāng sī niǎo] 
akcipitredoj;akcipi1.0oj.ZOO;鷹科,鹰科 [yīng kē] 
akiri;akir.0i.KOMUNE;來的易去的快,来的易去的快 [lái dì yì qù de kuài] 
akiri;;獲得,获得 [huò dé] 
akiri;;沽 [gū] 
ĉasakiri;akir.cxas0i.CXAS;拘 [jū] 
ĉasakiri;akir.cxas0i.CXAS;抢来,搶來 [qiǎng lái] 
militakiri;akir.milit0i.MIL;占 [zhàn] 
militakiri;akir.milit0i.MIL;收繳,收缴 [shōu jiǎo] 
militakiro;akir.milit0o.ajxo;战利品,戰利品 [zhàn lì pǐn] 
akmeo;akme.0o.FIG;高潮 [gāo cháo] 
akno;akn.0o.MED;痤疮,痤瘡 [cuó chuāng] 
akno;akn.0o.MED;青春痘 [qīng chūn dòu] 
akno;akn.0o.MED;青春豆 [qīng chūn dòu] 
akno;akn.0o.sxvelajxo;痘 [dòu] 
akomodi;akomod.0i.KOMUNE;入乡随俗,入鄉隨俗 [rù xiāng suí sú] 
akomodi;akomod.0i.KOMUNE;因地制宜 [yīn dì zhì yí] 
akomodiĝema;akomod.0igxema.PSI;圆通,圓通 [yuán tōng] 
akomodiĝema;akomod.0igxema.PSI;善变,善變 [shàn biàn] 
akomodiĝema;akomod.0igxema.PSI;容易教 [róng yì jiào] 
akomodiĝema;akomod.0igxema.PSI;拿得起放得下 [ná de qǐ fàng de xià] 
akomodiĝema;akomod.0igxema.PSI;可弯曲,可彎曲 [kě wān qǔ] 
akomodiĝema;akomod.0igxema.PSI;可变,可變 [kě biàn] 
akomodiĝi;akomod.0igxi.KOMUNE;入境問俗,入境问俗 [rù jìng wèn sú] 
akompani;akompa.0i.MUZ;伴奏 [bàn zòu] 
akompani;akompa.0i.kunesti;伴发,伴發 [bàn fā] 
akompani;akompa.0i.kunesti;伴随的,伴隨的 [bàn suí dí] 
akordi;akord.0i.KOMUNE;一貫地,一贯地 [yī guàn de] 
akordi;akord.0i.KOMUNE;內容完全一致,内容完全一致 [nèi róng wán quán yī zhì] 
akordi;akord.0i.KOMUNE;合乎 [hé hū] 
akordi;akord.0i.KOMUNE;合于,合於 [hé yú] 
akordi;akord.0i.KOMUNE;同度 [tóng dù] 
akordo;akord.0o.MUZ;和弦 [hé xián] 
akordo;akord.0o.samopinieco;一致 [yī zhì] 
interakordo;akord.inter0o.JUR;共識,共识 [gòng shì] 
interakordo;akord.inter0o.JUR;意見一致,意见一致 [yì jiàn yī zhì] 
interakordo;akord.inter0o.konveneco;共識,共识 [gòng shì] 
interakordo;akord.inter0o.konveneco;意見一致,意见一致 [yì jiàn yī zhì] 
interakordo;akord.inter0o.samopinieco;共識,共识 [gòng shì] 
interakordo;akord.inter0o.samopinieco;意見一致,意见一致 [yì jiàn yī zhì] 
malakorda;akord.mal0a.KOMUNE;不相称,不相稱 [bù xiāng chèng] 
malakorda;akord.mal0a.KOMUNE;不同意 [bù tóng yì] 
malakorda;akord.mal0a.KOMUNE;不符合 [bù fú hě] 
malakordi;akord.mal0i.KOMUNE;不同意 [bù tóng yì] 
malakordo;akord.mal0o.malsamopinieco;不統一,不统一 [bù tǒng yī] 
malakordo;akord.mal0o.malsamopinieco;不和諧,不和谐 [bù hé xié] 
malakordo;akord.mal0o.malsamopinieco;互不信任 [hù bù xìn rèn] 
malakordo;akord.mal0o.malsamopinieco;乖张,乖張 [guāi zhāng] 
misakordo;akord.mis0o.KOMUNE;不协调,不協調 [bù xié tiáo] 
akra;akr.0a.penetranta;暍 [hè] 
akraĵo;akr.0ajxo.akuta;布边,布邊 [bù biān] 
akrigi;akr.0igi.FIG;使尖銳化,使尖锐化 [shǐ jiān ruì huà] 
akrigi;akr.0igi.KOMUNE;使敏銳,使敏锐 [shǐ mǐn ruì] 
akrigi;akr.0igi.KOMUNE;加边框,加邊框 [jiā biān kuàng] 
akrigilo;akr.0igilo.KOMUNE;厎 [zhǐ] 
akrigilo;akr.0igilo.KOMUNE;硎 [xíng] 
akrigilo;akr.0igilo.KOMUNE;碬 [xiá] 
malakra;akr.mal0a.netrancxa;不利 [bù lì] 
malakra;akr.mal0a.netrancxa;不尖 [bù jiān] 
malakrigi;akr.mal0igi.KOMUNE;中化 [zhōng huà] 
akrobataĵo;akroba.0ajxo.TEA;特技表演 [tè jì biǎo yǎn] 
akrobataĵo;akroba.0ajxo.TEA;武打 [wǔ dǎ] 
akrobato;akroba.0o.TEA;杂技,雜技 [zá jì] 
akrobato;akroba.0o.TEA;表演特技者 [biǎo yǎn tè jì zhě] 
akrobato;akroba.0o.TEA;杂技演员,雜技演員 [zá jì yǎn yuán] 
akrobato;akroba.0o.TEA;全武行 [quán wǔ háng] 
akropolo;akropol.0o.ARKI;卫城,衛城 [wèi chéng] 
akropolo;akropol.0o.ARKI;雅典卫城,雅典衛城 [yǎ diǎn wèi chéng] 
akso;aks.0o.TEK;枢,樞 [chū] 
akso;aks.0o.TEK;枢轴,樞軸 [shū zhóu] 
akso;aks.0o.mezo;中心線,中心线 [zhōng xīn xiàn] 
akso;aks.0o.gravaorgano;支撐柱,支撑柱 [zhī cheng zhù] 
akselo;aksel.0o.ANA;夹肢窝,夹肢窩 [gā zhi wō] 
aksiomo;aksiom.0o.FIL;公理 [gōng lǐ] 
aksiomo;aksiom.0o.MAT;公理 [gōng lǐ] 
aksiomo;aksiom.0o.MAT;公理系統,公理系统 [gōng lǐ xì tǒng] 
aksolotlo;aksolot.0o.ZOO;墨西哥蝾螈,墨西哥蠑螈 [mò xī gē róng yuán] 
aksono;akson.0o.FIZL;軸突,轴突 [zhóu tú] 
akto;akt.0o.JUR;公文 [gōng wén] 
aktujo;akt.0ujo.OFI;文件夹,文件夾 [wén jiàn jiā] 
aktujo;akt.0ujo.OFI;卷宗 [juàn zōng] 
aktujo;akt.0ujo.OFI;画夹,畫夾 [huà jiā] 
aktujo;akt.0ujo.OFI;作品集 [zuò pǐn jí] 
aktujo;akt.0ujo.OFI;文件袋 [wén jiàn dài] 
aktujo;akt.0ujo.OFI;文件宗卷,文件宗捲 [wén jiàn zōng juǎn] 
aktinio;aktini.0o.ZOO;海葵 [hǎi kuí] 
aktinio;aktini.0o.ZOO;海葵目 [hǎi kuí mù] 
aktiva;aktiv.0a.agema;大力 [dà lì] 
aktiva;aktiv.0a.agema;奋发 [fèn fā] 
aktivi;aktiv.0i.KOMUNE;包干 [bāo gān] 
aktivigi;aktiv.0igi.KOMUNE;启用,啟用 [qǐ yòng] 
aktivigi;aktiv.0igi.KOMUNE;促进,促進 [cù jìn] 
aktiveco;aktiv.0eco.KOMUNE;活度 [huó dù] 
aktivo;aktiv.0o.EKON;储蓄额,儲蓄額 [chú xù é] 
aktivulo;aktiv.0ulo.POL;活动人士,活動人士 [huó dòng rén shì] 
aktivulo;aktiv.0ulo.POL;活跃分子,活躍份子 [huó yuè fèn zǐ] 
aktivulo;aktiv.0ulo.POL;活跃分子,活躍分子 [huó yuè fēn zǐ] 
malaktivigi;aktiv.mal0igi.KOMUNE;使无效,使無效 [shǐ wú xiào] 
malaktivigi;aktiv.mal0igi.KOMUNE;使不活动,使不活動 [shǐ bù huó dòng] 
aktori;aktor.0i.TEA;唱戏,唱戲 [chàng xì] 
aktorino;aktor.0ino.TEA;女优,女優 [nǚ yōu] 
aktorino;aktor.0ino.TEA;女演员,女演員 [nǚ yǎn yuán] 
aktoro;aktor.0o.TEA;大花面 [dà huā miàn] 
aktoro;;扮演者 [bàn yǎn zhě] 
aktuala;aktual.0a.KOMUNE;意义重大,意義重大 [yì yì zhòng dà] 
aktuala;aktual.0a.KOMUNE;具有高度显示意义的,具有高度顯示意義的 [jù yǒu gāo dù xiǎn shì yì yì de] 
aktuala;aktual.0a.SCI;切实,切實 [qiè shí] 
aktuala;aktual.0a.gxisdata;有新意 [yǒu xīn yì] 
aktuala;aktual.0a.gxisdata;合乎时代,合乎時代 [hé hū shí dài] 
aktuala;aktual.0a.gxisdata;恰当,恰當 [qià dàng] 
aktuala;aktual.0a.gxisdata;同时代,同時代 [tóng shí dài] 
aktualigi;aktual.0igi.gxisdatigi;使最新 [shǐ zuì xīn] 
aktualigi;aktual.0igi.gxisdatigi;使现代化,使現代化 [shǐ xiàn dài huà] 
akumuli;akumul.0i.EKON;勤俭节约,勤儉節約 [qín jiǎn jié yuē] 
akumuli;akumul.0i.EKON;储蓄,儲蓄 [chǔ xù] 
akumuli;akumul.0i.EKON;存 [cún] 
akumuli;akumul.0i.EKON;攒,攢 [zǎn] 
akumuli;akumul.0i.EKON;省 [shěng] 
akumuli;akumul.0i.KOMUNE;储物,儲物 [chǔ wù] 
akupunkturo;akupunktur.0o.MED;施以針灸,施以针灸 [shī yǐ zhēn jiǔ] 
akupunkturo;akupunktur.0o.MED;針刺,针刺 [zhēn cì] 
akupunkturo;akupunktur.0o.MED;針治,针治 [zhēn zhì] 
akupunkturo;akupunktur.0o.MED;針刺療法,针刺疗法 [zhēn cì liáo fǎ] 
akurate;akurat.0e.gxustatempe;守时,守時 [shǒu shí] 
akurate;akurat.0e.gxustatempe;尖 [jiān] 
akurate;akurat.0e.gxustatempe;剡 [yǎn] 
akustika;akusti.0a.MUZ;传音,傳音 [chuán yīn] 
akuŝarto;akusx.0arto.MED;助产术,助產術 [zhù chǎn shù] 
akuŝi;akusx.0i.FIZL;使生小牛 [shǐ shēng xiǎo niú] 
akuŝi;akusx.0i.FIZL;使生小羊 [shǐ shēng xiǎo yáng] 
akuŝi;akusx.0i.FIG;创新,創新 [chuàng xīn] 
akuŝistino;akusx.0istino.MED;助产士,助產士 [zhù chǎn shì] 
akuŝistino;akusx.0istino.MED;接生婆 [jiē shēng pó] 
akuŝistino;akusx.0istino.MED;产婆,產婆 [chǎn pó] 
akuŝistino;akusx.0istino.MED;接生员,接生員 [jiē shēng yuán] 
akuta;akut.0a.angulo;八字形 [bā zì xíng] 
akuta;akut.0a.malsano;急 [jí] 
malakuta;akut.mal0a.angulo;不尖 [bù jiān] 
malakuta;akut.mal0a.angulo;不利 [bù lì] 
akuzi;akuz.0i.JUR;劾 [hé] 
akuzisto;akuz.0isto.JUR;公訴人,公诉人 [gōng sù rén] 
akuzisto;akuz.0isto.JUR;原告 [yuán gào] 
akuzo;akuz.0o.JUR;公开抨击,公開抨擊 [gōng kāi pēng jī] 
akvumi;akv.0umi.KOMUNE;噗 [pū] 
akvoscienco;akv.0oscienco.SCI;水文学,水文學 [shuǐ wén xué] 
akvoscienco;akv.0oscienco.SCI;水文 [shuǐ wén] 
akvi;akv.0i.akvumi;噗 [pū] 
akvujo;akv.0ujo.GEOG;地面水 [dì miàn shuǐ] 
akvujo;akv.0ujo.GEOG;婴儿围巾,嬰兒圍巾 [yīng ér wéi jīn] 
akvujo;akv.0ujo.KOMUNE;塘 [táng] 
akvujo;akv.0ujo.KOMUNE;坦克車,坦克车 [tǎn kè chē] 
akvujo;akv.0ujo.KOMUNE;储藏器,儲藏器 [chǔ cáng qì] 
akvumilo;akv.0umilo.HOR;喷壶,噴壺 [pēn hú] 
akvumilo;akv.0umilo.HOR;喷水壶,噴水壺 [pēn shuǐ hú] 
akvumilo;akv.0umilo.HOR;洒水壶,灑水壺 [sǎ shuǐ hú] 
akvi;akv.0i.akvumi;鑄,铸 [zhù] 
akvi;akv.0i.akvumi;浇,澆 [jiāo] 
Akvisto;akv.A0isto.AST;宝瓶座,寶缾座 [bǎo píng zuò] 
falakvo;akv.fal0o.GEOG;悬泉,懸泉 [xuán quán] 
grundakvo;akv.grund0o.GEOL;地下水 [dì xià shuǐ] 
marakvo;akv.mar0o.KOMUNE;海水 [hǎi shuǐ] 
mineralakvo;akv.mineral0o.KUI;带汽的矿泉水,帶汽的礦泉水 [dài qì de kuàng quán shuǐ] 
rubakvo;akv.rub0o.AKV;废水,廢水 [fèi shuǐ] 
rubakvo;akv.rub0o.AKV;污水 [wū shuǐ] 
subakvigi;akv.sub0igi.KOMUNE;下潛,下潜 [xià qián] 
subakvigi;akv.sub0igi.KOMUNE;使充满,使充滿 [shǐ chōng mǎn] 
subakviĝi;akv.sub0igxi.KOMUNE;创立者,創立者 [chuàng lì zhě] 
subakviĝi;akv.sub0igxi.KOMUNE;创办人,創辦人 [chuàng bàn rén] 
superakvego;akv.super0ego.MET;洪災,洪灾 [hóng zāi] 
superakvego;akv.super0ego.MET;水災,水灾 [shuǐ zāi] 
superakvego;akv.super0ego.MET;汛 [xùn] 
superakvego;akv.super0ego.MET;沆 [hàng] 
superakvego;akv.super0ego.MET;洪水 [hóng shuǐ] 
superakvi;akv.super0i.KOMUNE;使充满,使充滿 [shǐ chōng mǎn] 
superakvi;akv.super0i.KOMUNE;沒,没 [mò] 
superakvi;akv.super0i.KOMUNE;淹 [yān] 
superakvi;akv.super0i.KOMUNE;淹沒,淹没 [yān mò] 
superakvo;akv.super0o.MET;大水 [dà shuǐ] 
superakvo;akv.super0o.MET;水患 [shuǐ huàn] 
superakvo;akv.super0o.MET;水災,水灾 [shuǐ zāi] 
superakvo;akv.super0o.MET;沔 [miǎn] 
superakvo;akv.super0o.MET;洚 [jiàng] 
superakvo;akv.super0o.MET;津水 [jīn shuǐ] 
superakvo;akv.super0o.MET;洪涝,洪澇 [hóng lào] 
traakvigi;akv.tra0igi.AGR;噗 [pū] 
trinkakvo;akv.trink0o.KOMUNE;水淡 [shuǐ dàn] 
akvamarino;akvamarin.0o.MIN;綠玉,绿玉 [lü yù] 
akvamarino;akvamarin.0o.MIN;蓝玉,藍玉 [lán yù] 
akvarelo;akvare.0o.BELA;水彩画,水彩畫 [shuǐ cǎi huà] 
akvarelo;akvare.0o.KOL;水彩 [shuǐ cǎi] 
akvarelo;akvare.0o.KOL;水墨 [shuǐ mò] 
akvarelo;akvare.0o.KOL;水彩顏料,水彩颜料 [shuǐ cǎi yán liào] 
aligi;al.0igi.KOMUNE;划归,劃歸 [huà guī] 
aligi;al.0igi.KOMUNE;一体化,一體化 [yī tǐ huà] 
aliĝi;al.0igxi.KOMUNE;上學,参加 [cān jiā] 
aliĝi;al.0igxi.KOMUNE;入会,入會 [rù huì] 
Alabamo;;亚拉巴马,亞拉巴馬 [yà lā bā mǎ] 
Alabamo;;亚拉巴马州,亞拉巴馬州 [yà lā bā mǎ zhōu] 
Alabamo;;亚拉巴吗,亞拉巴嗎 [yà lā bā ma] 
Alabamo;;阿拉巴馬州,阿拉巴马州 [ā lā bā mǎ zhōu] 
alarmi;alarm.0i.KOMUNE;大声疾呼,大聲疾呼 [dà shēng jí hū] 
alarmi;alarm.0i.KOMUNE;報警,报警 [bào jǐng] 
alarmi;alarm.0i.KOMUNE;惋 [wǎn] 
alarmilo;alarm.0ilo.KOMUNE;報警系統,报警系统 [bào jǐng xì tǒng] 
alarmo;alarm.0o.KOMUNE;報警信號,报警信号 [bào jǐng xìn hào] 
alarmo;alarm.0o.KOMUNE;危险信号,危險信號 [wéi xiǎn xìn hào] 
alarmo;alarm.0o.KOMUNE;警報信號,警报信号 [jǐng bào xìn hào] 
alaŭdo;alauxd.0o.genro;羽毛褐色 [yǔ máo hè sè] 
alaŭdo;alauxd.0o.genro;告天子 [gào tiān zǐ] 
alaŭdo;alauxd.0o.genro;告天鳥,告天鸟 [gào tiān niǎo] 
alaŭdo;alauxd.0o.genro;大鷚,大鹨 [dà liù] 
alaŭdo;alauxd.0o.genro;阿蘭 [ā lǎn] 
alaŭdo;alauxd.0o.genro;云雀,雲雀 [yún què] 
albergo;alberg.0o.TUR;安排膳宿 [ān pái shàn sù] 
albergo;alberg.0o.TUR;庐,廬 [lú] 
Alberto;albert1.A0o.GEOG;艾伯塔 [ài bó tǎ] 
albino;albin.0o.GNT;白公 [bái gōng] 
albino;albin.0o.GNT;白化病者 [bái huà bìng zhě] 
albino;albin.0o.GNT;白化变种,白化變種 [bái huà biàn zhǒng] 
albizio;albizi.0o.BOT;合欢,合歡 [hé huān] 
albumo;album.0o.TIP;像片簿 [xiàng piàn bù] 
albumo;album.0o.TIP;剪貼簿,剪贴簿 [jiǎn tiē bù] 
albumeno;albume.0o.albumino;蛋白 [dàn bái] 
alceo;alce.0o.BOT;蜀葵 [shǔ kuí] 
alciono;alcion.0o.birdo;普通翠鳥,普通翠鸟 [pǔ tōng cuì niǎo] 
aleo;ale.0o.HOR;林荫道,林蔭道 [lín yìn dào] 
aleatora;aleator.0a.KOMUNE;偶然地 [ǒu rán de] 
aleatora;aleator.0a.KOMUNE;偶然 [ǒu rán] 
aleatora;aleator.0a.KOMUNE;意外 [yì wài] 
aleatora;aleator.0a.KOMUNE;意外的 [yì wài de] 
aleatora;aleator.0a.KOMUNE;碰巧 [pèng qiǎo] 
aleatora;aleator.0a.arto;偶然 [ǒu rán] 
alegorio;alegor.0o.esprimo;喻 [yù] 
alelo;;基因等位 [jī yīn děng wèi] 
alero;aler.0o.ARKI;天幕 [tiān mù] 
alergio;alergi.0o.FIZL;敏感症 [mǐn gǎn zhèng] 
alergio;alergi.0o.FIZL;敏症 [mǐn zhèng] 
Alfonso;alfons.0o.NOM;阿方索十三世 [ā fāng suǒ shí sān shì] 
Alfredo;alfred.0o.NOM;阿尔弗雷德,阿爾弗雷德 [ā ěr fú léi dé] 
blualgo;;蓝藻,藍藻 [lán zǎo] 
brunalgoj;alg.brun0oj.BOT;棕藻 [zōng zǎo] 
brunalgoj;alg.brun0oj.BOT;石花菜 [shí huā cài] 
ruĝalgoj;alg.rugx0oj.BOT;紅藻,红藻 [hóng zǎo] 
ruĝalgoj;alg.rugx0oj.BOT;紫菜 [zǐ cài] 
ruĝalgoj;alg.rugx0oj.BOT;原紅藻綱,原红藻纲 [yuán hóng zǎo gāng] 
ruĝalgoj;alg.rugx0oj.BOT;条斑紫菜,條斑紫菜 [tiáo bān zǐ cài] 
ruĝalgoj;alg.rugx0oj.BOT;乌菜,烏菜 [wū cài] 
ruĝalgoj;alg.rugx0oj.BOT;紅毛菜科,红毛菜科 [hóng máo cài kē] 
verdalgoj;alg.verd0oj.BOT;綠藻門,绿藻门 [lü zǎo mén] 
verdalgoj;alg.verd0oj.BOT;綠藻,绿藻 [lü zǎo] 
algebro;algebr.0o.fako;代数,代數 [dài shù] 
algebro;algebr.0o.strukturo;代数结构,代數結構 [dài shù jié gòu] 
bulea algebro;algebr.bulea0o.fako;布尔代数,布爾代數 [bù ěr dài shù] 
lineara algebro;algebr.lineara0o.fako;線性代數,线性代数 [xiàn xìng dài shù] 
Alĝero;algxer.0o.cxefurbo;阿尔及尔,阿爾及爾 [ā ěr jí ěr] 
alia;ali.0a.diferenca;別人,别人 [bié rén] 
alie;ali.0e.kontraue;否则,否則 [fǒu zé] 
aliigi;ali.0igi.KOMUNE;修订 [xiū dìng] 
aliiĝi;ali.0igxi.KOMUNE;不断的变化,不斷的變化 [bù duàn dì biàn huà] 
aliiĝi;ali.0igxi.KOMUNE;不断发展,不斷發展 [bù duàn fā zhǎn] 
alianco;alianc.0o.POL;协约,協約 [xié yuē] 
alianco;alianc.0o.POL;同盟 [tóng méng] 
aliancano;alianc.0ano.POL;同盟者 [tóng méng zhě] 
alibio;alibi.0o.ekskuzo;不在场证明,不在場證明 [bù zài chǎng zhèng míng] 
alibio;alibi.0o.ekskuzo;无罪证明,無罪證明 [wú zuì zhèng míng] 
alibio;alibi.0o.ekskuzo;托辞,託辭 [tuō cí] 
aligatoredoj;aligat1.0oj.ZOO;短吻鱷,短吻鳄 [duǎn wěn è] 
alimento;;抚养费,撫養費 [fǔ yǎng fèi] 
alineo;aline.0o.tekstopeco;残余料,殘餘料 [cán yú liào] 
alineo;aline.0o.tekstopeco;成段 [chéng duàn] 
alkalo;alkal.0o.KEM;強鹼,强碱 [qiáng jiǎn] 
alkaloido;alkalo.0o.KEM;生物碱,生物鹼 [shēng wù jiǎn] 
alkoholaĵo;alkoho.0ajxo.KUI;烈酒 [liè jiǔ] 
alkoholaĵo;alkoho.0ajxo.KUI;私运入的酒,私運入的酒 [sī yùn rù de jiǔ] 
alkoholaĵo;alkoho.0ajxo.KUI;私酒 [sī jiǔ] 
alkoholismo;alkoho.0ismo.MED;使隶属,使隸屬 [shǐ lì shǔ] 
alkoholismo;alkoho.0ismo.MED;依賴性,依赖性 [yī lài xìng] 
alkoholismo;alkoho.0ismo.MED;成瘾,成癮 [chéng yǐn] 
alkoholismo;alkoho.0ismo.MED;放置在下級,放置在下级 [fàng zhì zài xià jí] 
alkoholo;alkoho.0o.KUI;乙醇 [yǐ chún] 
almanako;almana.0o.libro;历书,曆書 [lì shū] 
almanako;almana.0o.libro;年鑑 [nián jiàn] 
almenaŭ;almena.0.malfavore;不亚于,不亞於 [bù yà yú] 
almozi;almoz.0i.almozpeti;化緣,化缘 [huà yuán] 
almozi;almoz.0i.almozpeti;告饒,告饶 [gào ráo] 
almozi;almoz.0i.almozpeti;乞求 [qǐ qiú] 
almozisto;almoz.0isto.KOMUNE;叫花子 [jiào huā ze] 
almozisto;almoz.0isto.KOMUNE;乞丐 [qǐ gài] 
almozisto;almoz.0isto.KOMUNE;乞食 [qǐ shí] 
almozisto;almoz.0isto.KOMUNE;叫化子 [jiào huā zi] 
almozo;almoz.0o.KOMUNE;施舍 [shī shě] 
almozo;almoz.0o.KOMUNE;周济,賙濟 [zhōu jì] 
almozo;almoz.0o.KOMUNE;檀那 [tán nà] 
almozo;almoz.0o.KOMUNE;佈施,布施 [bù shī] 
almozo;almoz.0o.KOMUNE;残羹剩饭,殘羹剩飯 [cáng ēng shèng fàn] 
almozulejo;almoz.0ulejo.KOMUNE;救济院,救濟院 [jiù jì yuàn] 
almozulo;almoz.0ulo.KOMUNE;叫花子 [jiào huā ze] 
almozulo;almoz.0ulo.KOMUNE;乞丐 [qǐ gài] 
almozulo;almoz.0ulo.KOMUNE;乞食 [qǐ shí] 
almozulo;almoz.0ulo.KOMUNE;叫化子 [jiào huā zi] 
aloo;alo.0o.BOT;芦荟,蘆薈 [lú huì] 
alofono;alofon.0o.FON;同位异音,同位異音 [tóng wèi yì yīn] 
alofono;alofon.0o.FON;同位音 [tóng wèi yīn] 
alpismo;alp.0ismo.SPO;白化症 [bái huà zhèng] 
alpisto;alp.0isto.SPO;登山家 [dēng shān jiā] 
alpisto;alp.0isto.SPO;阿尔卑斯登山家,阿爾卑斯登山家 [ā ěr bēi sī dēng shān jiā] 
Alpoj;alp.A0oj.GEOG;阿尔卑士山,阿爾卑士山 [ā ěr bēi shì shān] 
Alpoj;alp.A0oj.GEOG;阿尔卑斯山,阿爾卑斯山 [ā ěr bēi sī shān] 
alpako;alpak.0o.besto;艸坭馬,艸坭马 [cǎo ní mǎ] 
alpako;alpak.0o.lano;羊駝,羊驼 [yáng tuó] 
alpinisto;alpinist.0o.SPO;登山家 [dēng shān jiā] 
alpinisto;alpinist.0o.SPO;阿尔卑斯登山家,阿爾卑斯登山家 [ā ěr bēi sī dēng shān jiā] 
alta;alt.0a.FIG;嵯 [cuó] 
alta;alt.0a.FIG;嶒 [céng] 
alta;alt.0a.dimensio;嵯 [cuó] 
alta;alt.0a.dimensio;嶒 [céng] 
altaĵeto;alt.0ajxeto.GEOG;地层升高,地層升高 [dì céng shēng gāo] 
altaĵeto;alt.0ajxeto.GEOG;丘 [qiū] 
altaĵeto;alt.0ajxeto.GEOG;土地升高 [tǔ dì shēng gāo] 
altaĵo;alt.0ajxo.GEOG;岗,崗 [gǎng] 
alteco;alt.0eco.eco;水准,水準 [shuǐ zhǔn] 
altigi;alt.0igi.KOMUNE;吊起 [diào qǐ] 
altigi;alt.0igi.KOMUNE;升运,升運 [shēng yùn] 
altigi;alt.0igi.KOMUNE;催谷 [cuī gǔ] 
alto;alt.0o.dimensio;水准,水準 [shuǐ zhǔn] 
malalta;alt.mal0a.FIG;下等 [xià děng] 
malalta;alt.mal0a.FIG;低微 [dī wēi] 
malalta;alt.mal0a.MUZ;低調,低调 [dī diào] 
malalta;alt.mal0a.dimensio;使平整 [shǐ píng zhěng] 
malaltigi;alt.mal0igi.KOMUNE;使丟臉,使丢脸 [shǐ diū liǎn] 
malaltigi;alt.mal0igi.KOMUNE;使蒙羞 [shǐ méng xiū] 
malaltigi;alt.mal0igi.KOMUNE;使降級,使降级 [shǐ jiàng jí] 
malaltigi;alt.mal0igi.KOMUNE;侮慢 [wǔ màn] 
Altairo;altair.0o.AST;河鼓二 [hé gǔ èr] 
Altairo;altair.0o.AST;牵牛,牽牛 [qiān niú] 
Altairo;altair.0o.AST;牵牛星,牽牛星 [qiān niú xīng] 
altaro;altar.0o.eklezio;圣坛,聖壇 [shèng tán] 
altaro;altar.0o.eklezio;祭坛,祭壇 [jì tán] 
altaro;altar.0o.eklezio;神坛,神壇 [shén tán] 
rozalteo;alte.roz0o.BOT;蜀葵 [shǔ kuí] 
alterni;altern.0i.sekvi;互生 [hù shēng] 
alternativo;altern2.0o.dilemo;两难推理,兩難推理 [liǎng nán tuī lǐ] 
alternativo;altern2.0o.dilemo;窘境 [jiǒng jìng] 
alternativo;altern2.0o.dilemo;进退两难,進退兩難 [jìn tuì liǎng nán] 
alternativo;altern2.0o.elekto;二选一,二選一 [èr xuǎn yī] 
altitudo;altitud.0o.GEOD;海平面 [hǎi píng miàn] 
altitudo;altitud.0o.GEOD;海拔 [hǎi bá] 
altruisma;altrui.0a.FIL;不顧自己,不顾自己 [bù gù zì jǐ] 
altruisma;altrui.0a.FIL;不謀取私利,不谋取私利 [bù móu qǔ sī lì] 
altruisma;altrui.0a.FIL;利他 [lì tā] 
Alzaco;alzac.0o.regiono;阿尔萨斯,阿爾薩斯 [ā ěr sà sī] 
amaĵo;am.0ajxo.KOMUNE;勾 [gòu] 
amanto;am.0anto.amatoro;愛好者,爱好者 [ài hǎo zhě] 
amanto;am.0anto.sekse;情人 [qíng rén] 
amanto;am.0anto.sekse;倾慕者,傾慕者 [qīng mù zhě] 
amanto;am.0anto.sekse;求愛者,求爱者 [qiú ài zhě] 
amanto;am.0anto.sekse;情郎 [qíng láng] 
amanto;am.0anto.sekse;嫪 [láo] 
aminda;am.0inda.KOMUNE;和蔼,和藹 [hé ǎi] 
aminda;am.0inda.KOMUNE;友好地 [yǒu hǎo de] 
aminda;am.0inda.KOMUNE;侃 [kǎn] 
aminda;am.0inda.KOMUNE;惇,敦 [dūn] 
aminda;am.0inda.KOMUNE;可愛,可爱 [kě ài] 
aminda;am.0inda.KOMUNE;惹人愛,惹人爱 [rě rén ài] 
amindumi;am.0indumi.MOR;勾勾搭搭 [gōu gou dā dā] 
enamiĝi;am.en0igxi.PSI;愛上,爱上 [ài shàng] 
enamiĝi;am.en0igxi.PSI;恋,戀 [liàn] 
enamiĝi;am.en0igxi.PSI;戀 [liàn] 
gloramo;am.glor0o.KOMUNE;野心 [yě xīn] 
gloramo;am.glor0o.KOMUNE;意志 [yì zhì] 
homamo;am.hom0o.KOMUNE;仁慈 [rén cí] 
malami;am.mal0i.iun;仇視,仇视 [chóu shì] 
malami;am.mal0i;柸 [pēi] 
malami;am.mal0i;憝 [duì] 
malamo;am.mal0o.malinklino;冤仇 [yuān chóu] 
malamo;am.mal0o.malinklino;厌恨,厭恨 [yàn hèn] 
malamo;am.mal0o.malinklino;堲 [jí] 
malamo;am.mal0o.malinklino;忌恨 [jì hèn] 
malamo;am.mal0o.malinklino;怨恨 [yuàn hèn] 
malamo;am.mal0o.pasio;务必痛恨,務必痛恨 [wù bì tòng hèn] 
Amadeo;;阿馬德烏斯,阿马德乌斯 [ā mǎ dé wū sī] 
amara;amar.0a.gusto;悲痛地 [bēi tòng de] 
amara;amar.0a.gusto;不鏽鋼的痛苦,不锈钢的痛苦 [bù xiù gāng de tòng kǔ] 
amasa;amas.0a.KOMUNE;充沛 [chōng pèi] 
amasigi;amas.0igi.KOMUNE;屯聚 [tún jù] 
amasigi;amas.0igi.KOMUNE;屯集 [tún jí] 
amasigi;amas.0igi.KOMUNE;垜 [duò] 
amasigi;amas.0igi.KOMUNE;堆制 [duī zhì] 
amasinformilo;amas.0informilo.INF;大众传播媒介,大眾傳播媒介 [dà zhòng chuán bò méi jiè] 
amasinformilo;amas.0informilo.INF;大众媒体,大眾媒體 [dà zhòng méi tǐ] 
amasinformilo;amas.0informilo.INF;传媒,傳媒 [chuán méi] 
amasinformilo;amas.0informilo.INF;大众媒介,大眾媒介 [dà zhòng méi jiè] 
amasinformilo;amas.0informilo.INF;传播媒体,傳播媒體 [chuán bò méi tǐ] 
amasinformilo;amas.0informilo.INF;大众传播,大眾傳播 [dà zhòng chuán bò] 
amaso;amas.0o.KOMUNE;合众,合眾 [hé zhòng] 
homamaso;amas.hom0o.KOMUNE;人海 [rén hǎi] 
homamaso;amas.hom0o.KOMUNE;人潮 [rén cháo] 
homamaso;amas.hom0o.KOMUNE;傇 [rǒng] 
amatoreca;amator.0eca.KOMUNE;外行 [wài háng] 
amatoreca;amator.0eca.KOMUNE;不专业,不專業 [bù zhuān yè] 
amatoreca;amator.0eca.KOMUNE;不熟練,不熟练 [bù shú liàn] 
amatoreca;amator.0eca.KOMUNE;不覺察,不觉察 [bù jué chá] 
amatoro;amator.0o.BELA;愛好者,爱好者 [ài hǎo zhě] 
amatoro;amator.0o.KOMUNE;半瓶子醋,半缾子醋 [bàn píng zi cù] 
amatoro;amator.0o.KOMUNE;俗家 [sú jiā] 
amazono;amazon.0o.MIT;女傑,女杰 [nǚ jié] 
amazono;amazon.0o.MIT;有侵略性的女人 [yǒu qīn lüè xìng de nǚ rén] 
amazono;amazon.0o.MIT;进取的女人,進取的女人 [jìn qǔ de nǚ rén] 
amazono;amazon.0o.MIT;高的女人 [gāo dì nǚ rén] 
Amazono;amazon2.A0o.rivero;亚马孙河,亞馬孫河 [yà mǎ sūn hé] 
Amazono;amazon2.A0o.rivero;亚马逊河,亞馬遜河 [yà mǎ xùn hé] 
Amazono;amazon2.A0o.rivero;亚马孙,亞馬孫 [yà mǎ sūn] 
Amazono;amazon2.A0o.subsxtato;亚马逊盆地,亞馬遜盆地 [yà mǎ xùn pén dì] 
ambasadejo;ambasa.0ejo.ambasadorejo;大使館,大使馆 [dà shǐ guǎn] 
ambasado;ambasa.0o.delegitaro;使節,使节 [shǐ jié] 
ambasado;ambasa.0o.delegitaro;使館工作人員,使馆工作人员 [shǐ guǎn gōng zuò rén yuán] 
ambasado;ambasa.0o.delegitaro;使者的派遣 [shǐ zhě de pài qiǎn] 
ambicia;ambici.0a.PSI;好強,好强 [hào qiáng] 
ambicia;ambici.0a.PSI;有虚荣心,有虛榮心 [yǒu xū róng xīn] 
ambicia;ambici.0a.PSI;有志气 [yǒu zhì qì] 
ambicii;ambici.0i.PSI;力争上游,力爭上游 [lì zhēng shàng yóu] 
ambicii;ambici.0i.PSI;努 [nǔ] 
ambicii;ambici.0i.PSI;努力争取,努力爭取 [nǔ lì zhēng qǔ] 
ambigua;ambigu.0a.LIN;含糊 [hán hú] 
ambigua;ambigu.0a.LIN;多值 [duō zhí] 
amblo;ambl.0o.RAJ;溜达,溜達 [liù da] 
amboso;ambos.0o.KOMUN;砧 [zhēn] 
amboso;ambos.0o.KOMUN;鐵砧,铁砧 [tiě zhēn] 
ambrozio;ambroz.0o.MIT;果冻,果凍 [guǒ dòng] 
ĵeleo;;果子冻,果子凍 [guǒ zi dòng] 
ambulanco;ambula.0o.MIL;野战医院,野戰醫院 [yě zhàn yī yuàn] 
amendi;;修订 [xiū dìng] 
amendi;;涂改 [tú gǎi] 
Nordameriko;amerik.Nord0o.GEOG;北美洲 [běi měi zhōu] 
Sudameriko;amerik.Sud0o.GEOG;南美 [nán měi] 
Sudameriko;amerik.Sud0o.GEOG;南美洲 [nán měi zhōu] 
Latinameriko;amerik.latin0o.GEOG;拉美 [lā měi] 
Latinameriko;amerik.latin0o.GEOG;拉丁美洲 [lā dīng měi zhōu] 
ametisto;ametis.0o.MIN;紫晶 [zǐ jīng] 
ametisto;ametis.0o.MIN;紫水晶 [zǐ shuǐ jīng] 
amfibia;amfibi.0a.TEK;两用,兩用 [liǎng yòng] 
amfibia;amfibi.0a.TEK;水陆两栖,水陸兩棲 [shuǐ liù liǎng qī] 
amfibia;amfibi.0a.TEK;水陆两用,水陸兩用 [shuǐ liù liǎng yòng] 
amfibio;amfibi.0o.ZOO;两栖类,兩棲類 [liǎng qī lèi] 
amfibioj;amfibi.0oj.ZOO;两栖类,兩棲類 [liǎng qī lèi] 
amfibio;;水陆两用飞机,水陸兩用飛機 [shuǐ liù liǎng yòng fēi jī] 
amfiteatro;amfite.0o.ARKI;竞技场,競技場 [jìng jì chǎng] 
amfiteatro;amfite.0o.ARKI;舞台 [wǔ tái] 
amfiteatro;amfite.0o.ARKI;袁行露天剧场,袁行露天劇場 [yuán xíng lù tiān jù chǎng] 
amfiteatro;amfite.0o.ARKI;阶梯式座位区,階梯式座位區 [jiē tī shì zuò wèi qū] 
amfiteatro;amfite.0o.ARKI;斗兽场,鬥獸場 [dòu shòu chǎng] 
amika;amik.0a.KOMUNE;友好 [yǒu hǎo] 
amikema;amik.0ema.PSI;平易近人 [píng yì jìn rén] 
amiko;;好朋友 [hǎo péng yǒu] 
falsa amiko;amik.falsa0o.LIN;伪友,偽友 [wěi yǒu] 
malamiko;amik.mal0o.de_io;反对者,反對者 [fǎn duì zhě] 
malamiko;amik.mal0o.kontraubatalanto;仇敌,仇敵 [chóu dí] 
malamiko;amik.mal0o.kontraubatalanto;冤家 [yuān jiā] 
malamiko;amik.mal0o.persono;仇敌,仇敵 [chóu dí] 
malamiko;amik.mal0o.persono;冤家 [yuān jiā] 
ŝajnamiko;amik.sxajn0o.LIN;伪友,偽友 [wěi yǒu] 
amnezio;amnezi.0o.MED;健忘症 [jiàn wàng zhèng] 
amnezio;amnezi.0o.MED;失忆,失憶 [shī yì] 
amnezio;amnezi.0o.MED;失忆症,失憶症 [shī yì zhèng] 
amoranto;amor.0anto.homo;倾慕者,傾慕者 [qīng mù zhě] 
amori;amor.0i.sekskunigxi;交媾 [jiāo gòu] 
amori;amor.0i.sekskunigxi;上床 [shàng chuáng] 
amoro;;性愛,性爱 [xìng ài] 
amoristino;amor.0istino.virino;娼优,娼優 [chāng yōu] 
amoristino;amor.0istino.virino;妓女 [jì nǚ] 
amoristino;amor.0istino.virino;三陪 [sān péi] 
amoristino;amor.0istino.virino;女流氓 [nǚ liú máng] 
amoristino;amor.0istino.virino;妓 [jì] 
amoristino;amor.0istino.virino;坐台小姐 [zuò tái xiǎo jiě] 
amoro;amor.0o.seksa;交合 [jiāo hé] 
amoro;amor.0o.seksa;两性关系,兩性關係 [liǎng xìng guān xì] 
Amoro;amor.A0o.MIT;厄洛斯 [è luò sī] 
ampleksa;;大規模,大规模 [dà guī mó] 
ampleksa;;广大,廣大 [guǎng dà] 
ampleksa;;广博,廣博 [guǎng bó] 
ampleksa;;氾 [fàn] 
ampleksa;;大規模的,大规模的 [dà guī mó de] 
ampleksa;;广,廣 [guǎng] 
ampleksi;amplek.0i.KOMUNE;幠 [hū] 
ampleksi;amplek.0i.KOMUNE;幪 [méng] 
amplekso;amplek.0o.KOMUNE;大小範圍,大小范围 [dà xiǎo fàn wéi] 
grandampleksa;amplek.grand0a.KOMUNE;大範圍,大范围 [dà fàn wéi] 
grandampleksa;amplek.grand0a.KOMUNE;博 [bó] 
grandampleksa;amplek.grand0a.KOMUNE;大而言之 [dà ér yán zhī] 
korpampleksa;amplek.korp0a.KOMUNE;便便 [pián pián] 
ampolo;ampol.0o.boteleto;安瓿 [ān pou] 
ampolo;ampol.0o.boteleto;安瓿瓶 [ān bù píng] 
ampolo;ampol.0o.boteleto;任何瓶状容器,任何瓶狀容器 [rèn hé píng zhuàng róng qì] 
ampolo;ampol.0o.boteleto;小瓶 [xiǎo píng] 
ampolo;ampol.0o.elektra;电灯泡,電燈泡 [diàn dēng pào] 
ampolo;ampol.0o.elektra;灯泡,燈泡 [dēng pào] 
ampolo;ampol.0o.elektra;白炽灯,白熾燈 [bái chì dēng] 
ampolo;ampol.0o.elektra;白炽灯泡,白熾燈泡 [bái chì dēng pào] 
amputi;amput.0i.KIR;切除 [qiē chú] 
amuleto;amulet.0o.MAGI;桃符 [táo fú] 
amuza;amuz.0a.KOMUNE;好玩 [hǎo wán] 
amuza;amuz.0a.KOMUNE;愉悅,愉悦 [yú yuè] 
amuza;amuz.0a.KOMUNE;妖娆,妖嬈 [yāo ráo] 
amuza;amuz.0a.KOMUNE;滑稽 [huá ji] 
amuza;amuz.0a.KOMUNE;很好玩 [hěn hǎo wán] 
amuzaĵo;amuz.0ajxo.KOMUNE;娛樂,娱乐 [yú lè] 
amuziĝi;amuz.0igxi.KOMUNE;好玩 [hǎo wán] 
amuziĝi;amuz.0igxi.KOMUNE;嬉游,嬉遊 [xī yóu] 
amuzisto;amuz.0isto.KOMUNE;傻瓜 [shǎ guā] 
malamuzi;amuz.mal0i.KOMUNE;使生气,使生氣 [shǐ shēng qì] 
malamuzi;amuz.mal0i.KOMUNE;使感到不便 [shǐ gǎn dào bù biàn] 
malamuzi;amuz.mal0i.KOMUNE;使感到困难,使感到困難 [shǐ gǎn dào kùn nan] 
aniĝi;an.0igxi.POL;入伍 [rù wǔ] 
aniĝi;an.0igxi.POL;加入 [jiā rù] 
anabaptisto;anabaptist.0o.KRI;浸信教徒 [jìn xìn jiào tú] 
anabolo;anabol.0o.FIZL;同化作用 [tóng huà zuò yòng] 
anabolo;anabol.0o.FIZL;代謝,代谢 [dài xiè] 
anaerobia;anaerobi.0a.KOMUNE;缺氧 [quē yǎng] 
analekto;analekt.0o.BELE;論語,论语 [lún yǔ] 
analfabeteco;analfa.0eco.gxenerala;識字率,识字率 [shí zì shuài] 
analgeziko;analgezik.0o.MED;鎮痛藥,镇痛药 [zhèn tòng yào] 
analiza;analiz.0a.KOMUNE;析 [xī] 
analizisto;analiz.0isto.KOMUNE;分析师,分析師 [fēn xī shī] 
analizisto;analiz.0isto.KOMUNE;分析家 [fēn xī jiā] 
analizisto;analiz.0isto.KOMUNE;分析者 [fēn xī zhě] 
analoga;analog.0a.TEK;模拟,模擬 [mó nǐ] 
analoga;analog.0a.KOMUNE;一样,一樣 [yī yàng] 
analoga;analog.0a.KOMUNE;依此 [yī cǐ] 
analogia;analog1.0a.konforma;依此 [yī cǐ] 
analogia;analog1.0a.konforma;切合 [qiè hé] 
analogio;analog1.0o.analogeco;一一对应,一一對應 [yī yī duì yìng] 
anamnezo;anamnez.0o.FIL;問診,问诊 [wèn zhěn] 
anamnezo;anamnez.0o.FIL;病史 [bìng shǐ] 
anarĥio;anarhx.0o.POL;个人无政府主义,個人無政府主義 [gè rén wú zhèng fǔ zhǔ yì] 
anarĥio;anarhx.0o.POL;乱,亂 [luàn] 
fajfanaso;anas.fajf0o.ZOO;赤頸鴨,赤颈鸭 [chì jǐng yā] 
kuleranaso;anas.kuler0o.ZOO;琵嘴鴨,琵嘴鸭 [pí zuǐ yā] 
anatemi;anatem.0i.malbeni;咒 [zhòu] 
anatemi;anatem.0i.malbeni;咒詛,咒诅 [zhòu zǔ] 
anatomio;anatom.0o.SCI;解剖学,解剖學 [jiě pǒu xué] 
Andoj;and.0oj.montaro;安地斯山脈,安地斯山脉 [ān de sī shān mài] 
Andoj;and.0oj.montaro;安第斯山脈,安第斯山脉 [ān dì sī shān mài] 
androgina;androg.0a.BIO;两性,兩性 [liǎng xìng] 
androido;;机器人,機器人 [jī qì rén] 
androido;;人造人 [rén zào rén] 
androido;;仿生人 [fǎng shēng rén] 
anekdoto;anekdo.0o.BELE;奇聞,奇闻 [qí wén] 
anekdota;;多軼事趣聞,多轶事趣闻 [duō yì shì qù wén] 
aneksado;aneks.0ado.POL;吞併,吞并 [tūn bìng] 
aneksaĵo;aneks.0ajxo.KOMUNE;副頁,副页 [fù yè] 
aneksi;aneks.0i.KOMUNE;加进,加進 [jiā jìn] 
aneksi;aneks.0i.KOMUNE;围绕,圍繞 [wéi rào] 
aneksi;aneks.0i.POL;侵吞 [qīn tūn] 
aneksi;aneks.0i.POL;兼併,兼并 [jiān bìng] 
aneksi;aneks.0i.POL;划归,劃歸 [huà guī] 
aneksi;aneks.0i.POL;吞併,吞并 [tūn bìng] 
anelidoj;anelid.0oj.ZOO;环节动物门,環節動物門 [huán jié dòng wù mén] 
anemio;anemi.0o.MED;貧血,贫血 [pín xiě] 
anemio;anemi.0o.MED;貧血症,贫血症 [pín xuè zhèng] 
maranemonoj;anemon.mar0oj.ZOO;海葵 [hǎi kuí] 
maranemonoj;anemon.mar0oj.ZOO;海葵目 [hǎi kuí mù] 
anemono;;銀蓮花,银莲花 [yín lián huā] 
anestezi;aneste.0i.MED;使麻木 [shǐ má mù] 
anestezi;aneste.0i.MED;使麻醉 [shǐ má zuì] 
anestezi;aneste.0i.MED;使耳聋,使耳聾 [shǐ ěr lóng] 
anestezilo;aneste.0ilo.MED;犯毒 [fàn dú] 
anestezo;aneste.0o.MED;乾式噴粉,干式喷粉 [gān shì pēn fěn] 
aneto;anet.0o.BOT;莳萝,蒔蘿 [shí luó] 
aneto;anet.0o.BOT;莳萝的果实,蒔蘿的果實 [shí luó de guǒ shí] 
angino;angin.0o.MED;咽峡炎,咽峽炎 [yān xiá yán] 
angino;angin.0o.MED;嗓子疼 [sǎng zi téng] 
angla;angl.0a.rilatanta;会说英语,會說英語 [huì shuō yīng yǔ] 
Angolo;angol.A0o.GEOG;安哥拉 [ān gē lā] 
angulo;angul.0o.KOMUNE;一隅 [yī yú] 
triangula;;三角形 [sān jiǎo xíng] 
anĝelo;angxel.0o.REL;安琪儿,安琪兒 [ān qí ér] 
anĝelo;angxel.0o.REL;仙女 [xiān nǚ] 
anĝelo;angxel.0o.REL;天使 [tiān shǐ] 
ĉefanĝelo;angxel.cxef0o.REL;大天使 [dà tiān shǐ] 
ĉefanĝelo;angxel.cxef0o.REL;天使長,天使长 [tiān shǐ zhǎng] 
anheli;;喘 [chuǎn] 
anheli;;呼哧 [hū chī] 
anheli;;嗽喘 [sòu chuǎn] 
anheli;;哮 [xiāo] 
animi;anim.0i.inspiri;感召 [gǎn zhào] 
animi;anim.0i.inspiri;启发,啟發 [qǐ fā] 
animi;anim.0i.inspiri;启迪,啟迪 [qǐ dí] 
animi;anim.0i.vigligi;促动,促動 [cù dòng] 
animi;anim.0i.vigligi;促使 [cù shǐ] 
animi;anim.0i.vigligi;刺激 [cì jī] 
animi;anim.0i.vigligi;助兴,助興 [zhù xìng] 
animi;anim.0i.vigligi;勖 [xù] 
animi;anim.0i.vigligi;勗 [xù] 
animi;anim.0i.vigligi;唆 [suō] 
animi;anim.0i.vivigi;使精神振奋,使精神振奮 [shǐ jīng shén zhèn fèn] 
animi;anim.0i.vivigi;弄活 [lòng huó] 
animismo;anim.0ismo.REL;泛灵论,泛靈論 [fàn líng lùn] 
animismo;anim.0ismo.REL;万物有灵论,萬物有靈論 [wàn wù yǒu líng lùn] 
etanima;anim.et0a.PSI;井底之蛙 [jǐng dǐ zhī wā] 
etanimeco;;偏執,偏执 [piān zhí] 
etanimeco;;偏狭,偏狹 [piān xiá] 
etanimeco;;頑固,顽固 [wán gù] 
etanimeco;;頑迷,顽迷 [wán mí] 
etanima;;心胸狭隘,心胸狹隘 [xīn xiōng xiá ài] 
etanima;;吝啬,吝嗇 [lìn sè] 
etanima;;固執,固执 [gù zhí] 
etanima;;死板 [sǐ bǎn] 
etanima;;无教养,無教養 [wú jiào yǎng] 
etanima;;窄額,窄额 [zhǎi é] 
facilanima;anim.facil0a.PSI;不經心,不经心 [bù jīng xīn] 
facilanimeco;anim.facil0eco.PSI;愚笨 [yú bèn] 
facilanimeco;anim.facil0eco.PSI;漫不經心,漫不经心 [màn bù jīng xīn] 
facilanima;;冒失 [mào shi] 
facilanima;;恌 [tiāo] 
facilanima;;慵 [yōng] 
facilanima;;挑 [tāo] 
grandanima;anim.grand0a.PSI;傲然地 [ào rán de] 
grandanima;anim.grand0a.PSI;厚道 [hòu dao] 
grandanimeco;anim.grand0eco.PSI;宽大,寬大 [kuān dà] 
grandanimeco;anim.grand0eco.PSI;盛意 [shèng yì] 
rektanima;anim.rekt0a.PSI;耿直 [gěng zhí] 
simplanima;;可欺 [kě qī] 
animacio;animaci.0o.KIN;动画,動畫 [dòng huà] 
animacio;animaci.0o.KIN;动漫,動漫 [dòng màn] 
animalo;animal.0o.BIO;动物,動物 [dòng wù] 
anizo;aniz.0o.KUI;大茴香 [dà huí xiāng] 
anizo;aniz.0o.KUI;茴芹 [huí qín] 
anizujo;aniz.0ujo.BOT;茴芹 [huí qín] 
stelanizo;aniz.stel0o.KUI;大茴香 [dà huí xiāng] 
anjono;anjon.0o.KEM;阴离子,陰離子 [yīn lí zǐ] 
Ankaro;ankar.0o.urbo;安卡拉 [ān kǎ lā] 
ankaŭ;ankaux.0.KOMUNE;也是 [yě shì] 
ne sole... sed ankaŭ...;ankaux.ne_sole_sed_0.KOMUNE;不但而且 [bù dàn ér qiě] 
ne sole... sed ankaŭ...;ankaux.ne_sole_sed_0.KOMUNE;不仅仅,不僅僅 [bù jǐn jǐn] 
ne sole... sed ankaŭ...;ankaux.ne_sole_sed_0.KOMUNE;不仅而且,不僅而且 [bù jǐn ér qiě] 
ankri;ankr.0i.ekankri;傢伙,家伙 [jiā huo] 
ankrejo;;放錨處,放锚处 [fàng máo chù] 
Anno;ann.0o.SNC;安哪 [ān nǎ] 
Anno;ann.0o.SNC;安娜 [ān nà] 
anomalia;anomal.0a.SCI;媮 [tōu] 
anomalia;anomal.0a.SCI;岐 [qí] 
anomalio;anomal.0o.SCI;差异性,差異性 [chā yì xìng] 
anomalio;anomal.0o.SCI;乖离,乖離 [guāi lí] 
anomalio;anomal.0o.SCI;因絕食而衰弱,因绝食而衰弱 [yīn jué shí ér shuāi ruò] 
anonarbo;anon.0arbo.BOT;刺果番荔枝 [cì guǒ fān lì zhī] 
anonci;anonc.0i.antausciigi;前奏 [qián zòu] 
anonci;anonc.0i.vizitanton;宣 [xuān] 
anonci;anonc.0i.publike;宣告 [xuān gào] 
anonci;anonc.0i.publike;公布 [gōng bù] 
anonci;anonc.0i.publike;宣布 [xuān bù] 
anonci;anonc.0i.publike;宣讀,宣读 [xuān dú] 
anonco;anonc.0o.KOMUNE;公佈,公布 [gōng bù] 
anonco;anonc.0o.KOMUNE;公函 [gōng hán] 
anonco;anonc.0o.KOMUNE;传讲,傳講 [chuán jiǎng] 
anonco;anonc.0o.KOMUNE;公告 [gōng gào] 
anso;ans.0o.tenilo;句柄 [jù bǐng] 
anso;ans.0o.tenilo;執手,执手 [zhí shǒu] 
ansero;anser.0o.hejmbesto;呆头鹅,獃頭鵝 [dāi tóu é] 
anstataŭ;anstat.0.konj;反而 [fǎn ér] 
anstataŭigebla;;可交代 [kě jiāo dài] 
anstataŭigebla;;可更换,可更換 [kě gēng huàn] 
anstataŭigebla;;可偿还,可償還 [kě cháng huán] 
anstataŭigebla;;可补偿,可補償 [kě bǔ cháng] 
anstataŭigi;anstat.0igi.KOMUNE;代替,代購 [dài gòu] 
anstataŭigi;anstat.0igi.KOMUNE;替身 [tì shēn] 
angstromo;anstrom.0o.FIZ;埃格斯特朗 [āi gé sī tè lǎng] 
angstromo;anstrom.0o.FIZ;埃 [āi] 
antagonismo;antago.0o.KOMUNE;乖张,乖張 [guāi zhāng] 
antagonismo;antago.0o.KOMUNE;不一致性 [bù yī zhì xìng] 
Antarkto;antark.A0o.regiono;南极洲,南極洲 [nán jí zhōu] 
antarkta;antark.a0a.GEOG;南极地带,南極地帶 [nán jí dì dài] 
antaŭ;antaux.0.tempe;前 [qián] 
antaŭa;antaux.0a.pliFrua;上个,上個 [shàng gè] 
antaŭa;antaux.0a.pliProksima;充分条件,充分條件 [chōng fèn tiáo jiàn] 
antaŭaĵo;antaux.0ajxo.loke;前十字韌帶,前十字韧带 [qián shí zì rèn dài] 
antaŭaĵo;antaux.0ajxo.loke;前敌,前敵 [qián dí] 
antaŭaĵo;antaux.0ajxo.loke;前端处理器,前端處理器 [qián duān chǔ lǐ qì] 
antaŭanto;antaux.0anto.KOMUNE;前一任 [qián yī rèn] 
antaŭanto;antaux.0anto.KOMUNE;前身 [qián shēn] 
antaŭanto;antaux.0anto.KOMUNE;前任 [qián rèn] 
antaŭanto;antaux.0anto.KOMUNE;前輩,前辈 [qián bèi] 
antaŭe;antaux.0e.loke;前面 [qián mian] 
antaŭe;antaux.0e.loke;前 [qián] 
antaŭe;antaux.0e.loke;前边,前邊 [qián bian] 
antaŭe;antaux.0e.loke;前头,前頭 [qián tou] 
antaŭe;antaux.0e.tempe;事前 [shì qián] 
antaŭe;antaux.0e.tempe;之前 [zhī qián] 
antaŭe;antaux.0e.tempe;久远,久遠 [jiǔ yuǎn] 
antaŭe;antaux.0e.tempe;以前发生,以前發生 [yǐ qián fā shēng] 
antaŭe;antaux.0e.tempe;保不定 [bǎo bù dìng] 
antaŭe;antaux.0e.tempe;保不齊,保不齐 [bǎo bù qí] 
antaŭen;antaux.0en.celante;事先 [shì xiān] 
antaŭen;antaux.0en.celante;向前 [xiàng qián] 
pioniro;;刀鋒邊緣,刀锋边缘 [dāo fēng biān yuán] 
antaŭenigi;antaux.0enigi.FIG;促进发展,促進發展 [cù jìn fā zhǎn] 
antaŭenigi;antaux.0enigi.FIG;促 [cù] 
antaŭenigi;antaux.0enigi.FIG;升迁,升遷 [shēng qiān] 
antaŭulo;antaux.0ulo.GEN;前一任 [qián yī rèn] 
antaŭulo;antaux.0ulo.GEN;前身 [qián shēn] 
antaŭulo;antaux.0ulo.GEN;列祖列宗 [liè zǔ liè zōng] 
antaŭulo;antaux.0ulo.GEN;先 [xiān] 
antaŭulo;antaux.0ulo.GEN;前任 [qián rèn] 
antaŭulo;antaux.0ulo.GEN;前輩,前辈 [qián bèi] 
malantaŭo;;尾 [wěi] 
malantaŭo;;尾巴 [wěi ba] 
antibiotiko;antibi.0o.MED;抗菌素 [kàng jùn sù] 
antibiotiko;antibi.0o.MED;抗生素 [kàng shēng sù] 
anticipa;antici.0a.KOMUNE;不适时,不適時 [bù shì shí] 
anticiklono;anticiklon.0o.MET;反气旋,反氣旋 [fǎn qì xuán] 
antidoto;antido.0o.MED;反作用剂,反作用劑 [fǎn zuò yòng jì] 
Antigvo;antigv.0o.insulo;安地卡岛,安地卡島 [ān dì kǎ dǎo] 
antikorpo;antikorp.0o.FIZL;抗体,抗體 [kàng tǐ] 
antikva;antikv.0a.malnova;古色古香 [gǔ sè gǔ xiāng] 
antikvaĵisto;antikv.0ajxisto.KOMUNE;古文物商 [gǔ wén wù shāng] 
antikvaĵisto;antikv.0ajxisto.KOMUNE;古董商 [gǔ dǒng shāng] 
antikveco;antikv.0eco.epoko;古代 [gǔ dài] 
antikveco;antikv.0eco.epoko;古代珍品 [gǔ dài zhēn pǐn] 
antikveco;antikv.0eco.epoko;古典时期,古典時期 [gǔ diǎn shí qī] 
antikvaĵo;antikv.0ajxo.KOMUNE;古玩 [gǔ wàn] 
antikvaĵo;antikv.0ajxo.KOMUNE;古物 [gǔ wù] 
antikvo;antikv.0o.epoko;古代史 [gǔ dài shǐ] 
antikvo;antikv.0o.epoko;古代珍品 [gǔ dài zhēn pǐn] 
Antiloj;antil.0oj.insularo;安的列斯群岛,安的列斯群島 [ān dì liè sī qún dǎo] 
antipatia;antipa.0a.kauxzanta;寡恩 [guǎ ēn] 
antipatio;antipa.0o.malsimpatio;厌恶,厭惡 [yàn wù] 
antipatio;antipa.0o.malsimpatio;反感 [fǎn gǎn] 
antipatia;;令人反感 [lìng rén fǎn gǎn] 
antipatii;;嫌弃,嫌棄 [xián qì] 
antisepsi;antise1.0i.MED;杀菌,殺菌 [shā jùn] 
Antonenoj;antonen.0oj.HIS;五賢君,五贤君 [wǔ xián jūn] 
antrakso;antrak.0o.infekta_malsano;炭疽热,炭疽熱 [tàn jū rè] 
antrakso;antrak.0o.infekta_malsano;炭疽病 [tàn jū bìng] 
antrakso;antrak.0o.infekta_malsano;炭疽 [tàn jū] 
antropoida;antrop.0a.KOMUNE;具有人类特点,具有人類特點 [jù yǒu rén lèi tè diǎn] 
antropologo;antrop1.0o.antropologiisto;人类学家,人類學家 [rén lèi xué jiā] 
antropomorfismo;antrop4.0o.KOMUNE;拟人论,擬人論 [nǐ rén lùn] 
antropomorfismo;antrop4.0o.KOMUNE;拟人化美少女,擬人化美少女 [nǐ rén huà měi shào nǚ] 
antropomorfismo;antrop4.0o.KOMUNE;拟人化,擬人化 [nǐ rén huà] 
Antverpeno;antverp.A0o.prov;安特卫普,安特衛普 [ān tè wèi pǔ] 
anuroj;anur.0oj.ZOO;无尾目,無尾目 [wú wěi mù] 
aparataro;aparat.0aro.aro;備,备 [bèi] 
aparato;aparat.0o.TEK;仪器,儀器 [yí qì] 
aparataro;;仪器和系统,儀器和系統 [yí qì hé xì tǒng] 
aparato;aparat.0o.TEK;仪,儀 [yí] 
aparato;;具 [jù] 
flugaparato;aparat.flug0o.AVI;鶖 [qiū] 
aparta;apart.0a.malkuna;个别,個別 [gè bié] 
aparta;apart.0a.speciala;不普通 [bù pǔ tōng] 
aparta;apart.0a.speciala;份外,分外 [fèn wài] 
aparta;apart.0a.speciala;不俗 [bù sú] 
aparta;apart.0a.speciala;例外地 [lì wài de] 
aparta;apart.0a.speciala;傑,杰 [jié] 
apartaĵo;apart.0ajxo.proprajxo;分离性,分離性 [fēn lí xìng] 
apartaĵo;apart.0ajxo.proprajxo;可分性 [kě fèn xìng] 
apartaĵo;apart.0ajxo.proprajxo;分则,分則 [fēn zé] 
apartigi;apart.0igi.KOMUNE;仳 [pǐ] 
apartigi;apart.0igi.KOMUNE;分泌 [fēn mì] 
apartigi;apart.0igi.KOMUNE;囡 [nān] 
apartamento;aparta.0o.hotela;套房 [tào fáng] 
apartamento;aparta.0o.hotela;公寓式住房 [gōng yù shì zhù fáng] 
apartamento;aparta.0o.kastela;公寓式住房 [gōng yù shì zhù fáng] 
apartamento;aparta.0o.kastela;公寓 [gōng yù] 
apartamento;aparta.0o.kastela;公寓房間,公寓房间 [gōng yù fáng jiān] 
aparteni;aparte.0i.aro;一事 [yī shì] 
aparteni;aparte.0i.partoDe;一事 [yī shì] 
aparteni;aparte.0i.proprajxo;属于,屬於 [shǔ yú] 
apeli;apel.0i.posteni;糾集,纠集 [jiū jí] 
apelacii;apelac.0i.FIG;呼吁,呼籲 [hū yù] 
apelacii;apelac.0i.FIG;俛 [miǎn] 
apelacii;apelac.0i.JUR;不服 [bù fú] 
apenaŭ;apenau.0.jxuse;刚,剛 [gāng] 
apenaŭ;apenau.0.jxuse;刚刚才,剛剛才 [gāng gāng cái] 
apenaŭ;apenau.0.nePli;不应超出,不應超出 [bù yīng chāo chū] 
apenaŭa;apenau.0a.KOMUNE;不重要 [bù zhòng yào] 
apenaŭa;apenau.0a.KOMUNE;些微 [xiē wéi] 
apendico;apendi.0o.ANA;闌尾,阑尾 [lán wěi] 
apendico;apendi.0o.ANA;盲肠,盲腸 [máng cháng] 
apendico;apendi.0o.kromajxo;剩下的一人 [shèng xia de yī rén] 
apendico;apendi.0o.kromajxo;副頁,副页 [fù yè] 
aperaĵo;aper.0ajxo.lauxverba;吉斯 [jí sī] 
aperaĵo;aper.0ajxo.lauxverba;外貌 [wài mào] 
aperi;aper.0i.publigata;出版 [chū bǎn] 
aperi;aper.0i.publigata;徕,徠 [lái] 
aperi;aper.0i.sinVidigi;出面 [chū miàn] 
aperi;aper.0i.sinVidigi;仿佛,彷彿 [fǎng fú] 
aperi;aper.0i.sin_prezenti;出面 [chū miàn] 
apero;aper.0o.okazo;吉斯 [jí sī] 
malaperi;aper.mal0i.nevidebligxi;泥牛入海 [ní niú rù hǎi] 
malaperi;aper.mal0i.nevidebligxi;消 [xiāo] 
malaperi;aper.mal0i.nevidebligxi;不翼而飛,不翼而飞 [bù yì ér fēi] 
malaperi;aper.mal0i.neniigxi;化为乌有,化為烏有 [huà wéi wū yǒu] 
malaperi;aper.mal0i.nevidebligxi;失縱,失纵 [shī zōng] 
malaperi;aper.mal0i.nevidebligxi;杳如黃鶴,杳如黄鹤 [yǎo rú huáng hè] 
malaperi;aper.mal0i.neniigxi;毫无踪影,毫無蹤影 [háo wú zōng yǐng] 
malaperi;aper.mal0i.nevidebligxi;沒,没 [mò] 
malaperi;aper.mal0i.neniigxi;泯滅,泯灭 [mǐn miè] 
malaperi;aper.mal0i.neniigxi;消失 [xiāo shī] 
malaperi;aper.mal0i.neniigxi;消退 [xiāo tuì] 
malaperigi;aper.mal0igi.forigi;慾刪除,欲删除 [yù shān chú] 
malaperigi;aper.mal0igi.forigi;慾移動,欲移动 [yù yí dòng] 
apetitveka;apetit.0veka.propre;香喷喷,香噴噴 [xiāng pēn pēn] 
apetitveka;apetit.0veka.propre;增进食欲,增進食慾 [zēng jìn shí yù] 
apetitveka;apetit.0veka.propre;开胃,開胃 [kāi wèi] 
aperitivo;;开胃物,開胃物 [kāi wèi wù] 
aperitivo;;开胃食品,開胃食品 [kāi wèi shí pǐn] 
apliki;aplik.0i.rimedon;努 [nǔ] 
apogi;apog.0i.FIG;受到支持 [shòu dào zhī chí] 
apogi;apog.0i.FIG;慰勉 [wèi miǎn] 
apogi;apog.0i.FIG;持支 [chí zhī] 
apogi;apog.0i.FIG;捧哏 [pěng gén] 
apogi;apog.0i.KOMUNE;增援 [zēng yuán] 
apogi;apog.0i.KOMUNE;受到支持 [shòu dào zhī chí] 
apogi;;提携,提攜 [tí xié] 
apogi;;助 [zhù] 
apogiĝi;apog.0igxi.KOMUNE;仰賴,仰赖 [yǎng lài] 
apogiĝi;apog.0igxi.KOMUNE;倚 [yǐ] 
apogiĝi;apog.0igxi.KOMUNE;仰 [yǎng] 
apogilo;apog.0ilo.KOMUNE;叉木 [chā mù] 
apogilo;apog.0ilo.KOMUNE;叉状架,叉狀架 [chā zhuàng jià] 
apogilo;;支撐柱,支撑柱 [zhī cheng zhù] 
apogilo;;支柱 [zhī zhù] 
apogilo;;手靠 [shǒu kào] 
apogilo;;斜坡 [xié pō] 
apogilo;;斜靠 [xié kào] 
apogo;apog.0o.ago;光顧,光顾 [guāng gù] 
brakapogilo;apog.brak0ilo.MEBL;胳臂 [gē bì] 
malapogi;apog.mal0i.FIG;吐弃,吐棄 [tǔ qì] 
malapogi;apog.mal0i.FIG;却,卻 [què] 
malapogi;apog.mal0i.FIG;姍,姗 [shān] 
apogeo;apoge.0o.FIG;升限 [shēng xiàn] 
apokrifo;apokri.0o.KAT;伪经,偽經 [wěi jīng] 
Apolono;apolon.0o.MIT;阿波罗,阿波羅 [ā bō luó] 
apostolo;aposto.0o.KRI;使徒 [shǐ tú] 
apraĵo;apr.0ajxo.KUI;野猪肉,野豬肉 [yě zhū ròu] 
apro;;野猪,野豬 [yě zhū] 
aprobi;aprob.0i.parole;核定 [hé dìng] 
aprobi;aprob.0i.parole;贊成,赞成 [zàn chéng] 
aprobi;aprob.0i.pense;善 [shǎn] 
aprobi;aprob.0i.pense;允諾,允诺 [yǔn nuò] 
malaprobi;aprob.mal0i.KOMUNE;姍,姗 [shān] 
malaprobi;aprob.mal0i.KOMUNE;吐弃,吐棄 [tǔ qì] 
malaprobi;aprob.mal0i.KOMUNE;不同意 [bù tóng yì] 
malaprobi;aprob.mal0i.KOMUNE;不接受 [bù jiē shòu] 
malaprobi;aprob.mal0i.KOMUNE;判处,判處 [pàn chǔ] 
malaprobi;aprob.mal0i.KOMUNE;不受理 [bù shòu lǐ] 
apuda;apud.0a.KOMUNE;交界地 [jiāo jiè de] 
apudo;apud.0eco.KOMUNE;周围,周圍 [zhōu wéi] 
apude de;apud.0ede.kie;切近 [qiè jìn] 
apude de;apud.0ede.kie;一旁 [yī páng] 
malapud;apud.mal0.KOMUNE;偏远,偏遠 [piān yuǎn] 
malapud;apud.mal0.KOMUNE;偏僻的 [piān pì de] 
aro;ar.0o.KOMUNE;一帮,一幫 [yī bāng] 
aro;ar.0o.KOMUNE;合众,合眾 [hé zhòng] 
aro;ar.0o.KOMUNE;好些 [hǎo xiē] 
aro;ar.0o.MAT;数量,數量 [shù liàng] 
Arabujo;arab.A0ujo.tuto;大食 [dà shí] 
arabo;;阿拉伯人 [ā lā bó rén] 
Arabujo;arab.A0ujo.tuto;阿拉伯世界 [ā lā bó shì jiè] 
Arabujo;arab.A0ujo.duoninsulo;阿拉伯半岛,阿拉伯半島 [ā lā bó bàn dǎo] 
Arabujo;arab.A0ujo.lando;沙特 [shā tè] 
Arabujo;arab.A0ujo.lando;沙特阿拉伯 [shā tè ā lā bó] 
arabesko;arabes.0o.ornamo;阿拉伯式花紋,阿拉伯式花纹 [ā lā bó shì huā wén] 
arakido;arakid.0o.BOT;花生 [huā shēng] 
arakido;arakid.0o.mangxo;花生糖 [huā shēng táng] 
arakido;arakid.0o.mangxo;地豆 [dì dòu] 
arakido;arakid.0o.mangxo;落花生 [luò huā shēng] 
arakido;arakid.0o.mangxo;土豆 [tǔ dòu] 
arakido;arakid.0o.mangxo;带壳花生,帶殼花生 [dài ké huā shēng] 
aramea;arame.0a.rilata;亚拉姆语,亞拉姆語 [yà lā mǔ yǔ] 
araneaĵo;arane.0ajxo.ZOO;蛛網,蛛网 [zhū wǎng] 
araneo;arane.0o.genro;圆蛛科,圓蛛科 [yuán zhū kē] 
aranĝaĵo;arangx.0ajxo.TEK;全套装备,全套裝備 [quán tào zhuāng bèi] 
aranĝaĵo;arangx.0ajxo.TEK;全部工具 [quán bù gōng jù] 
aranĝi;arangx.0i.ordigi;不变,不變 [bù biàn] 
aranĝi;arangx.0i.ordigi;佈置,布置 [bù zhì] 
aranĝi;arangx.0i.pretigi;全面考慮全面安排,全面考虑全面安排 [quán miàn kǎo lü quán miàn ān pái] 
aranĝi;arangx.0i.pretigi;协办,協辦 [xié bàn] 
aranĝi;;安排 [an pai] 
aranĝo;arangx.0o.KOMUNE;上部构造,上部構造 [shàng bù gòu zào] 
aranĝo;arangx.0o.evento;主办,主辦 [zhǔ bàn] 
alaranĝi;arangx.al0i.KOMUNE;匹 [pī] 
alaranĝi;arangx.al0i.KOMUNE;坒 [bì] 
alaranĝi;arangx.al0i.KOMUNE;印版定位套准,印版定位套準 [yìn bǎn dìng wèi tào zhǔn] 
alaranĝi;arangx.al0i.KOMUNE;套入 [tào rù] 
finaranĝi;arangx.fin0i.KOMUNE;做好装备准备,做好裝備準備 [zuò hǎo zhuāng bèi zhǔn bèi] 
finaranĝi;arangx.fin0i.KOMUNE;作好 [zuò hǎo] 
kunaranĝo;arangx.kun0o.KOMUNE;协作,協作 [xié zuò] 
malaranĝi;arangx.mal0i.KOMUNE;使混乱,使混亂 [shǐ hùn luàn] 
araŭkario;arauxk.0o.BOT;南洋杉 [nán yáng shān] 
arbaĵo;arb.0ajxo.dehakitaj;堆积的柴薪,堆積的柴薪 [duī jī de chái xīn] 
arbetaro;arb.0etaro.HOR;灌木林 [guàn mù líng] 
arbetaro;arb.0etaro.HOR;丛,叢 [cóng] 
arbetaro;arb.0etaro.HOR;楚 [chǔ] 
arbeto;arb.0eto.arbusto;灌木丛,灌木叢 [guàn mù cóng] 
drakarbo;arb.drak0o.BOT;富貴竹,富贵竹 [fù guì zhú] 
genealogia arbo;arb.genealogia0o.GEN;世系 [shì xì] 
genealogia arbo;arb.genealogia0o.GEN;家譜,家谱 [jiā pǔ] 
panarbo;arb.pan0o.BOT;面包树,麵包樹 [miàn bāo shù] 
arbo;;植树,植樹 [zhí shù] 
jakvarbo;;菠萝蜜,菠蘿蜜 [bō luó mì] 
pinglarbo;arb.pingl0o.BOT;松柏 [sōng bó] 
santalo;;欃 [chān] 
terminalio;;榄仁树,欖仁樹 [lǎn rén shù] 
pluvarbaro;arb.pluv0aro.GEOG;热带雨林,熱帶雨林 [rè dài yǔ lín] 
pluvarbaro;arb.pluv0aro.GEOG;原始森林 [yuán shǐ sēn lín] 
senarbarigo;;垦过的地,墾過的地 [kěn guò dì de] 
senarbarigo;;开垦,開墾 [kāi kěn] 
senarbarigo;;毀林開荒,毁林开荒 [huǐ lín kāi huāng] 
arbo;;木 [mù] 
arbitracii;arbitr1.0i.JUR;刨光 [páo guāng] 
arbitracio;arbitr1.0o.JUR;仲裁裁决,仲裁裁決 [zhòng cái cái jué] 
arbitracio;arbitr1.0o.JUR;公断,公斷 [gōng duàn] 
arbitracianto;arbitr1.0ulo.JUR;仲裁人 [zhòng cái rén] 
arbitracianto;arbitr1.0ulo.JUR;介紹人,介绍人 [jiè shào rén] 
arbitracianto;arbitr1.0ulo.SPO;公断人,公斷人 [gōng duàn rén] 
arbitracianto;arbitr1.0ulo.SPO;仲裁员,仲裁員 [zhòng cái yuán] 
arbitraĝo;arbitr2.0o.EKON;仲裁 [zhòng cái] 
arbitraĝo;arbitr2.0o.EKON;公断,公斷 [gōng duàn] 
arbuto;arbut.0o.arbedo;杨梅属,楊梅屬 [yáng méi shǔ] 
arbuto;arbut.0o.arbedo;藤地莓 [téng de méi] 
arbuto;arbut.0o.arbedo;野草莓树,野草莓樹 [yě cǎo méi shù] 
arĉo;arcx.0o.MUZ;弓 [gōng] 
arda;ard.0a.fervora;煊 [xuān] 
arda;ard.0a.varmega;灼热,灼熱 [zhuó rè] 
arda;ard.0a.varmega;炎炎 [yán yán] 
arda;ard.0a.varmega;热切,熱切 [rè qiè] 
arda;ard.0a.varmega;热辣,熱辣 [rè là] 
ardi;ard.0i.brili;沒有火焰地燃燒,没有火焰地燃烧 [méi yǒu huǒ yán de rán shāo] 
ardi;ard.0i.brili;炜,煒 [wěi] 
ardi;ard.0i.brulegi;沒有火焰地燃燒,没有火焰地燃烧 [méi yǒu huǒ yán de rán shāo] 
ardo;ard.0o.pasio;灼热,灼熱 [zhuó rè] 
blankarda;ard.blank0a.KOL;极亮,極亮 [jí liàng] 
karbardaĵo;ard.karb0ajxo.bragxo;火炭 [huǒ tàn] 
areaĵo;are.0ajxo.MAT;分佈區,分布区 [fēn bù qū] 
areo;are.0o.KOMUNE;地盘,地盤 [dì pán] 
samarea;are.sam0a.MAT;平面相等 [píng miàn xiāng děng] 
samarea;are.sam0a.MAT;面积相等,面積相等 [miàn ji xiāng děng] 
areknukso;arek.0nukso.BOT;梹 [bīng] 
areko;arek.0o.arbo;槟榔,檳榔 [bīng lang] 
areko;arek.0o.nukso;梹 [bīng] 
arekacoj;arekac.0oj.BOT;槟榔科,檳榔科 [bīn láng kē] 
liliacoj;;百合科 [bǎi hé kē] 
violacoj;;百合科 [bǎi hé kē] 
arekacoj;arekac.0oj.BOT;棕榈科,棕櫚科 [zōng lü kē] 
kaktacoj;;仙人掌 [xiān rén zhǎng] 
brasikacoj;;十字花科 [shí zì huā kē] 
berberisacoj;;小檗科 [xiǎo bò kē] 
fagacoj;;山毛榉科,山毛櫸科 [shān máo jǔ kē] 
magnoliacoj;;木兰科,木蘭科 [mù lán kē] 
onagracoj;;柳叶菜科,柳葉菜科 [liǔ yè cài kē] 
fagacoj;;壳斗科,殼斗科 [ké dòu kē] 
areno;aren.0o.SPO;场所,場所 [chǎng suǒ] 
areno;aren.0o.SPO;比賽場,比赛场 [bǐ sài chǎng] 
aresto;;拘役 [jū yì] 
arestito;;坐禁閉的人,坐禁闭的人 [zuò jìn bì de rén] 
hejma aresto;arest.hejma0o.JUR;軟禁,软禁 [ruǎn jìn] 
argumenti;argume.0i.LOG;好争论,好爭論 [hǎo zhēng lùn] 
argumenti;argume.0i.LOG;愛爭辯,爱争辩 [ài zhēng biàn] 
argumenti;argume.0i.LOG;提出論證,提出论证 [tí chū lùn zhèng] 
argumenti;argume.0i.LOG;声辩,聲辯 [shēng biàn] 
argumenti;argume.0i.LOG;咯 [luò] 
argumento;argume.0o.MAT;幅角 [fú jiǎo] 
arĝenta;argxen.0a.FIG;像銀,像银 [xiàng yín] 
arĝenta;argxen.0a.KEM;含銀,含银 [hán yín] 
viva arĝento;argxen.viva0o.hidrargo;水銀,水银 [shuǐ yín] 
viva arĝento;argxen.viva0o.hidrargo;汞 [gǒng] 
arĝenta;;銀錠,银锭 [yín dìng] 
arĝento;;銀子,银子 [yín zi] 
arhato;arhat.0o.HIN;罗汉,羅漢 [luó hàn] 
arĥaismo;arhxaism.0o.LIN;之乎者也 [zhī hū zhě yě] 
arĥaismo;arhxaism.0o.stilo;之乎者也 [zhī hū zhě yě] 
arĥaismo;arhxaism.0o.stilo;古語,古语 [gǔ yǔ] 
arĥaika;;已废弃,已廢棄 [yǐ fèi qì] 
Arĥimedo;arhxim.0o.greko;阿基米德 [ā jī mǐ dé] 
arĥitekturo;arhxitektur.0o.FIG;建筑学,建築學 [jiàn zhú xué] 
arĥivo;arhxiv.0o.arhxivejo;卷宗 [juàn zōng] 
nobelaro;;上层,上層 [shàng céng] 
nobelaro;;特权阶层,特權階層 [tè quán jiē céng] 
nobelaro;;貴族社會,贵族社会 [guì zú shè huǐ] 
nobelaro;;貴族統治,贵族统治 [guì zú tǒng zhì] 
nobelaro;;貴族階層,贵族阶层 [guì zú jiē céng] 
aristokratio;aristo1.0o.POL;上层,上層 [shàng céng] 
Aristotelo;aristotel.0o.PERS;亚里士多德,亞里士多德 [yà lǐ shì duō dé] 
Aristotelo;aristotel.0o.PERS;亚里斯多德,亞里斯多德 [yà lǐ sī duō dé] 
aritmetika;aritme.0a.gxenerale;数学上,數學上 [shù xué shàng] 
aritmetika;aritme.0a.gxenerale;算术上,算術上 [suàn shù shàng] 
Arizono;;亚利桑那,亞利桑那 [yà lì sāng nà] 
arkaĵo;ark.0ajxo.ARKI;弓 [gōng] 
arkigi;ark.0igi.KOMUNE;使弯曲,使彎曲 [shǐ wān qǔ] 
arko;ark.0o.ELE;光弧 [guāng hú] 
arko;ark.0o.KOMUNE;弓 [gōng] 
arko;;弧形 [hú xíng] 
arko;;弧線,弧线 [hú xiàn] 
ĉielarko;ark.cxiel0o.MET;彩虹 [cǎi hóng] 
ĉielarko;ark.cxiel0o.MET;虹 [jiàng] 
ĉielarko;ark.cxiel0o.MET;蜨蝀 [diè dòng] 
ĉielarko;ark.cxiel0o.MET;蜨蝀 [tiě dòng] 
ĉielarko;ark.cxiel0o.MET;蝶蝀 [diè dòng] 
ĉielarko;ark.cxiel0o.MET;虹 [hóng] 
lunarko;ark.lun0o.AST;半月形 [bàn yuè xíng] 
pafarko;;弓箭 [gōng jiàn] 
pluvarko;ark.pluv0o.MET;彩虹 [cǎi hóng] 
pluvarko;ark.pluv0o.MET;虹 [jiàng] 
pluvarko;ark.pluv0o.MET;蜨蝀 [diè dòng] 
pluvarko;ark.pluv0o.MET;蜨蝀 [tiě dòng] 
pluvarko;ark.pluv0o.MET;蝶蝀 [diè dòng] 
pluvarko;ark.pluv0o.MET;虹 [hóng] 
Arkansaso;;阿肯色州 [ā kěn sè zhōu] 
arkeano;arkean.0o.GEOL;太古代 [tài gǔ dài] 
arkeano;arkean.0o.GEOL;太古宙 [tài gǔ zhòu] 
arkeologo;arkeol.0o.arkeologiisto;考古学家,考古學家 [kǎo gǔ xué jiā] 
arkeologio;arkeol1.0o.ARKE;考古学,考古學 [kǎo gǔ xué] 
arkeologio;arkeol1.0o.ARKE;考古 [kǎo gǔ] 
arkeologia;arkeol1.0a.praepoka;原始 [yuán shǐ] 
arkeologia;arkeol1.0a.scienca;拟古,擬古 [nǐ gǔ] 
arkeologia;;考古学上,考古學上 [kǎo gǔ xué shàng] 
arkeologia;;古風,古风 [gǔ fēng] 
arkeologiisto;arkeol1.0isto.ARKE;考古学家,考古學家 [kǎo gǔ xué jiā] 
arkeopterigo;arkeop.0o.ZOO;始祖鳥,始祖鸟 [shǐ zǔ niǎo] 
arketipo;arketip.0o.FIL;原型 [yuán xíng] 
arĥeo;;古細菌,古细菌 [gǔ xī jūn] 
arkipelago;arkipe.0o.egeamaro;愛琴海,爱琴海 [ài qín hǎi] 
arkipelago;arkipe.0o.insularo;列岛,列島 [liè dǎo] 
arlekeno;arleke.0o.bufono;傻子 [shǎ zi] 
kantarido;;蝥 [máo] 
kantarido;;蟊 [máo] 
armaĵo;arm.0ajxo.armilo;盔甲 [kuī jiǎ] 
armilo;arm.0ilo.ARM;武器 [wǔ qì] 
armo;arm.0o.ARM;必要手段 [bì yào shǒu duàn] 
amasdetrua armilo;arm.amasdetrua0ilo.MIL;大破坏 [dài pò huài] 
amasdetrua armilo;arm.amasdetrua0ilo.MIL;大規模殺傷,大规模杀伤 [dà guī mó shā shāng] 
amasdetrua armilo;arm.amasdetrua0ilo.MIL;大規模殺傷性武器,大规模杀伤性武器 [dà guī mó shā shāng xìng wǔ qì] 
amasdetrua armilo;arm.amasdetrua0ilo.MIL;大規模毀滅性武器,大规模毁灭性武器 [dà guī mó huǐ miè xìng wǔ qì] 
amasdetrua armilo;arm.amasdetrua0ilo.MIL;大量毀滅性武器,大量毁灭性武器 [dà liàng huǐ miè xìng wǔ qì] 
malarmi;arm.mal0isen0igi.MIL;解除武装,解除武裝 [jiě chú wǔ zhuāng] 
malarmi;arm.mal0isen0igi.MIL;放下武器 [fàng xia wǔ qì] 
armaturo;;操作面板 [cāo zuò miàn bǎn] 
armaturo;;甲冑,甲胄 [jiǎ zhòu] 
armaturo;;脚手架,腳手架 [jiǎo shǒu jià] 
armaturo;;防卫器官,防衛器官 [fáng wèi qì guān] 
armeo;arme.0o.sxtata;兵团,兵團 [bīng tuán] 
aerarmeo;arme.aer0o.MIL;德国空军,德國空軍 [dé guó kōng jūn] 
Ruĝa Armeo;;紅軍,红军 [hóng jūn] 
Ruĝa Armeo;;苏联红军,蘇聯紅軍 [sū lián hóng jūn] 
Savarmeo;arme.sav0o.NRO;救世军,救世軍 [jiù shì jūn] 
armeno;;亚美尼亚人,亞美尼亞人 [yà měi ní yà rén] 
Armenujo;armen.A0ujo.GEOG;亚美尼亚,亞美尼亞 [yà měi ní yà] 
Armenujo;armen.A0ujo.GEOG;亚美尼亚共和国,亞美尼亞共和國 [yà měi ní yà gòng hé guó] 
Arnoldo;arnold.0o.NOM;阿諾德,阿诺德 [ā nuò dé] 
Arnoldo;arnold.0o.NOM;阿尔诺德,阿爾諾德 [ā ěr nuò dé] 
aroganta;arogan.0a.trofiera;傲慢 [ào màn] 
aroganta;arogan.0a.trofiera;不可一世的 [bù kě yī shì de] 
aroganta;arogan.0a.trofiera;做大 [zuò dà] 
aromaĵo;arom.0ajxo.KOMUNE;調味劑,调味剂 [tiáo wèi jì] 
aromo;arom.0o.SEN;浓香,濃香 [nóng xiāng] 
aromo;arom.0o.SEN;滋味 [zī wèi] 
aromo;arom.0o.SEN;气味,氣味 [qì wèi] 
aromo;;膻 [dàn] 
aromo;;芳泽,芳澤 [fāng zé] 
aromi;arom.0i.SEN;发出香味,發出香味 [fā chū xiāng wèi] 
arsenalo;arsena.0o.armilejo;作战机械,作戰機械 [zuò zhàn jī xiè] 
arseniko;arseni.0o.KEM;三氧化二砷 [sān yǎng huà èr shēn] 
arsenalo;;武器库,武器庫 [wǔ qì kù] 
artaĵo;art.0ajxo.KOMUNE;作品 [zuò pǐn] 
Novarto;art.Nov0o.secesia;新艺术风格,新藝術風格 [xīn yì shù fēng gé] 
batalarto;;武术,武術 [wǔ shù] 
belartaĵo;art.bel0ajxo.BELA;作品 [zuò pǐn] 
belarto;art.bel0o.BELA;文学艺术,文學藝術 [wén xué yì shù] 
inĝenierarto;art.ingxenier0o.TEK;工科 [gōng kē] 
inĝenierarto;art.ingxenier0o.TEK;工程 [gōng chéng] 
kuirarto;art.kuir0o.KUI;烹調術,烹调术 [pēng tiáo shù] 
kuirarto;art.kuir0o.KUI;美食法 [měi shí fǎ] 
kuirarto;art.kuir0o.KUI;菜係,菜系 [cài xì] 
kuirarto;art.kuir0o.KUI;菜 [cài] 
kuracarto;art.kurac0o.MED;医道,醫道 [yī dào] 
memorarto;art.memor0o.TEK;記憶朮,记忆术 [jì yì shù] 
memorarto;art.memor0o.TEK;助忆码,助憶碼 [zhù yì mǎ] 
memorarto;art.memor0o.TEK;記憶術 [jì yì shù] 
sorĉarto;art.sorcx0o.MAG;巫蛊,巫蠱 [wū gǔ] 
artefakto;artefakt.0o.ARKE;人工产物,人工產物 [rén gōng chǎn wù] 
artefakto;artefakt.0o.ARKE;人工制品,人工製品 [rén gōng zhì pǐn] 
artefakto;artefakt.0o.ARKE;手工艺品,手工藝品 [shǒu gōng yì pǐn] 
artefakto;artefakt.0o.ARKE;文物件 [wén wù jiàn] 
arterio;arteri.0o.ANA;动脉,動脈 [dòng mài] 
arterio;arteri.0o.FIG;交通干线,交通幹線 [jiāo tōng gàn xiàn] 
arterio;arteri.0o.FIG;主动脉,主動脈 [zhǔ dòng mài] 
arterio;arteri.0o.FIG;主要道路 [zhǔ yào dào lù] 
arterio;arteri.0o.FIG;主通道 [zhǔ tōng dào] 
artifiko;artifi.0o.KOMUNE;伎 [jì] 
artifiko;artifi.0o.KOMUNE;伎俩,伎倆 [jì liǎng] 
artiko;artik.0o.ANA;活節,活节 [huó jié] 
artiko;artik.0o.TEK;人工关节,人工關節 [rén gōng guān jié] 
artikuloj;artik.0uloj.ZOO;節肢動物,节肢动物 [jié zhī dòng wù] 
artikuloj;artik.0uloj.ZOO;節支動物,节支动物 [jié zhī dòng wù] 
kromartikuloj;artik.krom0uloj.ZOO;貧齒目,贫齿目 [pín chǐ mù] 
piedartiko;artik.pied0o.ANA;脚脖子,腳脖子 [jiǎo bó zi] 
artikolo;artiko.0o.GRA;冠詞,冠词 [guàn cí] 
ĉefartikolo;artiko.cxef0o.TIP;社論,社论 [shè lùn] 
ĉefartikolo;artiko.cxef0o.TIP;封面文章 [fēng miàn wén zhāng] 
ĉefartikolo;artiko.cxef0o.TIP;編者按,编者按 [biān zhě àn] 
ĉefartikolo;artiko.cxef0o.TIP;編者的話,编者的话 [biān zhě de huà] 
difina artikolo;artiko.difina0o.GRA;定冠詞,定冠词 [dìng guàn cí] 
artileriano;artile.0ano.MIL;炮兵 [pào bīng] 
artileriano;artile.0ano.MIL;炮手,砲手 [pào shǒu] 
artilerio;artile.0o.MIL_armiloj;重炮 [zhòng pào] 
artiŝoko;artisx.0o.specio;朝鮮薊,朝鲜蓟 [cháo xiān jì] 
artiŝoko;artisx.0o.specio;洋蓟,洋薊 [yáng jì] 
artropodo;artropod.0o.ZOO;節肢動物,节肢动物 [jié zhī dòng wù] 
artropodo;artropod.0o.ZOO;節支動物,节支动物 [jié zhī dòng wù] 
artrozo;;关节炎,關節炎 [guān jié yán] 
arundo;arund.0o.BOT;籐 [téng] 
arundo;arund.0o.BOT;藤 [téng] 
Asamo;;阿萨姆邦,阿薩姆邦 [ā sà mǔ bāng] 
ascendi;ascend.0i.spirite;攀升 [pān shēng] 
ascendi;ascend.0i.spirite;攀升,攀昇 [pān shēng] 
ascendi;ascend.0i.supreniri;上浮 [shàng fú] 
ascendi;ascend.0i.supreniri;上馬,上马 [shàng mǎ] 
ascendi;ascend.0i.supreniri;向上升起,向上昇起 [xiàng shàng shēng qǐ] 
ascendi;ascend.0i.supreniri;崛起 [jué qǐ] 
ascendi;ascend.0i.supreniri;涌 [yǒng] 
ascendi;ascend.0i.supreniri;涨,漲 [zhǎng] 
ascendi;ascend.0i.supreniri;爬 [pá] 
asekuro;;保险商,保險商 [bǎo xiǎn shāng] 
asekuro;;保险业者,保險業者 [bǎo xiǎn yè zhě] 
asekuro;;保险机构,保險機構 [bǎo xiǎn jī gòu] 
asekura makleristo;asekur.0amakleristo.EKON;保险经纪人,保險經紀人 [bǎo xiǎn jīng jì rén] 
asekuristo;asekur.0isto.EKON;保险商,保險商 [bǎo xiǎn shāng] 
asekuristo;asekur.0isto.EKON;保险业者,保險業者 [bǎo xiǎn yè zhě] 
asekuristo;asekur.0isto.EKON;保险机构,保險機構 [bǎo xiǎn jī gòu] 
asekuristo;asekur.0isto.kompanio;保险公司,保險公司 [bǎo xiǎn gōng sī] 
asekuratesto;;保险单,保險單 [bǎo xiǎn dān] 
asesoro;asesor.0o.JUR;审核员,審核員 [shěn hé yuán] 
asfalti;asfalt.0i.KON;沥青化,瀝靑化 [lì qīng huà] 
asfalto;asfalt.0o.KON;柏油 [bǎi yóu] 
asfalto;asfalt.0o.KON;沥青,瀝靑 [lì qīng] 
asfiksio;asfiks.0o.FIZL;呼吸停止 [hū xī tíng zhǐ] 
asfiksio;asfiks.0o.FIZL;窒息 [zhì xī] 
asigni;;分配 [fēn pèi] 
asimili;;同化 [tóng huà] 
Asirio;asiri.A0o.GEOG;亚西利亚人,亞西利亞人 [yà xī lì yà rén] 
Asirio;asiri.A0o.GEOG;亚述人,亞述人 [yà shù rén] 
Asirio;asiri.A0o.GEOG;亚西利亚,亞西利亞 [yà xī lì yà] 
Asirio;asiri.A0o.GEOG;亚述,亞述 [yà shù] 
Asirio;asiri.A0o.GEOG;在它的強盛時期,在它的强盛时期 [zài tā dì qiáng shèng shí qī] 
asistanto;asist.0anto.KOMUNE;佴 [èr] 
asistanto;asist.0anto.KOMUNE;助教 [zhù jiào] 
asistanto;asist.0anto.KOMUNE;助理 [zhù lǐ] 
asistanto;asist.0anto.KOMUNE;助理研究员,助理研究員 [zhù lǐ yán jiū yuán] 
asistanto;asist.0anto.KOMUNE;助理医生,助理醫生 [zhù lǐ yī shēng] 
asistanto;asist.0anto.KOMUNE;向导,嚮導 [xiàng dǎo] 
asisti;asist.0i.KOMUNE;佐 [zuǒ] 
asisti;asist.0i.KOMUNE;儭 [chèn] 
asistanto;;大学助教,大學助教 [dà xué zhù jiào] 
asketismo;asket.0ismo.REL;苦行 [kǔ xíng] 
asketismo;asket.0ismo.REL;禁慾主義,禁欲主义 [jìn yù zhǔ yì] 
asketismo;asket.0ismo.REL;禁欲 [jìn yù] 
asketismo;asket.0ismo.REL;禁慾,禁欲 [jìn yù] 
asklepiado;asklep.0o.BOT;萝藦科,蘿藦科 [luó mó kē] 
asocii;;联想,聯想 [lián xiǎng] 
asocio;asoci.0o.kunligiteco;交际,交際 [jiāo jì] 
asocio;asoci.0o.kunligiteco;公会,公會 [gōng huì] 
asocio;asoci.0o.societo;协会,協會 [xié huì] 
asparago;aspara.0o.BOT;文竹 [wén zhú] 
asparagacoj;;天門冬目,天门冬目 [tiān mén dōng mù] 
aspekte;aspekt.0e.KOMUNE;仿彿 [fǎng fú] 
aspekte;aspekt.0e.KOMUNE;似乎 [sì hū] 
aspekti;aspekt.0i.KOMUNE;一摸一样,一摸一樣 [yī mō yī yàng] 
aspekto;aspekt.0o.KOMUNE;仪容,儀容 [yí róng] 
aspekto;aspekt.0o.KOMUNE;外形 [wài xíng] 
aspekto;aspekt.0o.KOMUNE;外貌 [wài mào] 
aspergi;asperg.0i.sxpruci;喷雾给湿,噴霧給濕 [pēn wù gěi shī] 
aspergi;asperg.0i.sxpruci;喷洒,噴灑 [pēn sǎ] 
aspergi;asperg.0i.sxpruci;喷射,噴射 [pēn shè] 
aspergi;asperg.0i.sxpruci;使粘上斑点,使粘上斑點 [shǐ zhān shàng bān diǎn] 
aspiri;;努 [nǔ] 
aspiri;;力求 [lì qiú] 
aspiri;;愒 [kài] 
aspiri;;嗜好 [shì hào] 
aspiri;;意愿,意願 [yì yuàn] 
aspiri;;应聘,應聘 [yìng pìn] 
aspiri;;找工作 [zhǎo gōng zuò] 
astero;aster.0o.BOT;星状体,星狀體 [xīng zhuàng tǐ] 
asteracoj;astera.0oj.BOT;菊科 [jú kē] 
laŭracoj;;樟科 [zhāng kē] 
asterio;asteri.0o.ZOO;海盘车,海盤車 [hǎi pán chē] 
asterio;asteri.0o.ZOO;海星 [hǎi xīng] 
asterio;asteri.0o.ZOO;星星魚,星星鱼 [xīng xing yú] 
asteroido;astero.0o.AST;小行星 [xiǎo xíng xīng] 
astro;astr.0o.AST;天体,天體 [tiān tǐ] 
astrologo;astrol1.0o.astrologiisto;占星家 [zhàn xīng jiā] 
astronomia;astron1.0a.AST;天文学,天文學 [tiān wén xué] 
astronomia;astron1.0a.AST;天文数字,天文數字 [tiān wén shù zì] 
astronomia;astron1.0a.KOM;天价,天價 [tiān jià] 
astronomiisto;;天文学家,天文學家 [tiān wén xué jiā] 
astronomio;astron1.0o.AST;天文学,天文學 [tiān wén xué] 
astronaŭto;astronauxt.0o.AVI;航天员,航天員 [háng tiān yuán] 
astronaŭto;astronauxt.0o.AVI;太空人 [tài kōng rén] 
astronaŭto;astronauxt.0o.AVI;宇航员,宇航員 [yǔ háng yuán] 
astragalo;astrag.0o.ANA;距骨 [jù gǔ] 
astragalo;astrag.0o.BOT;黃芪,黄芪 [huáng qí] 
Asturio;asturi.0o.GEOG;阿斯图里亚斯,阿斯圖里亞斯 [ā sī tú lǐ yà sī] 
Asunciono;asuncion.0o.cxefurbo;亚松森,亞松森 [yà sōng sēn] 
Asunciono;asuncion.0o.cxefurbo;亚松森,亞鬆森 [yà sōng sēn] 
aŝkenazo;asxkenaz.0o.ETN;阿肯納西猶太人,阿肯纳西犹太人 [ā kěn nà xī yóu tài rén] 
Aŝoko;asxok.0o.PERS;阿育王 [ā yù wáng] 
atakantino;atak.0antino.batalo;袭击者,襲擊者 [xí jī zhě] 
atakanto;atak.0anto.batalo;攻击者,攻擊者 [gōng jī zhě] 
atakanto;atak.0anto.batalo;进攻者,進攻者 [jìn gōng zhě] 
atakanto;atak.0anto.batalo;侵略者 [qīn lüè zhě] 
atakanto;atak.0anto.FIG;冒犯者 [mào fàn zhě] 
atakema;atak.0ema.KOMUNE;气势汹汹,氣勢洶洶 [qì shì xiōng xiōng] 
atakema;atak.0ema.KOMUNE;忮 [zhì] 
atakema;atak.0ema.KOMUNE;好斗 [hǎo dòu] 
ataki;atak.0i.batali;抨 [pēng] 
ataki;atak.0i.batali;攻打 [gōng dǎ] 
ataki;atak.0i.batali;抨击,抨擊 [pēng jī] 
atako;atak.0o.batalo;歼击,殲擊 [jiān jī] 
atako;atak.0o.ekkapto;瞬間衝動,瞬间冲动 [shùn jiān chōng dòng] 
atako;atak.0o.ekkapto;狂怒 [kuáng nù] 
kontraŭatako;atak.kontraux0o.MIL;回击,回擊 [huí jī] 
kontraŭatako;atak.kontraux0o.MIL;逆袭,逆襲 [nì xí] 
kontraŭatako;atak.kontraux0o.MIL;还击,還擊 [huán jī] 
surprizatako;atak.surpriz0o.MIL;突袭,突襲 [tú xí] 
surprizatako;atak.surpriz0o.MIL;偷袭,偷襲 [tōu xí] 
trompatako;atak.tromp0o.MIL;佯攻 [yáng gōng] 
ateismano;ateism.0ano.FIL;无神论者,無神論者 [wú shén lùn zhě] 
ateisto;ateist.0o.REL;无神论者,無神論者 [wú shén lùn zhě] 
ateliero;;工作室 [gōng zuò shì] 
ateliero;;画坊,畫坊 [huà fāng] 
ateliero;;文化艺术坊,文化藝術坊 [wén huà yì shù fāng] 
ateliero;;照相摄影室,照相攝影室 [zhào xiàng shè yǐng shì] 
ateliero;;时装店,時裝店 [shí zhuāng diàn] 
ateliero;;斋,齋 [zhāi] 
Ateno;aten.0o.diino;雅典娜 [yǎ diǎn nà] 
Ateno;aten.0o.diino;雅典娜 [yǎ diǎn nuó] 
afiŝo;;規紙板,规纸板 [guī zhǐ bǎn] 
atendejo;atend.0ejo.KOMUNE;候車室,候车室 [hòu chē shì] 
atendi;atend.0i.antauxvidi;等候 [děng hòu] 
atendi;atend.0i.antauxvidi;盼到 [pàn dào] 
atendi;atend.0i.antauxvidi;期盼 [qī pàn] 
atendi;atend.0i.antauxvidi;守侯 [shǒu hóu] 
atendi;atend.0i.antauxvidi;希 [xī] 
atendi;atend.0i.antauxvidi;期 [qī] 
atendi;atend.0i.antauxvidi;預留,预留 [yù liú] 
atendi;atend.0i.resti;等待 [děng dài] 
atendi;atend.0i.resti;守侯 [shǒu hóu] 
atendo;atend.0o.KOMUNE;被期待物 [bèi qī dài wù] 
atendo;atend.0o.KOMUNE;憧憬 [chōng jǐng] 
atendo;atend.0o.KOMUNE;繼承遺產的指望,继承遗产的指望 [jì chéng yí chǎn de zhǐ wàng] 
atendo;atend.0o.KOMUNE;将来的指望,將來的指望 [jiāng lái de zhǐ wàng] 
ĝisatendi;atend.gxis0i.KOMUNE;候 [hòu] 
ĝisatendi;atend.gxis0i.KOMUNE;等待 [děng dài] 
neatendita;;不料 [bù liào] 
neatendita;;出乎預料,出乎预料 [chū hū yù liào] 
neatendita;;卒 [cù] 
neatendita;;鬼使神差 [guǐ shǐ shén chāi] 
neatendita;;忽而 [hū ér] 
neatendita;;居然 [jū rán] 
neatendita;;求之不得 [qiú zhī bù dé] 
neatendita;;意想不到 [yì xiǎng bù dào] 
neatendita;;意向不到 [yì xiàng bù dào] 
neatendita;;出人意外 [chū rén yì wài] 
neatendita;;竟 [jìng] 
atenta;atent.0a.KOMUNE;諦,谛 [dì] 
atenta;atent.0a.KOMUNE;細心,细心 [xì xīn] 
atenta;atent.0a.KOMUNE;用心 [yòng xīn] 
atenta;atent.0a.KOMUNE;仔細地,仔细地 [zǐ xì de] 
atenta;atent.0a.KOMUNE;机警,機警 [jī jǐng] 
atenti;atent.0i.sinturni;注意 [zhù yì] 
atenti;atent.0i.sinturni;看待 [kàn dài] 
atenti;atent.0i.sinturni;留意 [liú yì] 
atenti;atent.0i.sinturni;觀看,观看 [guān kàn] 
atenti;atent.0i.sinturni;伺 [sì] 
atenti;atent.0i.gravigi;听从,聽從 [tīng cóng] 
atenti;atent.0i.gravigi;皈 [guī] 
atenti;atent.0i.gravigi;踵 [zhǒng] 
atenti;atent.0i.gravigi;循 [xún] 
atentigi;;提示 [tí shì] 
atento;atent.0o.KOMUNE;出席 [chū xí] 
atento;atent.0o.KOMUNE;注意力 [zhù yì lì] 
atento;atent.0o.KOMUNE;警覺,警觉 [jǐng jué] 
malatenti;atent.mal0i.KOMUNE;忽 [hū] 
malatenti;atent.mal0i.KOMUNE;漠視,漠视 [mò shì] 
malatenti;atent.mal0i.KOMUNE;不理 [bù lǐ] 
malatenti;atent.mal0i.KOMUNE;沒注意到,没注意到 [méi zhù yì dào] 
malatenti;atent.mal0i.KOMUNE;无视,無視 [wú shì] 
malatentigi;atent.mal0igi.PSI;分散注意 [fēn sàn zhù yì] 
preteratenti;;失掉 [shī diào] 
preteratenti;;忽 [hū] 
preteratenti;;忽視,忽视 [hū shì] 
preteratenti;;漏 [lòu] 
senatenta;atent.sen0a.KOMUNE;不周到 [bù zhōu dào] 
senatenta;atent.sen0a.KOMUNE;不专心,不專心 [bù zhuān xīn] 
senatenta;atent.sen0a.KOMUNE;失神 [shī shén] 
senatenta;atent.sen0a.KOMUNE;健忘 [jiàn wàng] 
senatenta;atent.sen0a.KOMUNE;恍惚 [huǎng hū] 
senatenta;atent.sen0a.KOMUNE;茫然 [máng rán] 
senatenta;atent.sen0a.KOMUNE;心不在焉 [xīn bù zài yān] 
atestanto;atest.0anto.JUR;見證人,见证人 [jiàn zhèng rén] 
atestanto;atest.0anto.JUR;證人,证人 [zhèng rén] 
atestanto;atest.0anto.JUR;見證,见证 [jiàn zhèng] 
atesti;atest.0i.JUR;指證,指证 [zhǐ zhèng] 
atesti;atest.0i.JUR;證明,证明 [kāi shì] 
atesti;atest.0i.KOMUNE;作證,作证 [zuò zhèng] 
atestilo;atest.0ilo.JUR;契据,契據 [qì jù] 
atestilo;atest.0ilo.JUR;特許證,特许证 [tè xǔ zhèng] 
atestilo;atest.0ilo.JUR;文契 [wén qì] 
atestilo;atest.0ilo.JUR;證物,证物 [zhèng wù] 
atestilo;atest.0ilo.JUR;證書,证书 [zhèng shū] 
atestilo;atest.0ilo.JUR;証件,证件 [zhèng jiàn] 
atestilo;atest.0ilo.JUR;券 [quàn] 
atesto;atest.0o.KOMUNE;見證,见证 [jiàn zhèng] 
atesto;atest.0o.KOMUNE;證詞,证词 [zhèng cí] 
atestilo;;电子证书,電子證書 [diàn zǐ zhèng shū] 
geedziĝatestilo;atest.geedzigx0ilo.POL;結婚證,结婚证 [jié hūn zhèng] 
geedziĝatestilo;atest.geedzigx0ilo.POL;婚姻證,婚姻证 [hūn yīn zhèng] 
naskiĝatestilo;atest.naskigx0ilo.POL;出生證,出生证 [chū shēng zhèng] 
naskiĝatestilo;atest.naskigx0ilo.POL;出生證明書,出生证明书 [chū shēng zhèng míng shū] 
ŝarĝatesto;atest.sxargx0o.EKON;提貨單,提货单 [tí huò dān] 
ŝarĝatesto;atest.sxargx0o.EKON;貨運單據,货运单据 [huò yùn dān jù] 
ŝarĝatesto;atest.sxargx0o.EKON;云单,雲單 [yún dān] 
ŝarĝatesto;atest.sxargx0o.EKON;貨票,货票 [huò piào] 
ŝarĝatesto;atest.sxargx0o.EKON;运单,運單 [yùn dān] 
atingebla;ating.0ebla.KOMUNE;易取得 [yì qǔ dé] 
atingebla;ating.0ebla.KOMUNE;可达成,可達成 [kě dá chéng] 
atingebla;ating.0ebla.KOMUNE;可达到,可達到 [kě dá dào] 
atingebla;ating.0ebla.KOMUNE;可得到的 [kě dé dào dí] 
atingebla;ating.0ebla.KOMUNE;可以达到,可以達到 [kě yǐ dá dào] 
atingebla;ating.0ebla.KOMUNE;所及 [suǒ jí] 
atingi;ating.0i.FIG;达,達 [dá] 
atingi;ating.0i.FIG;达成,達成 [dá chéng] 
atingi;ating.0i.FIG;高达,高達 [gāo dá] 
atingi;ating.0i.spacon;达到,達到 [dá dào] 
atingi;ating.0i.tusxi;达,達 [dá] 
atingi;ating.0i.tusxi;达到,達到 [dá dào] 
atingo;ating.0o.KOMP;存取法 [cún qǔ fǎ] 
atingo;ating.0o.KOMP;訪問法,访问法 [fǎng wèn fǎ] 
atingo;ating.0o.KOMP;訪問方式,访问方式 [fǎng wèn fāng shì] 
kuratingi;ating.kur0i.KOMUNE;追上 [zhuī shàng] 
kuratingi;ating.kur0i.KOMUNE;跟上 [gēn shàng] 
kuratingi;ating.kur0i.KOMUNE;赶,趕 [gǎn] 
neatingebla;ating.ne0ebla.KOMUNE;不能到达,不能到達 [bù néng dào dá] 
neatingebla;ating.ne0ebla.KOMUNE;不能得到 [bù néng dé dào] 
neatingebla;ating.ne0ebla.KOMUNE;不能及 [bù néng jí] 
neatingebla;ating.ne0ebla.KOMUNE;不能完 [bù néng wán] 
neatingebla;ating.ne0ebla.KOMUNE;不好接近 [bù hǎo jiē jìn] 
Atlantiko;atlant.A0o.GEOG;大西洋 [dà xī yáng] 
transatlantika;;大西洋彼岸 [dà xī yáng bǐ àn] 
Atlantido;atlantid.0o.MIT;亚特兰蒂斯,亞特蘭蒂斯 [yà tè lán dì sī] 
Atlantido;atlantid.0o.MIT;亚特兰蒂斯大陆,亞特蘭蒂斯大陸 [yà tè lán dì sī dà lù] 
atlaso;atlas.0o.maparo;地图册,地圖册 [dì tú cè] 
atlaso;atlas.0o.maparo;大地图,大地圖 [dà dì tú] 
atlaso;atlas.0o.ANA;頸部第一椎骨,颈部第一椎骨 [jǐng bù dì yī zhuī gǔ] 
atlaso;atlas.0o.maparo;图表集,圖表集 [tú biǎo jí] 
atleto;atlet.0o.SPO;大力士 [dà lì shì] 
atleto;atlet.0o.SPO;比賽者,比赛者 [bǐ sài zhě] 
atleto;atlet.0o.SPO;运动家,運動家 [yùn dòng jiā] 
atleto;atlet.0o.SPO;运动员,運動員 [yùn dòng yuán] 
atletiko;atletik.0o.SPO;崇尚运动,崇尚運動 [chóng shàng yùn dòng] 
atletiko;atletik.0o.SPO;竞技热,競技熱 [jìng jì rè] 
atletiko;atletik.0o.SPO;运动竞赛,運動競賽 [yùn dòng jìng sài] 
atletiko;atletik.0o.SPO;运动术,運動術 [yùn dòng shù] 
atletiko;atletik.0o.SPO;体育活动,體育活動 [tǐ yù huó dòng] 
atletiko;atletik.0o.SPO;竞技,競技 [jìng jì] 
atmosfero;atmosf.0o.AST;气氛,氣氛 [qì fēn] 
atmosfero;atmosf.0o.AST;包围天体的气体,包圍天體的氣體 [bāo wéi tiān tǐ de qì tǐ] 
atmosfero;atmosf.0o.AST;大气,大氣 [dà qì] 
atmosfero;atmosf.0o.AST;大气圈,大氣圈 [dà qì quān] 
atmosfero;atmosf.0o.AST;地球大气层,地球大氣層 [dì qiú dà qì céng] 
atmosfero;atmosf.0o.AST;地球大气,地球大氣 [dì qiú dà qì] 
atmosfero;atmosf.0o.AST;太空 [tài kōng] 
atmosfero;atmosf.0o.etoso;氛围,氛圍 [fēn wéi] 
atmosfero;atmosf.0o.etoso;色 [sè] 
atmosfero;atmosf.0o.unuo;气压单位,氣壓單位 [qì yā dān wèi] 
atmosfero;atmosf.0o.unuo;大气压力,大氣壓力 [dà qì yā lì] 
atrakcio;atrakci.0o.TEA;叫座之物 [jiào zuò zhī wù] 
atrakcio;atrakci.0o.TEA;精彩表演 [jīng cǎi biǎo yǎn] 
atrakcio;atrakci.0o.TEA;精彩節目,精彩节目 [jīng cǎi jié mù] 
atrakcio;atrakci.0o.TEA;惹眼之物 [rě yǎn zhī wù] 
atrakcio;atrakci.0o.TEA;有趣之物 [yǒu qù zhī wù] 
atrakcio;atrakci.0o.TEA;旅游胜地,旅遊勝地 [lǚ yóu shèng dì] 
atribui;atribu.0i.imputi;出乎 [chū hū] 
atribui;;审结,審結 [shěn jié] 
atribui;;比例分配 [bǐ lì fēn pèi] 
atributo;atribu1.0o.GRA;定語,定语 [dìng yǔ] 
atributo;atribu1.0o.KOMUNE;属性,屬性 [shǔ xìng] 
atributo;atribu1.0o.KOMUNE;档案属性,檔案屬性 [dàng àn shǔ xìng] 
atrofiiĝi;atrofi.0igxi.MED;渐渐枯萎,漸漸枯萎 [jiàn jiàn kū wěi] 
atrofiiĝi;atrofi.0igxi.MED;失去生活乐趣,失去生活樂趣 [shī qù shēng huó lè qù] 
atrofiiĝi;atrofi.0igxi.MED;已萎縮,已萎缩 [yǐ wēi suō] 
atrofiiĝi;atrofi.0igxi.MED;荒废,荒廢 [huāng fèi] 
atrofio;atrofi.0o.MED;发育停止,發育停止 [fā yù tíng zhǐ] 
atuto;atut.0o.SPO;更大的牌 [gèng dà de pái] 
atuto;atut.0o.SPO;决定性的一手,決定性的一手 [jué dìng xìng de yī shǒu] 
atuto;atut.0o.SPO;王牌 [wáng pái] 
atuti;;翻底牌 [fān dǐ pái] 
superatuti;;出更大的牌 [chū gèng dà de pái] 
superatuti;;出王牌 [chū wáng pái] 
superatuti;;勝過,胜过 [shèng guò] 
superatuti;;舀 [yǎo] 
superatuti;;喊价高于,喊價高於 [hǎn jià gāo yú] 
superatuti;;优于,優於 [yōu yú] 
aŭdilo;auxd.0ilo.ELE;听筒,聽筒 [tīng tǒng] 
aŭdilo;auxd.0ilo.ELE;电话听筒,電話聽筒 [diàn huà tīng tǒng] 
aŭdpovo;auxd.0povo.SEN;听觉,聽覺 [tīng jué] 
aŭdpovo;auxd.0povo.SEN;兽耳,獸耳 [shòu ěr] 
aŭdpovo;auxd.0povo.SEN;听官,聽官 [tīng guān] 
aŭdpovo;auxd.0povo.SEN;听力,聽力 [tīng lì] 
kapaŭdilo;auxd.kap0ilo.ELE;耳机,耳機 [ěr jī] 
kapaŭdilo;auxd.kap0ilo.ELE;耳筒 [ěr tǒng] 
kapaŭdilo;auxd.kap0ilo.ELE;听筒,聽筒 [tīng tǒng] 
neaŭdita;auxd.ne0ita.ignorata;沒聽到,没听到 [méi tīng dào] 
neaŭdita;auxd.ne0ita.ignorata;前所未聞,前所未闻 [qián suǒ wèi wén] 
neaŭdita;auxd.ne0ita.ignorata;听不到,聽不到 [tīng bu dào] 
neaŭdita;auxd.ne0ita.ignorata;聞所未聞,闻所未闻 [wén suǒ wèi wén] 
neaŭdita;auxd.ne0ita.neordinara;艰苦卓越,艱苦卓越 [jiān kǔ zhuó yuè] 
neaŭdita;auxd.ne0ita.neordinara;岂有此理,豈有此理 [qǐ yǒu cǐ lǐ] 
neaŭdita;auxd.ne0ita.neordinara;史无前例,史無前例 [shǐ wú qián lì] 
aŭdaci;;冒風險,冒风险 [mào fēng xiǎn] 
aŭdaco;;厚脸皮,厚臉皮 [hòu liǎn pí] 
aŭdaco;;气魄,氣魄 [qì pò] 
aŭdaco;;勇敢 [yǒng gǎn] 
aŭdaco;;无耻,無恥 [wú chǐ] 
aŭdaco;;魯莽,鲁莽 [lǔ mǎng] 
aŭditorio;auxdit.0o.ARKI;大學教室 [dà xué jiào shì] 
aŭditorio;auxdit.0o.ARKI;大教室 [dà jiào shì] 
aŭguri;;預知,预知 [yù zhī] 
aŭguri;;卜 [bǔ] 
aŭguri;;推断,推斷 [tuī duàn] 
aŭguri;;佔,占 [zhān] 
aŭguri;;占卜 [zhān bǔ] 
aŭguri;;千里眼 [qiān lǐ yǎn] 
aŭguristo;auxgur.0isto.DIV;算命者 [suàn mìng zhě] 
aŭguristo;auxgur.0isto.DIV;預言者,预言者 [yù yán zhě] 
aŭguristo;auxgur.0isto.DIV;占卜者 [zhān bǔ zhě] 
aŭguristo;;有洞察力的人 [yǒu dòng chá lì de rén] 
aŭguro;;卜 [bǔ] 
aŭguro;;前兆 [qián zhào] 
Aŭgusto;auxgus1.0o.NOM;奥古斯塔,奧古斯塔 [ào gǔ sī tǎ] 
Aŭgusto;auxgus1.0o.NOM;奥古斯特,奧古斯特 [ào gǔ sī tè] 
aŭkciisto;auxkci.0isto.EKON;拍卖商,拍賣商 [pāi mài shāng] 
aŭkcio;auxkci.0o.EKON;拍卖,拍賣 [pāi mài] 
aŭkcio;auxkci.0o.EKON;公开销售,公開銷售 [gōng kāi xiāo shòu] 
aŭkcio;auxkci.0o.EKON;官卖,官賣 [guān mài] 
aŭkcii;;拍卖,拍賣 [pāi mài] 
aŭlo;auxl.0o.ARKI;礼堂,禮堂 [lǐ táng] 
aŭreolo;auxreo.0o.REL;日月晕,日月暈 [rì yuè yùn] 
aŭreolo;auxreo.0o.REL;灵光,靈光 [líng guāng] 
aŭriklo;auxrik.0o.orelo;外耳 [wài ěr] 
aŭroro;auxror.0o.AST;极光,極光 [jí guāng] 
aŭroro;auxror.0o.KAL;曙光 [shù guāng] 
aŭroro;auxror.0o.KAL;早霞 [zǎo xiá] 
aŭroro;auxror.0o.KAL;朝霞 [zhāo xiá] 
aŭskultanto;auxsku.0anto.iu;听者,聽者 [tīng zhě] 
aŭskulti;auxsku.0i.FIG;收听,收聽 [shōu tīng] 
aŭskulti;auxsku.0i.FIG;聆 [líng] 
aŭskulti;auxsku.0i.FIG;所聞,所闻 [suǒ wén] 
aŭskulti;auxsku.0i.FIG;听允,聽允 [tīng yǔn] 
aŭskulti;auxsku.0i.FIG;注意听,注意聽 [zhù yì tīng] 
aŭskulti;auxsku.0i.FIG;倾听,傾聽 [qīng tīng] 
aŭskulti;auxsku.0i.FIG;属于,屬於 [shǔ yú] 
aŭskulti;auxsku.0i.KOMUNE;洗耳而听,洗耳而聽 [xǐ ěr ér tīng] 
aŭskulti;auxsku.0i.KOMUNE;洗耳恭听,洗耳恭聽 [xǐ ěr gōng tīng] 
aŭskulti;auxsku.0i.KOMUNE;聆 [líng] 
aŭskulti;auxsku.0i.KOMUNE;所聞,所闻 [suǒ wén] 
aŭskulti;auxsku.0i.KOMUNE;听允,聽允 [tīng yǔn] 
aŭskulti;auxsku.0i.KOMUNE;注意听,注意聽 [zhù yì tīng] 
aŭskultilo;;电话听筒,電話聽筒 [diàn huà tīng tǒng] 
aŭskultilo;;听筒,聽筒 [tīng tǒng] 
kapaŭskultilo;auxsku.kap0ilo.ELE;耳机,耳機 [ěr jī] 
kapaŭskultilo;auxsku.kap0ilo.ELE;耳筒 [ěr tǒng] 
fiksaŭskulti;;垂听,垂聽 [chuí tīng] 
subaŭskulti;auxsku.sub0i.KOMUNE;偷听,偷聽 [tōu tīng] 
subaŭskulti;;监听,監聽 [jiān tīng] 
subaŭskulti;;听取,聽取 [tīng qǔ] 
subaŭskulti;;窃听,竊聽 [qiè tīng] 
aŭspicio;auxspi.0o.DIV;前兆 [qián zhào] 
Aŭstrujo;auxstr.A0ujo.GEOG;奥地利,奧地利 [ào dì lì] 
Aŭstralio;auxstr1.A0o.kontinento;澳大利亚,澳大利亞 [ào dà lì yà] 
aŭstralopiteko;auxstralopitek.0o.PRA;露西 [lòu xī] 
aŭstralopiteko;auxstralopitek.0o.PRA;南方古猿 [nán fāng gǔ yuán] 
Aŭstrio;auxstri.A0o.GEOG;奥地利,奧地利 [ào dì lì] 
Aŭstrio;auxstri.A0o.GEOG;奥地利共和国,奧地利共和國 [ào dì lì gòng hé guó] 
aŭtejo;auxt.0ejo.AUT;車場,车场 [chē chǎng] 
aŭtejo;auxt.0ejo.AUT;車位,车位 [chē wèi] 
aŭti;auxt.0i.AUT;駕車,驾车 [jià chē] 
aŭti;auxt.0i.AUT;坐車,坐车 [zuò chē] 
aŭti;auxt.0i.AUT;坐車去,坐车去 [zuò chē qù] 
aŭtisto;auxt.0isto.AUT;常坐汽車者,常坐汽车者 [cháng zuò qì chē zhě] 
aŭtisto;auxt.0isto.AUT;乘坐汽車的人,乘坐汽车的人 [chéng zuò qì chē de rén] 
aŭtisto;auxt.0isto.AUT;汽車司機,汽车司机 [qì chē sī jī] 
aŭto;;汽車,汽车 [qì chē] 
loĝaŭto;auxt.logx0o.AUT;大篷車,大篷车 [dà péng chē] 
loĝaŭto;auxt.logx0o.AUT;活动房屋,活動房屋 [huó dòng fáng wū] 
loĝaŭto;auxt.logx0o.AUT;露營車,露营车 [lù yíng chē] 
ŝarĝaŭto;auxt.sxargx0o.AUT;載重汽車,载重汽车 [zài zhòng qì chē] 
ŝarĝaŭto;auxt.sxargx0o.AUT;大型貨車,大型货车 [dà xíng huò chē] 
ŝarĝaŭto;auxt.sxargx0o.AUT;卡車,卡车 [kǎ chē] 
ŝarĝaŭtisto;auxt.sxargx0isto.TRA;卡車司機,卡车司机 [kǎ chē sī jī] 
terenaŭto;auxt.teren0o.AUT;越野車,越野车 [yuè yě chē] 
aŭtentika;auxten.0a.KOMUNE;被認證,被认证 [bèi rèn zhèng] 
aŭtentika;auxten.0a.KOMUNE;道地 [dào dì] 
aŭtentika;auxten.0a.KOMUNE;真正地 [zhēn zhèng de] 
aŭtentikeco;auxten.0eco.KOMUNE;创作力,創作力 [chuàng zuò lì] 
aŭtentikigi;auxten.0igi.KOMUNE;确认个人,確認個人 [què rèn gè rén] 
aŭtentikigi;auxten.0igi.KOMUNE;真实身份,真實身份 [zhēn shí shēn fèn] 
malaŭtentika;auxten.mal0a.KOMUNE;伪,偽 [wěi] 
aŭtismo;auxtism.0o.MED;自閉症,自闭症 [zì bì zhèng] 
aŭtismo;auxtism.0o.MED;自閉癥,自闭症 [zì bì zhèng] 
aŭtobiografio;auxtob.0o.membiografio;亲笔,親筆 [qīn bǐ] 
aŭtobuso;auxtob1.0o.AUT;客車,客车 [kè chē] 
aŭtobuso;auxtob1.0o.AUT;公共汽車,公共汽车 [gōng gòng qì chē] 
aŭtobuso;auxtob1.0o.AUT;游览车,遊覽車 [yóu lǎn chē] 
aŭtobuso;auxtob1.0o.AUT;气车,氣車 [qì chē] 
aŭtodidakto;auxtod1.0o.memlernanto;草根艺人,草根藝人 [cǎo gēn yì rén] 
aŭtodidakto;auxtod1.0o.memlernanto;自主学习,自主學習 [zì zhǔ xué xí] 
aŭtodidakto;auxtod1.0o.memlernanto;自学者,自學者 [zì xué zhě] 
aŭtografo;;签名,簽名 [qiān míng] 
aŭtografo;;題名,题名 [tí míng] 
aŭtografo;;題字,题字 [tí zì] 
aŭtoĥtona;auxtohxton.0a.ETN;土产,土產 [tú chǎn] 
aŭtoĥtono;auxtohxton.0o.ETN;当地人,當地人 [dāng dì rén] 
aŭtomata;auxtom.0a.FIG;自然而然 [zì rán ér rán] 
aŭtomata;auxtom.0a.MAS;全自动,全自動 [quán zì dòng] 
aŭtomato;auxtom.0o.KOMP;图灵机,圖靈機 [tú líng jī] 
bankaŭtomato;auxtom.bank0o.KOMUNE;取款机,取款機 [qǔ kuǎn jī] 
bankaŭtomato;auxtom.bank0o.KOMUNE;去款机,去款機 [qù kuǎn jī] 
bankaŭtomato;auxtom.bank0o.KOMUNE;提款机,提款機 [tí kuǎn jī] 
bankaŭtomato;auxtom.bank0o.KOMUNE;自动柜员机,自動櫃員機 [zì dòng guì yuán jī] 
bankaŭtomato;auxtom.bank0o.KOMUNE;自动取款机,自動取款機 [zì dòng qǔ kuǎn jī] 
bankaŭtomato;auxtom.bank0o.KOMUNE;自动提款机,自動提款機 [zì dòng tí kuǎn jī] 
aŭtomobilisto;auxtom1.0isto.auxtisto;汽車司機,汽车司机 [qì chē sī jī] 
aŭtomobilo;auxtom1.0o.AUT;汽車,汽车 [qì chē] 
aŭtomatiko;;自动化装置,自動化裝置 [zì dòng huà zhuāng zhì] 
aŭtomatiko;;自动控制,自動控制 [zì dòng kòng zhì] 
aŭtomatiko;;自动操作,自動操作 [zì dòng cāo zuò] 
aŭtonoma;auxton.0a.POL;独立,獨立 [dú lì] 
aŭtonoma;auxton.0a.POL;自治 [zì zhì] 
aŭtonoma;auxton.0a.TEK;自动导向的,自動導向的 [zì dòng dǎo xiàng de] 
aŭtonoma;auxton.0a.TEK;自主操縱的,自主操纵的 [zì zhǔ cāo zòng de] 
aŭtonomeco;auxton.0eco.POL;自給自足,自给自足 [zì jǐ zì zú] 
aŭtonomeco;auxton.0eco.POL;自營,自营 [zì yíng] 
aŭtonomeco;auxton.0eco.POL;自治 [zì zhì] 
aŭtonomeco;auxton.0eco.POL;自治权,自治權 [zì zhì quán] 
aŭtonomeco;auxton.0eco.POL;自主 [zì zhǔ] 
aŭtonomio;auxton1.0o.POL;自治权,自治權 [zì zhì quán] 
aŭtonomio;auxton1.0o.POL;自主 [zì zhǔ] 
aŭtonomio;auxton1.0o.POL;自給自足,自给自足 [zì jǐ zì zú] 
aŭtopsio;auxtopsi.0o.nekropsio;解剖 [jiě pǒu] 
aŭtopsio;auxtopsi.0o.nekropsio;尸检,尸檢 [shī jiǎn] 
aŭtopsio;auxtopsi.0o.nekropsio;尸体剖检,尸體剖檢 [shī tǐ pōu jiǎn] 
aŭtori;auxtor.0i.JUR;編寫,编写 [biān xiě] 
aŭtori;auxtor.0i.JUR;撰,譔 [zhuàn] 
aŭtori;auxtor.0i.JUR;編著,编著 [biān zhù] 
aŭtori;auxtor.0i.JUR;著作 [zhù zuò] 
aŭtoro;auxtor.0o.FIG;创造主,創造主 [chuàng zào zhǔ] 
aŭtoro;auxtor.0o.FIG;创始者,創始者 [chuàng shǐ zhě] 
aŭtoro;auxtor.0o.FIG;着作人,著作人 [zhù zuò rén] 
aŭtoro;auxtor.0o.JUR;著作权人,著作權人 [zhù zuò quán rén] 
aŭtoro;auxtor.0o.JUR;作者 [zuò zhě] 
kunaŭtoro;auxtor.kun0o.JUR;合着者,合著者 [hé zhuó zhě] 
kunaŭtoro;auxtor.kun0o.JUR;共同執筆者,共同执笔者 [gòng tóng zhí bǐ zhě] 
aŭtoritata;auxtor1.0a.kompetenta;权威性,權威性 [quán wēi xìng] 
aŭtoritata;auxtor1.0a.ordonpova;独裁主义,獨裁主義 [dú cái zhǔ yì] 
aŭtoritatismo;auxtor1.0ismo.POL;权威主义,權威主義 [quán wēi zhǔ yì] 
aŭtoritato;auxtor1.0o.havanto;当政者,當政者 [dāng zhèng zhě] 
aŭtoritato;auxtor1.0o.havanto;強人,强人 [qiáng rén] 
aŭtoritato;auxtor1.0o.havanto;当权者,當權者 [dāng quán zhě] 
aŭtoritato;auxtor1.0o.havanto;統治者,统治者 [tǒng zhì zhē] 
aŭtoritato;auxtor1.0o.potenco;权威人士,權威人士 [quán wēi rén shì] 
aŭtoritato;auxtor1.0o.potenco;威望 [wēi wàng] 
aŭtoritato;auxtor1.0o.morala;体面,體面 [tǐ miàn] 
aŭtuna;auxtun.0a.KAL;秋色 [qiū sè] 
aŭtuno;auxtun.0o.KAL;秋季 [qiū jì] 
aŭtuno;auxtun.0o.KAL;秋天 [qiū tiān] 
aŭtuno;auxtun.0o.KAL;葡萄採摘,葡萄采摘 [pú táo cǎi zhāi] 
aŭtuno;auxtun.0o.KAL;衰落期 [shuāi luò qī] 
aŭtuno;auxtun.0o.KAL;秋 [qiū] 
Aŭvernjo;auxvernj.0o.regiono;奥弗涅,奧弗涅 [ào fú niè] 
avino;av.0ino.patra;婆 [pó] 
avino;av.0ino.patra;姥 [lǎo] 
avo;av.0o.patra;大爷,大爺 [dà yé] 
avo;av.0o.patra;爷,爺 [yé] 
geavoj;av.ge0oj.GEN;外公外婆 [wài gōng wài pó] 
geavoj;av.ge0oj.GEN;祖父母 [zǔ fù mǔ] 
praavino;av.pra0ino.GEN;太婆 [tài pó] 
praavino;av.pra0ino.GEN;父母的祖母 [fù mǔ de zǔ mǔ] 
praavino;av.pra0ino.GEN;老祖母 [lǎo zǔ mǔ] 
praavino;av.pra0ino.GEN;太奶奶 [tài nǎi nai] 
praavino;av.pra0ino.GEN;太祖母 [tài zǔ mǔ] 
praavo;av.pra0o.GEN;太爷爷,太爺爺 [tài yé yé] 
avanci;avanc.0i.MIL;推进,推進 [tuī jìn] 
avanci;avanc.0i.POL;升职,升職 [shēng zhí] 
avanci;avanc.0i.POL;升任,陞任 [shēng rèn] 
avanci;avanc.0i.POL;晉,晋 [jìn] 
avangarda;avanga.0a.FIG;前卫,前衛 [qián wèi] 
avangarda;avanga.0a.FIG;先进,先進 [xiān jìn] 
avangardo;avanga.0o.FIG;先鋒派,先锋派 [xiān fēng pài] 
avangardo;avanga.0o.FIG;时尚风向标,時尚風向標 [shí shàng fēng xiàng biāo] 
avangardo;avanga.0o.MIL;先鋒隊,先锋队 [xiān fēng duì] 
avangardo;avanga.0o.MIL;先鋒,先锋 [xiān fēng] 
avara;avar.0a.egoisma;抠门,摳門 [kōu mén] 
avara;avar.0a.egoisma;婪 [lán] 
avara;avar.0a.egoisma;吝 [lìn] 
avara;avar.0a.egoisma;悭,慳 [qiān] 
avara;avar.0a.egoisma;抠,摳 [kōu] 
avara;avar.0a.egoisma;抠门儿,摳門兒 [kōu mén ēr] 
avara;avar.0a.egoisma;如饑似渴,如饥似渴 [rú jī sì kě] 
avara;avar.0a.egoisma;啬,嗇 [sè] 
avara;avar.0a.FIG;小气,小氣 [xiǎo qì] 
avara;avar.0a.feticxisma;婪 [lán] 
avara;avar.0a.feticxisma;一毛不拔 [yī máo bù bá] 
avataro;avatar.0o.KOMP;紙娃娃系統,纸娃娃系统 [zhǐ wá wá xì tǒng] 
avataro;avatar.0o.HIN;阿梵达,阿梵達 [ā fàn dá] 
avataro;avatar.0o.FIG;具体化替身,具體化替身 [jù tǐ huà tì shēn] 
avelo;avel.0o.nukso;榛果 [zhēn guǒ] 
avelo;avel.0o.nukso;榛仁 [zhēn rén] 
avelo;avel.0o.planto;榛 [zhēn] 
aventurema;;有进取心,有進取心 [yǒu jìn qǔ xīn] 
aventurema;;有事业心,有事業心 [yǒu shì yè xīn] 
aventuristo;aventu.0isto.KOMUNE;冒险家,冒險家 [mào xiǎn jiā] 
aventuristo;aventu.0isto.KOMUNE;女冒险家,女冒險家 [nǚ mào xiǎn jiā] 
aventuristo;aventu.0isto.KOMUNE;女騙徒,女骗徒 [nǚ piàn tú] 
aventuristo;aventu.0isto.KOMUNE;騙徒,骗徒 [piàn tú] 
aventuristo;aventu.0isto.KOMUNE;投机者,投機者 [tóu jī zhě] 
aventuristo;aventu.0isto.KOMUNE;探险家,探險家 [tàn xiǎn jiā] 
aventuro;aventu.0o.KOMUNE;刺激經歷,刺激经历 [cì jī jīng lì] 
aventuro;aventu.0o.KOMUNE;敢为,敢為 [gǎn wéi] 
aventuro;aventu.0o.KOMUNE;冒险尝试,冒險嘗試 [mào xiǎn cháng shì] 
aventuro;aventu.0o.KOMUNE;冒险心,冒險心 [mào xiǎn xīn] 
aventuro;aventu.0o.KOMUNE;冒险者,冒險者 [mào xiǎn zhě] 
aventuro;aventu.0o.KOMUNE;冒着危险,冒著危險 [mào zhuó wēi xiǎn] 
aventuro;aventu.0o.KOMUNE;奇遇 [qí yù] 
aventuro;aventu.0o.KOMUNE;意想不到的經驗,意想不到的经验 [yì xiǎng bù dào de jīng yàn] 
aventuro;aventu.0o.KOMUNE;惊险,驚險 [jīng xiǎn] 
aventuro;aventu.0o.KOMUNE;冒险,冒險 [mào xiǎn] 
aventuro;aventu.0o.KOMUNE;投机,投機 [tóu jī] 
aventurulo;aventu.0ulo.KOMUNE;冒险家,冒險家 [mào xiǎn jiā] 
aventurulo;aventu.0ulo.KOMUNE;女冒险家,女冒險家 [nǚ mào xiǎn jiā] 
aventurulo;aventu.0ulo.KOMUNE;女騙徒,女骗徒 [nǚ piàn tú] 
aventurulo;aventu.0ulo.KOMUNE;騙徒,骗徒 [piàn tú] 
aventurulo;aventu.0ulo.KOMUNE;投机者,投機者 [tóu jī zhě] 
aventurulo;aventu.0ulo.KOMUNE;探险家,探險家 [tàn xiǎn jiā] 
averaĝo;averagx.0o.MAT;百分位数,百分位數 [bǎi fēn wèi shù] 
averaĝo;averagx.0o.MAT;平均率 [píng jūn shuài] 
averaĝulo;averagx.0ulo.homo;凡胎 [fán tāi] 
averaĝulo;averagx.0ulo.homo;庸才 [yōng cái] 
averaĝulo;averagx.0ulo.homo;普通老百姓 [pǔ tōng lǎo bǎi xìng] 
averaĝulo;averagx.0ulo.homo;俗物 [sú wù] 
averii;averi.0i.SHI;受损害,受損害 [shòu sǔn hài] 
averio;;故障 [gù zhàng] 
averti;avert.0i.KOMUNE;警告 [jǐng gào] 
averti;avert.0i.KOMUNE;儆 [jǐng] 
averti;avert.0i.deadmoni;俛 [miǎn] 
averti;avert.0i.deadmoni;劝诫,勸誡 [quàn jiè] 
averti;avert.0i.deadmoni;斥 [chì] 
averti;avert.0i.deadmoni;敦請,敦请 [dūn qǐng] 
averti;avert.0i.deadmoni;諫,谏 [jiàn] 
averti;avert.0i.deadmoni;箴 [zhēn] 
averti;avert.0i.deadmoni;告誡,告诫 [gào jiè] 
averti;avert.0i.deadmoni;警戒 [jǐng jiè] 
averti;avert.0i.deadmoni;鉴,鑒 [jiàn] 
averti;avert.0i.deadmoni;警告 [jǐng gào] 
averti;avert.0i.pridangxero;儆 [jǐng] 
averti;avert.0i.pridangxero;警告地 [jǐng gào de] 
averti;avert.0i.pridangxero;劝戒,勸戒 [quàn jiè] 
averti;avert.0i.pridangxero;示警 [shì jǐng] 
averti;avert.0i.pridangxero;告急 [gào jí] 
averti;avert.0i.pridangxero;警 [jǐng] 
averti;avert.0i.pridangxero;警示 [jǐng shì] 
averti;avert.0i.pridangxero;警醒 [jǐng xǐng] 
averti;avert.0i.pridangxero;井 [jǐng] 
averti;avert.0i.pridangxero;戒 [jiè] 
averti;avert.0i.pridangxero;警覺,警觉 [jǐng jué] 
avertilo;avert.0ilo.KOMUNE;警告牌 [jǐng gào pái] 
averto;;鉴戒,鑒戒 [jiàn jiè] 
averto;;誡,诫 [jiè] 
averto;;警示 [jǐng shì] 
averto;;告誡,告诫 [gào jiè] 
Avesta;avest.0a.REL;阿維斯陀語,阿维斯陀语 [ā wéi sī tuó yǔ] 
Avesto;;阿維斯陀語,阿维斯陀语 [ā wéi sī tuó yǔ] 
avii;avi.0i.AVI;飛機去,飞机去 [fēi jī qù] 
avio;;乘人飛機,载人飞机 [chéng rén fēi jī] 
avio;;飛機,飞机 [fēi jī] 
aviadi;aviad.0i.AVI;开飞机,開飛機 [kāi fēi jī] 
aviadilo;aviad.0ilo.AVI;乘人飛機,载人飞机 [chéng rén fēi jī] 
aviadilo;aviad.0ilo.AVI;飛機,飞机 [fēi jī] 
aviadilaro;aviad.0ilaro.AVI;机队,機隊 [jī duì] 
aviadilaro;aviad.0ilaro.MIL;联队,聯隊 [lián duì] 
aviadisto;aviad.0isto.AVI;試飛員,试飞员 [shì fēi yuán] 
aviadisto;aviad.0isto.AVI;飛機駕駛員,飞机驾驶员 [fēi jī jià shǐ yuán] 
aviadisto;aviad.0isto.AVI;女飛機駕駛員,女飞机驾驶员 [nǚ fēi jī jià shǐ yuán] 
aviadisto;aviad.0isto.AVI;女飛行員,女飞行员 [nǚ fēi xíng yuán] 
aviadisto;aviad.0isto.AVI;駕駛員,驾驶员 [jià shǐ yuán] 
aviado;aviad.0o.AVI;飛行術,飞行术 [fēi xíng shù] 
aviado;aviad.0o.AVI;航空 [háng kōng] 
kargaviadilo;;运输机,運輸機 [yùn shū jī] 
militaviadilo;aviad.milit0ilo.AVI;战斗机,戰鬥機 [zhàn dòu jī] 
militaviadilo;aviad.milit0ilo.AVI;军用飞机,軍用飛機 [jūn yòng fēi jī] 
militaviadilo;aviad.milit0ilo.AVI;军机,軍機 [jūn jī] 
militaviadilo;aviad.milit0ilo.AVI;军用航空飞行器,軍用航空飛行器 [jūn yòng háng kōng fēi xíng qì] 
militaviadilo;aviad.milit0ilo.AVI;攻击机,攻擊機 [gōng jí jī] 
pasaĝeraviadilo;aviad.pasagxer0ilo.AVI;客机,客機 [kè jī] 
pasaĝeraviadilo;aviad.pasagxer0ilo.AVI;客运飞机,客運飛機 [kè yùn fēi jī] 
pasaĝeraviadilo;aviad.pasagxer0ilo.AVI;喷气发动机客机,噴氣發動機客機 [pēn qì fā dòng jī kè jī] 
reakciaviadilo;aviad.reakci0ilo.AVI;喷气发动机飞机,噴氣發動機飛機 [pēn qì fā dòng jī fēi jī] 
reakciaviadilo;aviad.reakci0ilo.AVI;喷气式飞机,噴氣式飛機 [pēn qì shì fēi jī] 
avida;avid.0a.KOMUNE;悁 [juàn] 
avida;avid.0a.KOMUNE;貪,贪 [tān] 
avida;avid.0a.KOMUNE;永不满足,永不滿足 [yǒng bù mǎn zú] 
avida;avid.0a.KOMUNE;慾壑難填,欲壑难填 [yù hè nán tián] 
avidi;;眼热,眼熱 [yǎn rè] 
avidi;;覬,觊 [jì] 
avidi;;嗜好 [shì hào] 
avido;;成瘾性,成癮性 [chéng yǐn xìng] 
avido;;瘾,癮 [yǐn] 
avido;;慾望,欲望 [yù wàng] 
avido;;色慾,色欲 [sè yù] 
avido;;食慾,食欲 [shí yù] 
avido;;意 [yì] 
avido;;肉慾,肉欲 [ròu yù] 
gloravida;;野心太大 [yě xīn tài dài] 
malavida;;慷慨 [kāng kǎi] 
malavida;;仁慈 [rén cí] 
profitavida;;愛財,爱财 [ài cái] 
avizo;aviz.0o.EKON;回執,回执 [huí zhí] 
avizo;aviz.0o.EKON;收据,收據 [shōu jù] 
avizo;aviz.0o.KOMUNE;提示 [tí shì] 
avizo;aviz.0o.KOMUNE;証明,证明 [zhèng míng] 
avizo;;名片 [míng piàn] 
avizo;;警告标志,警告標誌 [jǐng gào biāo zhì] 
avizo;;警訊,警讯 [jǐng xùn] 
avizo;;警告牌 [jǐng gào pái] 
avizo;;指示标志,指示標誌 [zhǐ shì biāo zhì] 
avizo;;路牌 [lù pái] 
avizo;;指示牌 [zhǐ shì pái] 
Avogadro;avogadr.0o.PERS;阿伏伽德罗,阿伏伽德羅 [ā fú jiā dé luó] 
avokado;avokad.0o.KUI;鱷梨,鳄梨 [è lí] 
avokado;avokad.0o.KUI;酪梨 [luò lí] 
avokado;avokad.0o.KUI;牛油果 [niú yóu guǒ] 
avokado;avokad.0o.KUI;油梨 [yóu lí] 
azeno;azen.0o.ZOO;驢,驴 [lü] 
azeno;azen.0o.ZOO;驢子,驴子 [lü zi] 
azeno;azen.0o.ZOO;毛驢,毛驴 [máo lü] 
azeno;azen.0o.FIG;笨蛋 [bèn dàn] 
azeno;azen.0o.FIG;痴呆傻,痴獃傻 [chī dāi shǎ] 
azeno;azen.0o.FIG;蠢人 [chǔn rén] 
azeno;azen.0o.FIG;呆子 [dāi zi] 
azeno;azen.0o.FIG;浑人,渾人 [hún rén] 
azeno;azen.0o.FIG;混人 [hùn rén] 
azeno;azen.0o.FIG;傻蛋 [shǎ dàn] 
azeno;azen.0o.FIG;傻帽 [shǎ mào] 
azeno;azen.0o.FIG;傻冒 [shǎ mao] 
azeno;azen.0o.FIG;山炮 [shān pào] 
azeno;azen.0o.FIG;檮 [táo] 
azeno;azen.0o.FIG;鐵頭,铁头 [tiě tóu] 
azeno;azen.0o.FIG;土老冒,土老帽 [tú lǎo mao] 
azeno;azen.0o.FIG;愚氓 [yú méng] 
azeno;azen.0o.FIG;痴 [chī] 
azeno;azen.0o.FIG;檮杌 [táo wù] 
azeno;azen.0o.FIG;笨人 [bèn rén] 
azeno;azen.0o.FIG;傻子 [shǎ zi] 
azero;azer.0o.tjurko;阿塞拜疆族 [ā sài bài jiāng zú] 
azera;azer.0a.rilata;阿塞拜疆語,阿塞拜疆语 [ā sài bài jiāng yǔ] 
Azerujo;azer.A0ujo.etna;阿塞拜疆 [ā sài bài jiāng] 
Azerujo;azer.A0ujo.respubliko;阿塞拜疆共和国,阿塞拜疆共和國 [ā sài bài jiāng gòng hé guó] 
Azerbajĝano;azerbajg.A0o.GEOG;阿塞拜疆 [ā sài bài jiāng] 
Azerio;azeri.A0o.respubliko;阿塞拜疆共和国,阿塞拜疆共和國 [ā sài bài jiāng gòng hé guó] 
aziano;azi.0ano.GEOG;亚洲人,亞洲人 [yà zhōu rén] 
Azio;azi.A0o.GEOG;亚细亚洲,亞細亞洲 [yà xì yà zhōu] 
Azio;azi.A0o.GEOG;亚洲,亞洲 [yà zhōu] 
Azio;azi.A0o.GEOG;泰东,泰東 [tài dōng] 
Interna Azio;;中亚,中亞 [zhōng yà] 
Malgranda Azio;azi.MalgrandA0o.GEOG;安那托利亚,安那託利亞 [ān nà tuō lì yà] 
Orienta Azio;azi.OrientaA0o.GEOG;东亚,東亞 [dōng yà] 
Orienta Azio;azi.OrientaA0o.HIS;东南亚,東南亞 [dōng nán yà] 
Suda Azio;azi.SudaA0o.GEOG;南亚,南亞 [nán yà] 
azilejo;azil.0ejo.KOMUNE;收容所 [shōu róng suǒ] 
azilejo;azil.0ejo.KOMUNE;养育院,養育院 [yǎng yù yuàn] 
azilejo;azil.0ejo.KOMUNE;隐藏所,隱藏所 [yǐn cáng suǒ] 
azilejo;azil.0ejo.KOMUNE;救济院,救濟院 [jiù jì yuàn] 
azili;;庇护,庇護 [bì hù] 
azoto;azot.0o.elemento;氮 [dàn] 
azoto;azot.0o.elemento;氮气,氮氣 [dàn qì] 
azoto;azot.0o.elemento;淡氣 [dàn qì] 
Azovo;azov.0o.GEOG;亚速,亞速 [yà sù] 
azteko;aztek.0o.ETN;阿兹特克,阿茲特克 [ā zī tè kè] 
azteko;aztek.0o.ETN;阿兹特克文明,阿茲特克文明 [ā zī tè kè wén míng] 
