ebena;eben.0a.plata;踧踧[dí dí]
ebena;eben.0a.plata;順順利利[shùn shùn lì lì]
ebena;eben.0a.plata;扁平型[biǎn píng xíng]
ebena;eben.0a.facila;光滑[guāng huá]
ebenaĵo;eben.0ajxo;平原[píng yuán]
ebeno;eben.0o.tereno;平川[píng chuān]
ebeno;eben.0o.tereno;野[yě]
ebeno;eben.0o.tereno;平野[píng yě]
ebeno;eben.0o.tereno;坝[bà]
ebeno;eben.0o.tereno;埫[tǎng]
ebeno;eben.0o.tereno;平原[píng yuán]
ebeno;eben.0o.MAT;平面[píng miàn]
altebenaĵo;eben.alt0ajxo;坪[píng]
altebenaĵo;eben.alt0ajxo;塄[léng]
altebenaĵo;eben.alt0ajxo;台地[tái dì]
altebenaĵo;eben.alt0ajxo;高原[gāo yuán]
altebenaĵo;eben.alt0ajxo;塬[yuán]
ebla;ebl.0a;能实现[néng shí xiàn]
ebla;ebl.0a;潛力[qián lì]
ebleco;ebl.0eco;可能发生的事[kě néng fā shēng de shì]
ebleco;ebl.0eco;不测的事[bù cè de shì]
ebleco;ebl.0eco;可能性[kě néng xìng]
eble;ebl.0e;可能地[kě néng de]
eble;ebl.0e;可能[kě néng]
eble;ebl.0e;說不定[shuō bu dìng]
eble;ebl.0e;或是[huò shì]
eble;ebl.0e;或者[huò zhě]
eble;ebl.0e;或[huò]
eble;ebl.0e;許[xǔ]
eble;ebl.0e;也許[yě xǔ]
ebligi;ebl.0igi;方便[fāng biàn]
ebligi;ebl.0igi;允[yǔn]
ebligi;ebl.0igi;容[róng]
ebligi;ebl.0igi;使人[shǐ rén]
ebligi;;使…有机会[shǐ … yǒu jī huì]
eblo;ebl.0o;可能发生的事[kě néng fā shēng de shì]
eblo;ebl.0o;不测的事[bù cè de shì]
eblo;ebl.0o;可能性[kě néng xìng]
kiom eble plej;ebl.kiel_0e_plej;尽量[jìn liàng]
kiom eble plej;ebl.kiel_0e_plej;尽[jìn]
neebla;ebl.ne0a;无法可想[wú fǎ kě xiǎng]
neebla;ebl.ne0a;不会发生[bù huì fā shēng]
neebla;ebl.ne0a;无从[wú cóng]
neebla;ebl.ne0a;不行[bù xíng]
neebla;ebl.ne0a;不可想象[bù kě xiǎng xiàng]
neebla;ebl.ne0a;不可能[bù kě néng]
neebla;ebl.ne0a;不适宜[bù shì yí]
neebla;ebl.ne0a;不无可能[bù wú kě néng]
neeblaĵo;ebl.ne0ajxo;不可能的事[bù kě néng de shì]
ebonujo;ebon.0ujo0arbo;乌木[wū mù]
ebono;ebon.0o;黟[yī]
ebonito;ebonit.0o;硬胶[yìng jiāo]
ebonito;ebonit.0o;胶木[jiāo mù]
ebonito;ebonit.0o;硬橡胶[yìng xiàng jiāo]
ebria;ebri.0a;酣[hān]
ebria;ebri.0a;酒醉[jiǔ zuì]
ebria;ebri.0a;醉了[zuì le]
ebria;ebri.0a;有汁[yǒu zhī]
ebriigaĵo;ebri.0igajxo;酒精飲料[jiǔ jīng yǐn liào]
ebrio;ebri.0o;陶醉[táo zuì]
ebrio;ebri.0o;醉态[zuì tài]
ebrio;ebri.0o;醉倒[zuì dào]
ebriulo;ebri.0ulo;酒徒[jiǔ tú]
malebriiĝi;ebri.mal0igxi;酒醒[jiǔ xǐng]
malebriiĝi;ebri.mal0igxi;淸醒過來[qīng xǐng guò lái]
malebriiĝi;ebri.mal0igxi;醒过来[xǐng guò lái]
postebrio;ebri.post0o;头病[tóu bìng]
ebura;ebur.0a;牙[yá]
ebura;ebur.0a;象牙色[xiàng yá sè]
eburo;ebur.0o;象牙[xiàng yá]
eburo;ebur.0o;牙[yá]
Eburbordo;ebur.E0Bordo;非洲西部国家[fēi zhōu xī bù guó jiā]
Eburbordo;ebur.E0Bordo;科特迪瓦[kē tè dí wǎ]
Eburbordo;ebur.E0Bordo;象牙海岸[xiàng yá hǎi àn]
ecaro;ec.0aro;特徵[tè zhēng]
ecaro;ec.0aro;質感[zhí gǎn]
ecaro;ec.0aro;質素[zhì sù]
eco;ec.0o;品[pǐn]
eco;ec.0o;档次[dàng cì]
eco;ec.0o;性状[xìng zhuàng]
eco;ec.0o;形状[xíng zhuàng]
eco;ec.0o;奇习[qí xí]
eĉ;ecx.0;不是[bù shì]
Edamo;edam.0o;埃丹[āi dān]
edelvejso;edelve.0o;火絨草[huǒ róng cǎo]
edelvejso;edelve.0o;高山火絨草[gāo shān huǒ róng cǎo]
edelvejso;edelve.0o;雪絨花[xuě róng huā]
edemo;edem.0o;浮肿[fú zhǒng]
Edeno;eden.0o.BIB;伊甸园[yī diàn yuán]
Edeno;eden.0o.BIB;安乐土[ān lè tǔ]
edikto;edikt.0o;法令[fǎ lìng]
edikto;edikt.0o;旨意[zhǐ yì]
edikto;edikt.0o;令状[lìng zhuàng]
Edinburgo;edinburg.0o;愛丁堡[ài dīng bǎo]
Edipo;edip.0o;俄狄浦斯[é dí pǔ sī]
editoro;editor.0o;編輯器[biān jí qì]
editoro;editor.0o;出版单位[chū bǎn dān wèi]
Edmundo;edmund.0o;埃德蒙德[āi dé méng dé]
edro;edr.0o;曲面[qū miàn]
duedro;edr.du0o;二面体[èr miàn tǐ]
kvaredro;;四面体[sì miàn tǐ]
kvaredro;;四面形[sì miàn xíng]
kvaredro;;正四面体[zhèng sì miàn tǐ]
pluredro;edr.plur0o;多面体[duō miàn tǐ]
Eduardo;eduard.0o;愛德華[ài dé huá]
edukado;eduk.0ado;美育[měi yù]
edukado;eduk.0ado;教学[jiào xué]
edukado;eduk.0ado;儿童教育[ér tóng jiào yù]
edukado;eduk.0ado;家庭教育[jiā tíng jiào yù]
edukado;eduk.0ado;家教[jiā jiào]
eduki;eduk.0i;抚养成人[fǔ yǎng chéng rén]
eduki;eduk.0i;鞠[jū]
eduki;eduk.0i;教养[jiào yǎng]
edukisto;eduk.0isto;女助教[nǚ zhù jiào]
edukisto;eduk.0isto;女家庭教师[nǚ jiā tíng jiào shī]
edukisto;eduk.0isto;教育者[jiào yù zhě]
edukisto;eduk.0isto;助教[zhù jiào]
edukisto;;指导员[zhǐ dǎo yuán]
edukisto;;培訓師[péi xùn shī]
edukisto;;培訓員[péi xùn yuán]
edukisto;;培訓教師[péi xùn jiào shī]
eduko;eduk.0o;美育[měi yù]
eduko;eduk.0o;教学[jiào xué]
edzeca;edz.0eca;夫妇间[fū fù jiān]
edzeca;edz.0eca;婚生[hūn shēng]
edzeco;edz.0eco;婚姻关系[hūn yīn guān xi]
edzeco;edz.0eco;婚姻联结[hūn yīn lián jié]
edzeco;edz.0eco;婚姻生活[hūn yīn shēng huó]
edzigi;edz.0igi.doni;举办婚礼[jǔ bàn hūn lǐ]
edziĝi;edz.0igxi;跟[gēn]
edziĝi;edz.0igxi;婚[hūn]
edziĝi;edz.0igxi;結婚[jié hūn]
edziĝi;edz.0igxi;結親[jié qīn]
edziĝi;edz.0igxi;婚配[hūn pèi]
edziĝo;edz.0igxo;婚嫁[hūn jià]
edziĝo;edz.0igxo;婚事[hūn shì]
edziĝo;edz.0igxo;嫁娶[jià qǔ]
edziĝo;edz.0igxo;亲事[qīn shì]
edziniĝi;edz.0inigxi;婚[hūn]
edziniĝi;edz.0inigxi;跟[gēn]
edziniĝi;edz.0inigxi;結親[jié qīn]
edziniĝi;edz.0inigxi;婚配[hūn pèi]
edziniĝi;edz.0inigxi;結婚[jié hūn]
edzino;edz.0ino;媳儿[xí r]
edzino;edz.0ino;太太[tài tai]
edzino;edz.0ino;妇人[fù rén]
edzino;edz.0ino;內助[nèi zhù]
edzino;edz.0ino;老婆[lǎo po]
edzino;edz.0ino;妻[qī]
edzino;edz.0ino;媳妇[xí fù]
edzino;edz.0ino;嫡配[dí pèi]
edzino;edz.0ino;家室[jiā shì]
edzino;edz.0ino;伉[kàng]
edzino;edz.0ino;妇[fù]
edzo;edz.0o;丈夫[zhàng fu]
edzo;edz.0o;夫[fū]
edzo;edz.0o;先生[xiān shēng]
edzo;edz.0o;良人[liáng rén]
edzo;edz.0o;先生[xiān sheng]
edzo;edz.0o;愛人[ài rén]
geedziĝi;edz.ge0igxi;跟[gēn]
geedziĝi;edz.ge0igxi;婚[hūn]
geedziĝi;edz.ge0igxi;結親[jié qīn]
geedziĝi;edz.ge0igxi;婚配[hūn pèi]
geedzoj;edz.ge0oj;夫妇[fū fù]
geedzoj;edz.ge0oj;夫妻[fū qī]
kromedzino;edz.krom0ino;小奶奶[xiǎo nǎi nǎi]
novedzino;edz.nov0ino;新娘[xīn niáng]
novedzino;edz.nov0ino;未婚妻[wèi hūn qī]
novedzo;edz.nov0o;新郎[xīn láng]
novgeedzoj;;新郎和新娘[xīn láng hé xīn niáng]
novgeedzoj;;未婚夫妇[wèi hūn fū fù]
pluredzeco;edz.plur0eco;一妻多夫制[yī qī duō fū zhì]
pluredzineco;edz.plur0ineco;一夫多妻[yī fū duō qī]
pluredzineco;edz.plur0ineco;多妻主義[duō qī zhǔ yì]
efekta;efekt.0a;惹眼[rě yǎn]
efekto;efekt.0o;效应[xiào yìng]
efekto;efekt.0o;效[xiào]
efektiva;efekti.0a;实[shí]
efektiva;efekti.0a;实际[shí jì]
efektiva;efekti.0a;确[què]
efektiva;efekti.0a;实属[shí shǔ]
efektiva;efekti.0a;的确[dí què]
efektiva;efekti.0a;果真[guǒ zhēn]
efektiva;efekti.0a;确乎[què hū]
efektiva;efekti.0a;当真[dàng zhēn]
efektiva;efekti.0a;真个[zhēn gè]
efektiva;efekti.0a;实则[shí zé]
efektiva;efekti.0a;果[guǒ]
efektiva;efekti.0a;是[shì]
efektivaĵo;efekti.0ajxo;实情[shí qíng]
efektivaĵo;efekti.0ajxo;实际情况[shí jì qíng kuàng]
efektive;efekti.0e;倒是[dào shì]
efektiveco;efekti.0eco;真事[zhēn shì]
efektiveco;efekti.0eco;现实[xiàn shí]
efektivigi;efekti.0igi;行使[xíng shǐ]
efektivigi;efekti.0igi;实现[shí xiàn]
efelido;efelid.0o;雀斑[què bān]
efemera;efemer.0a;非永久[fēi yǒng jiǔ]
efemera;efemer.0a;短暂[duǎn zhàn]
efemero;efemer.0o;桃花运[táo huā yùn]
efemero;efemer3.0o;昙花一现[tán huā yī xiàn]
efemero;efemer3.0o;蜉蝣目[fú yóu mù]
efemeredoj;efemer2.0oj;蜉蝣目[fú yóu mù]
efemeroformaj;efemer3.0oformaj;蜉蝣目[fú yóu mù]
eferveski;eferve.0i;暴跳如类[bào tiào rú lèi]
eferveski;;枧[jiǎn]
eferveski;;喷油井[pēn yóu jǐng]
eferveski;;涌[yǒng]
eferveski;;喷薄[pēn bó]
Efeso;efes.0o;以弗所[yǐ fú suǒ]
efika;efik.0a;奏效[zòu xiào]
efika;efik.0a;灵[líng]
efika;efik.0a;发生作用[fā shēng zuò yòng]
efika;efik.0a;运作[yùn zuò]
efika;efik.0a;起作用[qǐ zuò yòng]
efika;efik.0a;有成效[yǒu chéng xiào]
efikeco;efik.0eco;灵验[líng yàn]
efikeco;efik.0eco;功效[gōng xiào]
efiki;efik.0i;生效[shēng xiào]
efiki;efik.0i;有効[yǒu xiào]
efiko;efik.0o;作用[zuò yòng]
efiko;efik.0o;成效[chéng xiào]
efiko;efik.0o;績效[jī xiào]
efiko;efik.0o;效应[xiào yìng]
efiko;efik.0o;效[xiào]
kromefiko;efik.krom0o;副作用[fù zuò yòng]
kromefiko;efik.krom0o;不良反应[bù liáng fǎn yìng]
kromefiko;efik.krom0o;边际效益[biān jì xiào yì]
postefiko;efik.post0o;后劲[hòu jìn]
postefiko;efik.post0o;直接結果[zhí jiē jié guǒ]
efloresko;eflore.0o;全盛期[quán chéng qī]
efluvo;efluv.0o.ELE;圣艾尔摩之火[shèng ài ěr mó zhī huǒ]
ega;eg.0a;巨[jù]
ega;eg.0a;丕[pī]
ega;eg.0a;誧[pǔ]
ega;eg.0a;高大[gāo dà]
ega;eg.0a;浩大[hào dà]
egala;egal.0a;无所谓[wú suǒ wèi]
egala;egal.0a;侔[móu]
egala;egal.0a;宛[wǎn]
egalaĵo;egal.0ajxo;恆等式[héng děng shì]
egalaĵo;egal.0ajxo;方程式[fāng chéng shì]
egali;egal.0i.KOMUNE;类乎[lèi hū]
egaligi;egal.0igi;偿付[cháng fù]
egaligi;egal.0igi;校[jiào]
egaligi;egal.0igi;夷平[yí píng]
egaligi;egal.0igi;平滑[píng huá]
egaligi;egal.0igi;平坦[píng tǎn]
egaligi;egal.0igi;抵扣[dǐ kòu]
egaligi;egal.0igi;垫补[diàn bǔ]
egalismo;egal.0ismo.POL;平等原则[píng děng yuán zé]
malegala;egal.mal0a;参[cān]
malegala;egal.mal0a;相异[xiāng yì]
neegalaĵo;egal.ne0ajxo;不等式[bù děng shì]
senegala;egal.sen0a.unika;絕代[jué dài]
senegala;egal.sen0a.unika;絕無僅有[jué wú jǐn yǒu]
senegala;egal.sen0a.unika;无法对抗[wú fǎ duì kàng]
senegala;egal.sen0a.unika;无比地[wú bǐ de]
senegala;egal.sen0a.unika;沒的比[méi de bǐ]
senegala;egal.sen0a.unika;无法比拟[wú fǎ bǐ nǐ]
senegala;egal.sen0a.unika;出类[chū lèi]
senegala;egal.sen0a.unika;无上[wú shàng]
senegala;egal.sen0a.unika;无以伦比[wú yǐ lún bǐ]
senegala;egal.sen0a.unika;沒法兒[méi fǎ ér]
senegala;egal.sen0a.unika;独一无二[dú yī wú èr]
tagnoktegaleco;egal.tagnokt0eco;春分或秋分[chūn fēn huò qiū fēn]
tutegale;egal.tut0e.malgrauxe;儘管這樣[jǐn guǎn zhè yàng]
tutegale;egal.tut0e.malgrauxe;苟[gǒu]
tutegale;egal.tut0e.malgrauxe;儘管[jǐn guǎn]
egido;;主办[zhǔ bàn]
egido;;埃癸斯[āi guǐ sī]
egipta;egipt.0a;埃及語[āi jí yǔ]
egipto;egipt.0o.HIS;埃及人[āi jí rén]
egiptujano;egipt.0ujano;埃及人[āi jí rén]
Egiptujo;egipt.E0ujo;埃及[āi jí]
Egiptio;egipti.0o;埃及[āi jí]
egiptologo;egiptolog.0o;埃及古物学[āi jí gǔ wù xué]
egiptologo;egiptolog.0o;埃及学[āi jí xué]
egocentra;ego.0centra;自我的[zì wǒ de]
egocentrismo;ego.0centrismo;自我中心主义[zì wǒ zhōng xīn zhǔ yì]
egoisma;ego.0isma;私心[sī xīn]
egoisma;ego.0isma;利已[lì yǐ]
egoismo;ego.0ismo.PSI;自私自利[zì sī zì lì]
egoismo;ego.0ismo.PSI;利己主义[lì jǐ zhǔ yì]
egoista;ego.0ista;私心[sī xīn]
egoista;ego.0ista;利已[lì yǐ]
malegoismo;ego.mal0ismo;利他主义[lì tā zhǔ yì]
malegoismo;ego.mal0ismo;不自私[bú zì sī]
malegoismo;ego.mal0ismo;无欲[wú yù]
malegoismo;ego.mal0ismo;无私[wú sī]
eĝo;egx.0o.GEOG;山岗[shān gāng]
eĝo;egx.0o.GEOG;屋脊[wū jǐ]
eĝo;egx.0o.GEOG;鑲[xiāng]
eĝo;egx.0o.GEOG;冠[guàn]
eĝo;egx.0o.MAT;沿边[yán biān]
eĝo;egx.0o.MAT;布边[bù biān]
eĝo;egx.0o.MAT;棱[léng]
eĥidno;ehxidn.0o;針鼴科[zhēn yǎn kē]
eĥino;ehxin.0o;海胆纲[hǎi dǎn gāng]
eĥino;ehxin.0o;海胆[hǎi dǎn]
eĥinodermoj;ehxinoderm.0oj;棘皮动物[jí pí dòng wù]
eĥografio;ehxografi.0o;超声波检查[chāo shēng bō jiǎn chá]
ejo;ej.0o;处所[chù suǒ]
ejo;ej.0o;所在[suǒ zài]
ejo;ej.0o;位[wèi]
ejo;ej.0o;地[dì]
ejakuli;ejakul.0i;大声叫喊[dà shēng jiào hǎn]
ejakuli;ejakul.0i;射精[shè jīng]
ejakulo;ejakul.0o;射精[shè jīng]
Ejfelo;ejfel.0o.GEOG;艾費爾山[ài fèi ěr shān]
Ejfelturo;ejfel.0turo;艾菲尔铁塔[ài fēi ěr tiě tǎ]
Ejfelturo;ejfel.0turo;埃菲尔铁塔[āi fēi ěr tiě tǎ]
Ejfelturo;ejfel.0turo;愛菲爾鐵塔[ài fēi ěr tiě tǎ]
Ejfelturo;ejfel.0turo;巴黎鐵塔[bā lí tiě tǎ]
Ejnŝtejno;ejnsxtejn.0o.PERS;愛恩斯坦[ài ēn sī tǎn]
eke de;ek.0ede;从那以后[cóng nà yǐ hòu]
eki;ek.0i;俶[chù]
eki;ek.0i;昉[fǎng]
eki;ek.0i;启[qǐ]
eki;ek.0i;謖[sù]
eki;ek.0i;启动[qǐ dòng]
eki;ek.0i;伊始[yī shǐ]
eki;ek.0i;开创[kāi chuàng]
eki;ek.0i;起初[qǐ chū]
ekipaĵo;ekip.0ajxo;发行债券条件[fā xíng zhài quàn tiáo jiàn]
ekipaĵo;ekip.0ajxo;旅行装备[lǚ xíng zhuāng bèi]
ekipaĵo;ekip.0ajxo;設備[shè bei]
ekipaĵo;ekip.0ajxo;備[bèi]
ekipaĵo;ekip.0ajxo;器材[qì cái]
ekipi;ekip.0i;装备[zhuāng bèi]
ekipi;ekip.0i;配[pèi]
ekipi;ekip.0i;索具装置[suǒ jù zhuāng zhì]
ekipi;ekip.0i;賦予[fù yǔ]
eklezia;eklezi.0a;教規[jiào guī]
eklipsi;eklips.0i.FIG;日蚀[rì shí]
ekliptiko;eklipt.0o;黃道[huáng dào]
ekologo;ekolog.0o;生态学家[shēng tài xué jiā]
ekologia;ekologi.0a.POL;綠色[lü sè]
ekologia;ekologi.0a.POL;生态[shēng tài]
ekologia;ekologi.0a.POL;符合生态要求[fú hé shēng tài yào qiú]
ekologio;ekologi.0o.POL;生态学[shēng tài xué]
ekologiisto;ekologi.0isto.EKOL;生态学家[shēng tài xué jiā]
ekonomo;ekonom.0o;男管家[nán guǎn jiā]
ekonomo;ekonom.0o;田产管理人[tián chǎn guǎn lǐ rén]
ekonomia;ekonom1.0a;經濟合算[jīng jì hé suàn]
ekonomia;ekonom1.0a;俭省[jiǎn shěng]
ekonomia;ekonom1.0a;約[yuē]
ekonomia;ekonom1.0a;經濟上[jīng jì shàng]
ekonomio;ekonom1.0o.SCI;經濟學[jīng jì xué]
ekonomio;ekonom1.0o.SCI;經濟區[jīng jì qū]
ekonomio;ekonom1.0o.SCI;經濟聯盟[jīng jì lián méng]
Organizaĵo por Ekonomiaj Kunlaboro kaj Evoluigo;ekonom1.O0ajKE;經濟合作暨發展組織[jīng jì hé zuò jì fā zhǎn zǔ zhī]
Organizaĵo por Ekonomiaj Kunlaboro kaj Evoluigo;ekonom1.O0ajKE;經濟合作發展組織[jīng jì hé zuò fā zhǎn zǔ zhī]
merkatekonomio;ekonom1.merkat0o;市场经济[shì chǎng jīng jì]
planekonomio;ekonom1.plan0o;計劃經濟[jì huà jīng jì]
ekonomikisto;ekonom2.0isto;經濟學者[jīng jì xué zhě]
ekonomikisto;ekonom2.0isto;經濟學家[jīng jì xué jiā]
ekonomiko;ekonom2.0o;应用经济学[yīng yòng jīng jì xué]
ekosistemo;ekosistem.0o;生态系统[shēng tài xì tǒng]
ekosistemo;ekosistem.0o;自然生态系统[zì rán shēng tài xì tǒng]
ekrano;ekran.0o.sxirmilo;保护伞[bǎo hù sǎn]
ekrano;ekran.0o.sxirmilo;掩护物[yǎn hù wù]
ekrano;ekran.0o.sxirmilo;遮蔽物[zhē bì wù]
ekrano;ekran.0o.sxirmilo;盾紋[dùn wén]
ekrano;ekran.0o.sxirmilo;盔架[kuī jià]
ekrano;ekran.0o.sxirmilo;盾型的东西[dùn xíng de dōng xi]
ekrano;ekran.0o.sxirmilo;后盾[hòu dùn]
ekrano;ekran.0o.sxirmilo;保护开关[bǎo hù kāi guān]
katodradia ekrano;ekran.katodradia0o;阴极射线管[yīn jí shè xiàn guǎn]
likvakristala ekrano;ekran.likvakristala0o;液晶显示[yè jīng xiǎn shì]
likvakristala ekrano;ekran.likvakristala0o;液晶显示器[yè jīng xiǎn shì qì]
plasmekrano;ekran.plasm0o;等离子显示屏[děng lí zǐ xiǎn shì bǐng]
tuŝekrano;ekran.tusx0o;触幕[chù mù]
tuŝekrano;ekran.tusx0o;触控式萤幕[chù kòng shì yíng mù]
eksa;eks.0a;前任[qián rèn]
eksa;eks.0a;以前[yǐ qián]
eksa;eks.0a;先前[xiān qián]
eksigi;eks.0igi;解僱[jiě gù]
eksigi;eks.0igi;辞退[cí tuì]
eksigi;eks.0igi;罢黜[bà chù]
eksigi;eks.0igi;炒魷魚[chǎo yóu yú]
eksigo;eks.0igo.KOMUNE;革职[gé zhí]
eksigo;eks.0igo.KOMUNE;下臺[xià tái]
eksiĝi;eks.0igxi;辞职[cí zhí]
eksiĝi;eks.0igxi;巽[xùn]
eksiĝi;eks.0igxi;退位[tuì wèi]
foreksigi;eks.for0igi;解僱[jiě gù]
foreksigi;eks.for0igi;辞退[cí tuì]
foreksigi;eks.for0igi;罢黜[bà chù]
eksa-;eksa.0;艾可萨[ài kě sà]
ekscelenco;ekscel.0o;閣下[gé xià]
ekscentrika;ekscen.0a;非传统[fēi chuán tǒng]
ekscentrika;ekscen.0a;偏心[piān xīn]
ekscentriko;ekscen.0o;凸輪[tū lún]
ekscepcio;ekscep.0o.JUR;异议[yì yì]
ekscesa;eksces.0a;过度地[guò dù de]
ekscesa;eksces.0a;浮[fú]
eksceso;eksces.0o.troajxo;过剩[guò shèng]
eksceso;eksces.0o.troajxo;过量[guò liàng]
eksciti;ekscit.0i;扣人心弦[kòu rén xīn xián]
eksciti;ekscit.0i;刺激[cì jī]
eksciti;ekscit.0i;擣[dǎo]
eksciti;ekscit.0i;授意[shòu yì]
ekscitiĝi;ekscit.0igxi;恼怒[nǎo nù]
ekscito;ekscit.0o;冲动[chōng dòng]
ekscito;ekscit.0o;訬[chāo]
ekscito;ekscit.0o;动盪[dòng dàng]
eksklamacii;eksklamaci.0i;大叫[dà jiào]
eksklamacio;eksklamaci.0o;叫喊[jiào hǎn]
eksklamacio;eksklamaci.0o;大声说[dà shēng shuō]
ekskluziva;eksklu.0a.eksterlasanta;独占[dú zhàn]
ekskluziva;eksklu.0a.eksterlasanta;独有[dú yǒu]
ekskluziva;eksklu.0a.eksterlasanta;惟独[wéi dú]
ekskluziva;eksklu.0a.esceptanta;排他[pái tā]
ekskluziva;eksklu.0a.esceptanta;孤傲[gū ào]
ekskluziva;eksklu.0a.esceptanta;专属[zhuān shǔ]
ekskluziva;eksklu.0a.esceptanta;不包括[bù bāo kuò]
ekskluziva;eksklu.0a.esceptanta;名貴[míng guì]
ekskluziva;eksklu.0a.esceptanta;独家[dú jiā]
ekskluzivi;eksklu.0i;关在门外[guān zài mén wài]
ekskludi;eksklud.0i;敺[qū]
ekskludi;eksklud.0i;关在门外[guān zài mén wài]
ekskludi;eksklud.0i;撵[niǎn]
ekskludo;eksklud.0o;行間空白[háng jiān kōng bái]
ekskludo;eksklud.0o;禁止翻供[jìn zhǐ fān gōng]
ekskludo;eksklud.0o;开除[kāi chú]
ekskludo;eksklud.0o;剝奪資格[bō duó zī ge]
ekskludo;eksklud.0o;調解委員會[tiáo jiě wěi yuán huì]
ekskludo;eksklud.0o;委员会[wěi yuán huì]
ekskludo;eksklud.0o;理事会[lǐ shì huì]
ekskomuniki;ekskom.0i.FIG;敺[qū]
ekskomuniki;ekskom.0i.FIG;挤[jǐ]
ekskomuniko;;絕罰[jué fá]
ekskomuniko;;逐出教会[zhú chū jiào huì]
ekskoriacii;ekskor.0i;擦伤[cā shāng]
ekskrecii;ekskre.0i;出[chū]
ekskrecii;ekskre.0i;剔除[ti chú]
ekskremento;ekskre1.0o;粪便[fèn biàn]
ekskurso;ekskur.0o;飛出[fēi chū]
ekskurso;ekskur.0o;旅[lǚ]
ekskurso;ekskur.0o;郊游[jiāo yóu]
ekskurso;ekskur.0o;短途旅行[duǎn tú lǚ xíng]
ekskurso;ekskur.0o;学术旅行考察[xué shù lǚ xíng kǎo chá]
ekskurso;ekskur.0o;科学考察[kē xué kǎo chá]
ekskuzi;ekskuz.0i;歉[qiàn]
ekskuzo;ekskuz.0o;抱歉[bào qiàn]
ekskuzo;ekskuz.0o;原諒[yuán liàng]
ekslibriso;ekslib.0o;藏书票[cáng shū piào]
ekspansio;;扩能[kuò néng]
ekspansio;;张开[zhāng kāi]
ekspansio;;扩展[kuò zhǎn]
ekspedi;eksped.0i;寄[jì]
ekspedi;eksped.0i;赍[jī]
ekspedo;eksped.0o.ado;寄送[jì sòng]
ekspedejo;;報刊發送房[bào kān fā sòng fáng]
ekspedicio;eksped1.0o;探险队[tàn xiǎn duì]
ekspedicio;eksped1.0o;探险旅行[tàn xiǎn lǚ xíng]
ekspedicio;eksped1.0o;探险[tàn xiǎn]
ekspekto;ekspek.0o;預期值[yù qī zhí]
ekspekto;ekspek.0o;預計值[yù jì zhí]
ekspekto;ekspek.0o;所料[suǒ liào]
ekspekto;ekspek.0o;数学期望[shù xué qī wàng]
ekspekto;ekspek.0o;数学期望值[shù xué qī wàng zhí]
ekspekto;ekspek.0o;期望值[qī wàng zhí]
ekspekto;ekspek.0o;期待值[qī dài zhí]
eksperimenta;eksper.0a;試驗性[shì yàn xìng]
eksperimenta;eksper.0a;实验方法[shí yàn fāng fǎ]
eksperimenti;eksper.0i;实验研究[shí yàn yán jiù]
bestoeksperimento;;动物实验[dòng wù shí yàn]
eksperto;eksper1.0o;专人[zhuān rén]
eksperto;eksper1.0o;专家[zhuān jiā]
eksperto;eksper1.0o;专业职员[zhuān yè zhí yuán]
eksperto;eksper1.0o;专门家[zhuān mén jiā]
eksperto;eksper1.0o;高手[gāo shǒu]
eksperto;eksper1.0o;手[shǒu]
eksperto;eksper1.0o;行家[háng jia]
eksperto;eksper1.0o;专才[zhuān cái]
eksperto;eksper1.0o;能手[néng shǒu]
ekspertizi;eksper2.0i;鉴定过[jiàn dìng guò]
ekspertizi;eksper2.0i;諟[shì]
ekspertizi;eksper2.0i;伺[sì]
ekspertizi;eksper2.0i;审[shěn]
ekspertizi;eksper2.0i;审查[shěn chá]
ekspertizi;eksper2.0i;攷[kǎo]
ekspertizisto;eksper2.0isto;专业人士[zhuān yè rén shì]
ekspertizisto;eksper2.0isto;熟习[shú xí]
ekspertizo;eksper2.0o;鉴定报告[jiàn dìng bào gào]
ekspertizo;eksper2.0o;专家意见[zhuān jiā yì jiàn]
ekspertizo;eksper2.0o;鉴定[jiàn dìng]
ekspliki;ekspli.0i;申述[shēn shù]
ekspliki;ekspli.0i;释[shì]
ekspliki;ekspli.0i;胪[lú]
ekspliki;ekspli.0i;交代[jiāo dài]
ekspliki;ekspli.0i;詁[gǔ]
ekspliki;ekspli.0i;述[shù]
ekspliki;ekspli.0i;解[jiě]
ekspliki;ekspli.0i;申[shēn]
ekspliki;ekspli.0i;講解[jiǎng jiě]
eksplicita;eksplic.0ita.KOMUNE;明示[míng shì]
eksplicita;eksplic.0ita.KOMUNE;明确[míng què]
eksplodaĵo;eksplo.0ajxo;炸药[zhà yào]
eksploda konsonanto;eksplo.0akonsonanto;入声[rù shēng]
eksploda konsonanto;eksplo.0akonsonanto;塞音[sè yīn]
eksplodema;eksplo.0ema;爆炸性[bào zhà xìng]
eksplodema;eksplo.0ema;易爆[yì bào]
eksplodema;eksplo.0ema;躁[zào]
eksplodi;eksplo.0i;炸[zhà]
eksplodigi;eksplo.0igi;使爆炸[shǐ bào zhà]
eksplodigilo;eksplo.0igilo.TEK;引信[yǐn xìn]
eksplodigilo;eksplo.0igilo.TEK;信管[xìn guǎn]
eksplodo;;气体爆炸[qì tǐ bào zhà]
eksplodo;;空中爆炸[kōng zhōng bào zhà]
eksplodo;;炸弹爆炸[zhà dàn bào zhà]
praeksplodo;eksplo.pra0o;宇宙大爆炸[yǔ zhòu dài bào zhà]
praeksplodo;eksplo.pra0o;大爆炸[dà bào zhà]
praeksplodo;eksplo.pra0o;大爆炸理論[dà bào zhà lǐ lùn]
ekspluati;eksplu.0i;勋绩[xūn jī]
ekspluati;eksplu.0i;朘[juān]
ekspluati;eksplu.0i;开矿[kāi kuàng]
eksponaĵo;ekspon.0ajxo;展品[zhǎn pǐn]
eksplodo;;引爆[yǐn bào]
eksponi;ekspon.0i.EKON;展覽[zhǎn lǎn]
eksponencialo;ekspon1.0o;指数函数[zhǐ shù hán shù]
eksponento;ekspon2.0o.algebra;指示数[zhǐ shì shù]
eksponento;ekspon2.0o.algebra;指标[zhǐ biāo]
eksportado;ekspor.0ado;出口[chū kǒu]
eksportado;ekspor.0ado;輸出[shū chū]
eksporti;ekspor.0i.EKON;輸出[shū chū]
eksporti;ekspor.0i.EKON;外銷[wài xiāo]
eksportisto;ekspor.0isto;出口商[chū kǒu shāng]
eksporto;;出口[chū kǒu]
ekspozi;ekspoz.0i;展覽[zhǎn lǎn]
ekspoziciejo;ekspoz1.0ejo;展覽館[zhǎn lǎn guǎn]
ekspoziciejo;ekspoz1.0ejo;陈列室[chén liè shì]
ekspoziciejo;ekspoz1.0ejo;展品間[zhǎn pǐn jiān]
ekspoziciejo;ekspoz1.0ejo;产品陈列室[chǎn pǐn chén liè shì]
ekspoziciejo;ekspoz1.0ejo;展覽室[zhǎn lǎn shì]
ekspoziciejo;ekspoz1.0ejo;展厅[zhǎn tīng]
ekspozicii;ekspoz1.0i;衒[xuàn]
ekspozicii;ekspoz1.0i;逞[chěng]
ekspozicii;ekspoz1.0i;陈放[chén fàng]
ekspozicio;ekspoz1.0o.prezentado;大吹大擂[dà chuī dà léi]
ekspozicio;ekspoz1.0o.prezentado;签发[qiān fā]
ekspozicio;ekspoz1.0o.prezentado;展覽會[zhǎn lǎn huì]
ekspresa;ekspre.0a.rapidega;很快[hěn kuài]
ekspreso;ekspre.0o.FER;直通列车[zhí dá liè chē]
ekspreso;ekspre.0o.FER;特快列車[tè kuài liè chē]
ekspresionismo;ekspresionism.0o;表现主义[biǎo xiàn zhǔ yì]
ekspresionisto;ekspresionist.0o.BELA;表现派[biǎo xiàn pài]
ekspreso;ekspre.0o.POSX;送快信的人[sòng kuài xìn de rén]
ekspreso;ekspre.0o.POSX;传递急信的信差[chuán dì jí xìn de xìn chāi]
ekspreso;ekspre.0o.POSX;報信者[bào xìn zhě]
ekstazio;ekstazi.0o;搖頭丸[yáo tóu wán]
ekster;ekster.0.kie;向舷外[xiàng xián wài]
ekster;ekster.0.kie;在城外[zài chéng wài]
ekster;ekster.0.kie;舷外[xián wài]
ekster;ekster.0.kie;在外地[zài wài de]
ekster;;在…以外[zài … yǐ wài]
ekster;;其外[qí wài]
ekstere;ekster.0e;外來[wài lái]
ekstere;ekster.0e;在戶外[zài hù wài]
ekstera;ekster.0a;外來[wài lái]
ekstera;ekster.0a;遙遠[yáo yuǎn]
eksteriĝi;ekster.0igxi;下車[xià chē]
ekstero eksteraĵo;ekster.0o0ajxo;模样[mó yàng]
ekstero eksteraĵo;ekster.0o0ajxo;外觀[wài guān]
ekstero eksteraĵo;ekster.0o0ajxo;外[wài]
ekstero eksteraĵo;ekster.0o0ajxo;仪容[yí róng]
eksterulo;ekster.0ulo.fremdulo;圈外人士[quān wài rén shì]
ekstermi;ekster1.0i;誅滅[zhū miè]
ekstermi;ekster1.0i;扑灭[pū miè]
ekstermi;ekster1.0i;剿滅[jiǎo miè]
ekstermi;ekster1.0i;泯[mǐn]
eksterpoli;ekster2.0i;推算[tuī suàn]
ekstra;ekstr.0a.aldona;追加[zhuī jiā]
ekstrakti;;提炼[tí liàn]
ekstrakti;;萃取[cuì qǔ]
ekstrakto;ekstra.0o.TEK;抽出物[chōu chū wù]
ekstrakto;ekstra.0o.TEK;提取物[tí qǔ wù]
ekstrakto;ekstra.0o.TIP;片段[piàn duàn]
ekstrakto;ekstra.0o.TIP;節選[jié xuǎn]
ekstravaganca;ekstra1.0a;侈[chǐ]
ekstravaganca;ekstra1.0a;大手笔[dà shǒu bǐ]
ekstravaganca;ekstra1.0a;靡[mǐ]
ekstravaganca;ekstra1.0a;忕[tài]
ekstravaganco;ekstra1.0o;鋪張[pū zhāng]
ekstravertita;ekstravertit.0a;外向[wài xiàng]
ekstravertita;ekstravertit.0a;性格外向[xìng gé wài xiàng]
ekstravertita;ekstravertit.0a;易沟通[yì gōu tōng]
ekstrema;;格外[gé wài]
ekstrema;;极为[jí wéi]
ekstrema;;过激[guò jī]
ekstrema;;超常[chāo cháng]
ekstrema;;万分[wàn fēn]
ekstremaĵo;ekstre.0ajxo;頂端[dǐng duān]
ekstremaĵo;ekstre.0ajxo;巅峰[diān fēng]
ekstreme;ekstre.0e;透頂[tòu dǐng]
ekstreme;ekstre.0e;极了[jí le]
ekstreme;ekstre.0e;痛[tòng]
ekstremeco;;极致[jí zhì]
ekstremumo;ekstre.0umo;极值[jí zhí]
ekstremumo;ekstre.0umo;駐點[zhù diǎn]
ekumena;ekumen.0a;普世[pǔ shì]
ekumeno;ekumen.0o;普世教会合一运动[pǔ shì jiào huì hé yī yùn dòng]
ekvo;ekv.0o;馬[mǎ]
ekvaciaro;ekvaci.0aro;方程組[fāng chéng zǔ]
ekvacio;ekvaci.0o;恆等式[héng děng shì]
ekvacio;ekvaci.0o;方程式[fāng chéng shì]
diferenciala ekvacio;ekvaci.diferenciala0o;微分方程[wēi fēn fāng chéng]
diferenciala ekvacio;ekvaci.diferenciala0o;微分公式[wēi fēn gōng shì]
integrala ekvacio;ekvaci.integrala0o;积分方程[jī fēn fāng chéng]
neekvacio;ekvaci.ne0o;不等式[bù děng shì]
Ekvadoro;ekvador.E0o;厄瓜多[è guā duō]
Ekvadoro;ekvador.E0o;厄瓜多尔[è guā duō ěr]
ekvatoro;ekvato.0o;赤道[chì dào]
ekvilibro;ekvili.0o;权衡[quán héng]
malekvilibrigi;ekvili.mal0igi;失去平衡[shī qù píng héng]
ekvinokso;ekvino.0o;春分或秋分[chūn fēn huò qiū fēn]
ekvivalenti;ekviva.0i;通信者[tōng xìn zhě]
ekvivalenti;ekviva.0i;相匹配[xiāng pī pèi]
ekvivalenti;ekviva.0i;符合[fú hé]
ekvivalento;ekviva.0o;等値[děng zhí]
ekvivalento;ekviva.0o;相同的东西[xiāng tóng de dōng xi]
ekvivalento;ekviva.0o;同意义[tóng yì yì]
ekvivalento;ekviva.0o;相等物[xiāng děng wù]
ekvivalento;ekviva.0o;之的[zhī dì]
ekvizetoj;ekvizet.0oj;木賊屬[mù zéi shǔ]
ekzakta;ekzakt.0a;准[zhǔn]
ekzakta;ekzakt.0a;恰[qià]
ekzakta;ekzakt.0a;精确[jīng què]
ekzalti;ekzalt.0i;浑身发抖[hún shēn fā dǒu]
ekzalto;ekzalt.0o;动盪[dòng dàng]
ekzameni;ekzame.0i.PED;查[chá]
ekzameni;ekzame.0i.PED;审视[shěn shì]
ekzameni;ekzame.0i.PED;考[kǎo]
ekzameni;ekzame.0i.PED;淸查[qīng chá]
ekzameni;ekzame.0i.PED;察[chá]
ekzameni;ekzame.0i.PED;检[jiǎn]
ekzameni;ekzame.0i.PED;核对[hé duì]
ekzamenisto;;监判员[jiān pàn yuán]
ekzamenisto;;監审員[jiān shěn yuán]
ekzamenisto;;监察员[jiān chá yuán]
ekzamenisto;;检验员[jiǎn yàn yuán]
ekzameno;ekzame.0o.PED;审查[shěn chá]
ekzameno;ekzame.0o.PED;测验[cè yàn]
ekzameno;;大学结业考试[dà xué jiē yè kǎo shì]
ekzantemo;ekzant.0o;疹[zhěn]
ekzekuti;ekzeku.0i;殛[jí]
ekzekuti;ekzeku.0i;執行死刑[zhí xíng sǐ xíng]
ekzekuti;ekzeku.0i;处死刑[chù sǐ xíng]
ekzekuti;ekzeku.0i;判处死刑[pàn chǔ sǐ xíng]
ekzekutisto;ekzeku.0isto;刽子手[guì zi shǒu]
ekzekuto;ekzeku.0o;死刑執行[sǐ xíng zhí xíng]
ekzekuto;ekzeku.0o;电刑[diàn xíng]
ekzekuto;ekzeku.0o;大决[dà jué]
ekzekuciisto;ekzekuci.0isto.JUR;執行官[zhí xíng guān]
ekzekuciisto;ekzekuci.0isto.JUR;鎮長[zhèn zhǎng]
ekzekutivo;ekzekutiv.0o.POL;執法人員[zhí fǎ rén yuán]
ekzemo;ekzem.0o;皮炎[pí yán]
ekzemo;ekzem.0o;皮肤炎[pí fū yán]
ekzemple;ekzemp.0e;試舉一例[shì jǔ yī lì]
ekzemple;ekzemp.0e;譬如[pì rú]
ekzemple;ekzemp.0e;比如說[bǐ rú shuō]
ekzemple;ekzemp.0e;如[rú]
ekzemple;ekzemp.0e;例如[lì rú]
ekzemplo;ekzemp.0o;表[biǎo]
ekzemplo;ekzemp.0o;範式[fàn shì]
ekzemplo;ekzemp.0o;模範[mó fàn]
ekzemplo;ekzemp.0o;例題[lì tí]
ekzemplo;ekzemp.0o;例子[lì zi]
ekzemplo;ekzemp.0o;例[lì]
ekzemplo;ekzemp.0o;示例[shì lì]
senekzempla;ekzemp.sen0a;无先例[wú xiān lì]
senekzempla;ekzemp.sen0a;无敌[wú dí]
senekzempla;ekzemp.sen0a;无比[wú bǐ]
senekzempla;ekzemp.sen0a;史无前例[shǐ wú qián lì]
ekzemplero;ekzemp1.0o;单本[dān běn]
ekzemplero;ekzemp1.0o;份[fèn]
ekzemplero;ekzemp1.0o;冊[cè]
provekzemplero;ekzemp1.prov0o;检验样本[jiǎn yàn yàng běn]
ekzercado;ekzerc.0ado;操練[cāo liàn]
ekzercado;ekzerc.0ado;操[cāo]
ekzercado;ekzerc.0ado;訓練日[xùn liàn rì]
ekzerci;ekzerc.0i.PED;訓練[xùn liàn]
ekzerci;ekzerc.0i.apliki;謨[mó]
ekzerci;ekzerc.0i.apliki;肄[yì]
ekzerciteco;ekzerc.0iteco;技艺[jì yì]
ekzerciteco;ekzerc.0iteco;看家本領[kān jiā běn lǐng]
ekzerciteco;ekzerc.0iteco;技能[jì néng]
ekzerciteco;ekzerc.0iteco;攻[gōng]
ekzerciteco;ekzerc.0iteco;熟練[shú liàn]
ekzerco;ekzerc.0o;演練[yǎn liàn]
ekzerco;ekzerc.0o;練習[liàn xí]
ekzerco;ekzerc.0o;习题[xí tí]
ekzergo;;銘[míng]
ekzergo;;銘刻[míng kè]
ekzilejo;;被放逐者[bèi fàng zhú zhě]
ekzilejo;;流放国外[liú fàng guó wài]
ekzilejo;;流刑[liú xíng]
ekzilejo;;居住外国的人[jū zhù wài guó de rén]
ekzilo;;流亡[liú wáng]
ekzili;ekzil.0i;发配[fā pèi]
ekzili;ekzil.0i;放逐[fàng zhú]
ekzili;ekzil.0i;赶走[gǎn zǒu]
ekzistado;ekzist.0ado;存在物[cún zài wù]
ekzistado;ekzist.0ado;此在[cǐ zài]
ekzistado;ekzist.0ado;实存[shí cún]
ekzistado;ekzist.0ado;生存[shēng cún]
ekzistado;ekzist.0ado;闍多伽[shé duō gā]
ekzistaĵo;;创造物[chuàng zào wù]
ekzisti;;維持生計[wéi chí shēng jì]
ekzisti;;存活[cún huó]
ekzisti;;存在[cún zài]
ekzistismo;;存在主义[cún zài zhǔ yì]
ekzistencialismo;ekzistencialism.0o;存在主义[cún zài zhǔ yì]
ekzogamio;ekzogami.0o;异族通婚[yì zú tōng hūn]
ekzorcaĵo;ekzorc.0ajxo;驅魔[qū mó]
ekzorci;ekzorc.0i;驅邪[qū xié]
ekzoskeleto;;外骨骼[wài gǔ gé]
ekzota;ekzot.0a;异国[yì guó]
ekzota;ekzot.0a;外來品種[wài lái pǐn zhǒng]
ekzota;ekzot.0a;异国风情[yì guó fēng qíng]
ekzota;ekzot.0a;异国情调[yì guó qíng diào]
ekzota;ekzot.0a;异[yì]
ekzoto;ekzot.0o;外來性[wài lái xìng]
ekzoterma;ekzoterm.0a;放热[fàng rè]
el;el.0;來自[lái zì]
eligi;el.0igi.KOMP;花錢[huā qián]
eligilo;el.0igilo;輸出機[shū chū jī]
eligilo;el.0igilo;輸出設備[shū chū shè bèi]
elasta;elast.0a.FIG;可伸展[kě shēn zhǎn]
elasta;elast.0a.FIG;会膨胀[huì péng zhàng]
elasta;elast.0a.FIG;可扩张[kě kuò zhāng]
elasta;elast.0a.FIG;能伸展[néng shēn zhǎn]
elastano;elastan.0o;氨綸[ān lún]
Elbo;elb.E0o.insulo;厄尔巴岛[è ěr bā dǎo]
Elbo;elb.E0o.rivero;易北河[yì běi hé]
eldorado;;黃金國[huáng jīn guó]
elefantiazo;elefan1.0o;象皮病[xiàng pí bìng]
elefantedoj;elefan2.0oj;象[xiàng]
eleganta;elegan.0a;娜[nuó]
eleganta;elegan.0a;瑰丽[guī lì]
eleganta;elegan.0a;时新[shí xīn]
eleganta;elegan.0a;閑雅[xián yǎ]
eleganta;elegan.0a;翩翩[piān piān]
eleganta;elegan.0a;俊雅[jùn yǎ]
eleganta;elegan.0a;飄逸[piāo yì]
eleganta;elegan.0a;出身高貴[chū shēn gāo guì]
eleganta;elegan.0a;雅致[yǎ zhì]
eleganta;elegan.0a;帅气[shuài qì]
eleganta;elegan.0a;漂亮地[piào liang de]
eleganta;elegan.0a;雅[yǎ]
eleganta;elegan.0a;郁[yù]
eleganta;elegan.0a;斐[fěi]
eleganta;elegan.0a;优雅[yōu yǎ]
eleganta;elegan.0a;帅[shuài]
eleganta;elegan.0a;秀[xiù]
elegia;elegi.0a.FIG;愁思[chóu sī]
elegia;elegi.0a.FIG;悲[bēi]
elegia;elegi.0a.FIG;忧伤[yōu shāng]
elegio;elegi.0o;哀歌[āi gē]
elegio;elegi.0o;哀辞[āi cí]
elegio;elegi.0o;挽歌[wǎn gē]
elektebla;elekt.0ebla;符合条件[fú hé tiáo jiàn]
elektema;elekt.0ema;挑剔[tiāo tī]
elekti;elekt.0i;选中[xuǎn zhōng]
elekti;elekt.0i;投票[tóu piào]
elekti;elekt.0i;择机[zé jī]
elekti;elekt.0i;拣[jiǎn]
elekti;elekt.0i;择[zé]
elekti;elekt.0i;选用[xuǎn yòng]
elekti;elekt.0i;选上[xuǎn shàng]
elekti;elekt.0i;选取[xuǎn qǔ]
elekti;elekt.0i;选择[xuǎn zé]
elektita;elekt.0ita;入选[rù xuǎn]
elektita;elekt.0ita;优选[yòu xuǎn]
elekto;elekt.0o;編撰[biān zhuàn]
elekto;elekt.0o;供选择使用[gōng xuǎn zé shǐ yòng]
elektra;elektr.0a;电动[diàn dòng]
elektra;elektr.0a;电[diàn]
elektra fluo;;电流[diàn liú]
elektra streĉo;elektr.0astrecxo;电压[diàn yā]
elektrejo;elektr.0ejo;发电站[fā diàn zhàn]
elektristo;elektr.0isto;电气技师[diàn qì jì shī]
elektro;;电流[diàn liú]
atomelektrejo;elektr.atom0ejo;核能发电站[hé néng fā diàn zhàn]
atomelektrejo;elektr.atom0ejo;核子动力厂[hé zǐ dòng lì chǎng]
elektrolizo;elektr10.0o;电解[diàn jiě]
elektromagnetismo;elektr11.0ismo;电磁学[diàn cí xué]
elektromagneto;elektr11.0o;电磁石[diàn cí shí]
elektromagneto;elektr11.0o;电磁铁[diàn cí tiě]
elektrono;elektr14.0o;电子[diàn zǐ]
elektrodo;elektr3.0o;电极[diàn jí]
elektrolito;elektr9.0o;电解水[diàn jiě shuǐ]
elektrolito;elektr9.0o;电解质[diàn jiě zhí]
elektrolito;elektr9.0o;电解物[diàn jiě wù]
elektronikisto;elektronik.0isto;电子工[diàn zǐ gōng]
elektronikisto;elektronik.0isto;电子机工[diàn zǐ jī gōng]
elektroniko;elektronik.0o;电子学[diàn zǐ xué]
elektroniko;elektronik.0o;电子技术[diàn zǐ jì shù]
elektroniko;elektronik.0o;电子装置[diàn zǐ zhuāng zhì]
elementa;elemen.0a;自然力[zì rán lì]
elementa;elemen.0a;不可抗拒[bù kě kàng jù]
elementa;elemen.0a;基本[jī běn]
elemento;elemen.0o;因素[yīn sù]
elemento;elemen.0o;成份[chéng fèn]
elemento;elemen.0o;素[sù]
elemento;elemen.0o;元素[yuán sù]
elevatoro;elevat.0o;升运器[shēng yùn qì]
elfo;elf.0o;魉[liǎng]
eliksiro;eliksi.0o;酏剂[yǐ jì]
eliksiro;eliksi.0o;补剂[bǔ jì]
elimini;elimin.0i;即将删除[jí jiāng shān chú]
elimini;elimin.0i;消[xiāo]
elimini;elimin.0i;栉[zhì]
elimino;elimin.0o.KOMUNE;移除[yí chú]
elipso;elips.0o.linio;椭圆[tuǒ yuán]
elipso;elips.0o.linio;椭[tuǒ]
elipsoido;elipso.0o;椭圆体[tuǒ yuán tǐ]
elipsoido;elipso.0o;椭球[tuǒ qiú]
elito;elit.0o;精英主义[jīng yīng zhǔ yì]
elito;elit.0o;优秀分子[yōu xiù fēn zǐ]
elito;elit.0o;俊傑[jùn jié]
elito;elit.0o;精英[jīng yīng]
elito;elit.0o;精华[jīng huá]
elito;elit.0o;上流社会[shàng liú shè huì]
Elizabeto;elizabet.0o;伊丽莎白[yī lì shā bái]
Elizabeto;elizabet.0o;伊莉莎白[yī lì shā bái]
elizio;elizi.0o.GRA;字母省略[zì mǔ shěng lüè]
elizio;elizi.0o.GRA;元音省略[yuán yīn shěng lüè]
elokventa;elokve.0a;能言善辩[néng yán shàn biàn]
elokventa;elokve.0a;雄辩[xióng biàn]
elokventa;elokve.0a;佞[nìng]
elokvento;elokve.0o;善辩[shàn biàn]
elokvento;elokve.0o;口才[kǒu cái]
elokvento;elokve.0o;雄辩术[xióng biàn shù]
emi;em.0i;慾[yù]
emi;em.0i;祝愿[zhù yuàn]
emi;em.0i;媟[xiè]
emo;em.0o;慾[yù]
emo;em.0o;志趣[zhì qù]
malema;em.mal0a;无精打采地[wú jīng dǎ cǎi de]
malema;em.mal0a;漠然[mò rán]
malema;em.mal0a;不情愿地[bù qíng yuàn de]
malema;em.mal0a;忘情[wàng qíng]
malema;em.mal0a;无兴趣[wú xìng qu]
malema;em.mal0a;惝[chǎng]
malemo;;不起劲[bù qǐ jìn]
malemo;;反感[fǎn gǎn]
malemo;;惮[dàn]
malemo;;不感兴趣[bù gǎn xìng qù]
malemo;;忿[fèn]
emajli;emajl.0i;光漆[guāng qī]
emajlo;emajl.0o.TEK;搪瓷[táng cí]
emani;eman.0i;漏出[lòu chū]
emani;eman.0i;泼出[pō chū]
emani;eman.0i;流出[liú chū]
emani;;泡[pào]
emani;;漏[lòu]
emancipo;emanci.0o;獲得自由[huò dé zì yóu]
emancipo;emanci.0o;摆脱束缚[bǎi tuō shù fù]
Emanuelo;;埃曼努埃尔[āi màn nǔ āi ěr]
Emanuelo;;以馬內利[yǐ mǎ nèi lì]
embarasa;embara.0a;作难[zuò nán]
embarasi;;局促不安[jú cù bù ān]
embarasi;;窘迫[jiǒng pò]
embarasiĝi;embara.0igxi.FIG;难为情[nán wéi qíng]
embaraso;embara.0o;厄[è]
embaraso;;困窘[kùn jiǒng]
embaraso;;害臊[hài sào]
embaraso;;羞愧[xiū kuì]
embargo;embarg.0o;封港令[fēng gǎng lìng]
embargo;embarg.0o;禁运[jìn yùn]
embargo;embarg.0o.EKON;禁运[jìn yùn]
embargo;embarg.0o.EKON;封港[fēng gǎng]
embargo;embarg.0o.EKON;出口禁令[chū kǒu jìn lìng]
emblemo;emblem.0o.simbolo;徽章[huī zhāng]
emblemo;emblem.0o.simbolo;象征[xiàng zhēng]
embrio;embri.0o.BIO;胚芽[pēi yá]
embrio;embri.0o.BIO;胚胎[pēi tāi]
embrio;embri.0o.BIO;妚[pēi]
embrio;embri.0o.FIG;萌芽状态[méng yá zhuàng tài]
embrio;embri.0o.FIG;开头[kāi tóu]
embrio;embri.0o.FIG;起源[qǐ yuán]
embrio;embri.0o.FIG;朔[shuò]
embriologio;embrio2.0o;胚胎学[pēi tāi xué]
embusko;embusk.0o;伏击[fú jī]
emerĝi;emergx.0i;出现[chū xiàn]
emerĝi;emergx.0i;显得[xiǎn de]
emerĝi;emergx.0i;似乎[sì hū]
emeritiĝi;emerit.0igxi;退休[tuì xiū]
emeritiĝi;emerit.0igxi;离休[lí xiū]
emerito;emerit.0o;退休人员[tuì xiū rén yuán]
emerito;emerit.0o;退休人[tuì xiū rén]
emerituro;emerit1.0o;养老金[yǎng lǎo jīn]
emerituro;emerit1.0o;退休金[tuì xiū jīn]
emfazi;emfaz.0i;注重[zhù zhòng]
emfazo;emfaz.0o;翻印[fān yìn]
emfazo;emfaz.0o;強調[qiáng diào]
emfazo;emfaz.0o;強[qiáng]
Emilio;emili.0o;艾米丽[ài mǐ lì]
eminenta;eminen1.0a;禕[yī]
eminenta;eminen1.0a;嘉[jiā]
eminenta;eminen1.0a;精[jīng]
eminenta;eminen1.0a;优异[yōu yì]
eminenta;;隗[wěi]
eminentularo;eminen1.0ularo;高官政要[gāo guān zhèng yào]
eminentulo;eminen1.0ulo;知名人士[zhī míng rén shì]
eminentulo;eminen1.0ulo;傑出人物[jié chū rén wù]
eminentulo;eminen1.0ulo;名人[míng rén]
emirlando;emir.0lando;酋長國[qiú cháng guó]
emiro;emir.0o;王侯[wáng hóu]
emiro;emir.0o;穆斯林統治者[mù sī lín tǒng zhì zhē]
emiro;emir.0o;埃米尔[āi mǐ ěr]
emiro;emir.0o;酋長[qiú zhǎng]
emirujo;emir.0ujo;酋長國[qiú cháng guó]
Unuiĝintaj Arabaj Emirlandoj;emir.arabaj0landoj;阿拉伯联合酋长国[ā lā bó lián hé qiú cháng guó]
emisii;emisi.0i;放射[fàng shè]
emocia;emoci.0a;动情动容[dòng qíng dòng róng]
emocia;;感情上[gǎn qíng shàng]
emocia;;情緒上[qíng xù shàng]
emocia;;感情冲动[gǎn qíng chōng dòng]
emocii;emoci.0i;刺激[cì jī]
emociiĝi;emoci.0igxi;动情动容[dòng qíng dòng róng]
emocio;;情[qíng]
emocio;;強烈的情緒[qiáng liè de qíng xù]
emocio;;心情[xīn qíng]
emocio;;状态[zhuàng tài]
emoĝio;emogxi.0o;表情符号[biǎo qíng fú hào]
empatio;empati.0o;同情[tóng qíng]
empatio;empati.0o;移情作用[yí qíng zuò yòng]
empatio;empati.0o;移情[yí qíng]
empiro;empir.0o;帝政風格[dì zhèng fēng gé]
empiria;empiri.0a;根据经验[gēn jù jīng yàn]
empiriismo;empiri.0ismo;經驗主義[jīng yàn zhǔ yì]
emuo;emu.0o;鴯鶓科[ér miáo kē]
emulsio;emulsi.0o;乳剂[rǔ jì]
emulsio;emulsi.0o;乳状液[rǔ zhuàng yè]
ena;en.0a.interna;在裡面[zài lǐ miàn]
enigaĵo;en.0igajxo;輸入端[shū rù duān]
enigi;en.0igi.KOMP;籥[yuè]
enigi;en.0igi.KOMP;鑰[yuè]
enigi;en.0igi.KOMP;戒烟糖[jiè yān táng]
enigi;en.0igi.KOMP;鑰[yào]
enigi;en.0igi.KOMP;鍵入[jiàn rù]
enigi;en.0igi.KOMP;献出[xiàn chū]
enigi;en.0igi.KOMP;股票下跌[gǔ piào xià dié]
enigilo;en.0igilo;輸入設備[shū rù shè bèi]
enigilo;en.0igilo;入口通道[rù kǒu tōng dào]
enigi;;插[chā]
enigi;;掺入[chǎn rù]
enigi;;放[fàng]
encefalo;encefa.0o;脑袋瓜[nǎo dài guā]
encefalito;encefa1.0o;脑炎[nǎo yán]
encefalito;encefa1.0o;脑膜炎[nǎo mò yán]
encefalogramo;;脑电图[nǎo diàn tú]
enciklopedia;encikl1.0a;包罗万象[bāo luó wàn xiàng]
enciklopedio;encikl1.0o;百科全书[bǎi kē quán shū]
enciklopedio;encikl1.0o;知識手冊[zhī shi shǒu cè]
enciklopedio;encikl1.0o;百科辞典[bǎi kē cí diǎn]
enciklopedio;encikl1.0o;工具书[gōng jù shū]
enciklopedio;encikl1.0o;参考书[cān kǎo shū]
endemio;endemi.0o.MED;風土病[fēng tǔ bìng]
endemio;endemi.0o.BIO;特有种[tè yǒu zhǒng]
endokardito;endoka2.0o;心內膜炎[xīn nèi mó yán]
endomorfio;endomo.0o;自同态[zì tóng tài]
endorfino;;內啡肽[nèi fēi tài]
endorfino;;內非呔[nèi fēi dāi]
endorfino;;脑内啡[nǎo nèi fēi]
endorfino;;內啡呔[nèi fēi tai]
endoskopo;endosk.0o;內視鏡[nèi shì jìng]
endoskopo;endosk.0o;內窺鏡[nèi kuī jìng]
endoterma;endote.0a;吸热[xī rè]
Eneado;ene.0ado;伊尼伊德[yī ní yī dé]
Eneado;ene.0ado;埃涅阿斯紀[āi niè ā sī jì]
Eneo;ene.0o;埃涅阿斯[āi niè ā sī]
Eneo;ene.0o;亚尼斯[yà ní sī]
energia;energi.0a.drasta;卖劲[mài jìn]
energia;energi.0a.drasta;起劲儿[qǐ jìn r]
energia;energi.0a.drasta;精力旺盛[jīng lì wàng shèng]
energia;energi.0a.drasta;有能量[yǒu néng liàng]
energia;energi.0a.drasta;倜[tì]
energia;energi.0a.drasta;盛[shèng]
energia;energi.0a.drasta;賁[bēn]
energia;energi.0a.drasta;蓬勃[péng bó]
energio;energi.0o;能量[néng liàng]
energio;energi.0o;精力[jīng lì]
akvoenergio;energi.akv0o;水力发电[shuǐ lì fā diàn]
akvoenergio;energi.akv0o;水电[shuǐ diàn]
akvoenergio;energi.akv0o;水力資源[shuǐ lì zī yuán]
akvoenergio;energi.akv0o;水力[shuǐ lì]
akvoenergio;energi.akv0o;水能[shuǐ néng]
kernenergio;energi.kern0o;核能[hé néng]
kernenergio;energi.kern0o;核动力[hé dòng lì]
kernenergio;energi.kern0o;核能源[hé néng yuán]
kernenergio;energi.kern0o;核电[hé diàn]
kernenergio;energi.kern0o;原子能[yuán zǐ néng]
renoviĝanta energio;energi.renovigxanta0o;可再生能源[kě zài shēng néng yuán]
renoviĝanta energio;energi.renovigxanta0o;再生能源[zài shēng néng yuán]
sunenergio;energi.sun0o;太阳能[tài yáng néng]
tervarma energio;;地热资源[dì rè zī yuán]
ventenergio;energi.vent0o;風能[fēng néng]
engaĝi;engagx.0i;延聘[yán pìn]
enigma;enigm.0a;意义深远[yì yì shēn yuǎn]
enigma;enigm.0a;莫明其妙[mò míng qí miào]
enigma;enigm.0a;莫测高深[mò cè gāo shēn]
enigma;enigm.0a;賾[zé]
enigma;enigm.0a;莫名其妙的[mò míng qí miào de]
enigma;enigm.0a;大惑不解的[dà huò bù jiě de]
enigma;enigm.0a;神秘莫测[shén mì mò cè]
enigma;enigm.0a;极深[jí shēn]
enigma;enigm.0a;莫名其妙[mò míng qí miào]
enigma;enigm.0a;神秘[shén mì]
enigma;enigm.0a;如謎[rú mí]
enigma;enigm.0a;奥[ào]
enigma;enigm.0a;无法解释[wú fǎ jiě shì]
enigma;enigm.0a;玄妙[xuán miào]
enigmo;enigm.0o;謎語[mí yǔ]
enigmo;enigm.0o;謎團[mí tuán]
enigmo;enigm.0o;迷題[mí tí]
enigmo;enigm.0o;智力游戏[zhì lì yóu xì]
enigmo;enigm.0o;哑谜[yǎ mí]
enigmo;enigm.0o;謎[mí]
enigmo;enigm.0o;迷宫[mí gōng]
enigmo;enigm.0o;謎題[mí tí]
krucvortenigmo;enigm.krucvort0o;填字游戏[tián zì yóu xì]
vortkrucenigmo;enigm.krucvort0o;填字游戏[tián zì yóu xì]
enketi;enket.0i;情緒高漲[qíng xù gāo zhǎng]
enketi;enket.0i;昂[áng]
enketi;enket.0i;求出[qiú chū]
enketilo;enket.0ilo.KOMUNE;問卷[wèn juàn]
enketilo;enket.0ilo.KOMUNE;意見反饋表[yì jian fǎn kuì biǎo]
enketisto;enket.0isto;統計學家[tǒng jì xué jiā]
enketisto;enket.0isto;統計員[tǒng jì yuán]
enketo;;意见征詢活動[yì jiàn zhēng xún huó dòng]
enketo;;民意調查[mín yì diào chá]
enketo;;民意测验[mín yì cè yàn]
enketo;;民意测试[mín yì cè shì]
enketo;;問卷調查[wèn juàn diào chá]
opinienketo;enket.opini0o;民意测验[mín yì cè yàn]
opinienketo;enket.opini0o;民意测试[mín yì cè shì]
opinienketo;enket.opini0o;意见征詢活動[yì jiàn zhēng xún huó dòng]
enklavo;;被包围的领土[bèi bāo wéi de lǐng tǔ]
enklavo;;內飛地[nèi fēi de]
enorma;;非常大[fēi cháng dài]
enorma;;极大[jí dà]
enorma;;虯蟠[qiú pán]
enorma;;大大[dà dà]
enotero;enoter.0o;月見草[yuè jiàn cǎo]
ensemblo;ensemb.0o;剧组[jù zǔ]
ensemblo;ensemb.0o;合唱曲[hé chàng qǔ]
ensemblo;ensemb.0o;女人的全套服装[nǚ rén de quán tào fú zhuāng]
ensemblo;ensemb.0o;剧团[jù tuán]
ensemblo;ensemb.0o;总共[zǒng gòng]
entjera;entjer.0a;整数[zhěng shù]
enterito;;肠炎[cháng yán]
entjero;entjer.0o;整型[zhěng xíng]
natura entjero;entjer.natura0o;雍容[yōng róng]
natura entjero;entjer.natura0o;自然数[zì rán shù]
entomologio;entomo.0o;昆虫学[kūn chóng xué]
entomologo;entomolog.0o;昆虫学家[kūn chóng xué jiā]
entomologo;entomolog.0o;昆虫研究人员[kūn chóng yán jiū rén yuán]
entreprenema;;有进取心[yǒu jìn qǔ xīn]
entreprenema;;有事业心[yǒu shì yè xīn]
entreprenema;;进取[jìn qǔ]
entrepreni;;进取[jìn qǔ]
entrepreni;;着手[zhuó shǒu]
entreprenisto;entrep.0isto;企业家[qì yè jiā]
entreprenisto;entrep.0isto;企业家[qǐ yè jiā]
entrepreno;;厂[chǎng]
entrepreno;;企业[qǐ yè]
kunkapitala entrepreno;entrep.kunkapitala0o;合資經營[hé zī jīng yíng]
kunkapitala entrepreno;entrep.kunkapitala0o;合資企業[hé zī qǐ yè]
kunkapitala entrepreno;entrep.kunkapitala0o;合資公司[hé zī gōng sī]
kunkapitala entrepreno;entrep.kunkapitala0o;合營[hé yíng]
entropio;;熵[shāng]
entuziasma;entuzi.0a;兴致很高[xìng zhì hěn gāo]
entuziasma;entuzi.0a;兴奋的[xīng fèn de]
entuziasma;entuzi.0a;昂扬[áng yáng]
entuziasma;entuzi.0a;心潮澎湃[xīn cháo pēng pài]
entuziasma;entuzi.0a;火辣[huǒ là]
entuziasma;entuzi.0a;踊跃[yǒng yuè]
entuziasma;entuzi.0a;热衷[rè zhōng]
entuziasma;entuzi.0a;狂热[kuáng rè]
entuziasma;entuzi.0a;津津乐道[jīn jīn lè dào]
entuziasma;entuzi.0a;殷切[yīn qiè]
entuziasma;entuzi.0a;热心[rè xīn]
entuziasma;entuzi.0a;使振奋[shǐ zhèn fèn]
entuziasma;entuzi.0a;令人鼓舞[lìng rén gǔ wǔ]
entuziasma;entuzi.0a;慷慨激昂[kāng kǎi jī áng]
entuziasmi;entuzi.0i;迷[mí]
entuziasmi;entuzi.0i;兴高采烈[xìng gāo cǎi liè]
entuziasmi;entuzi.0i;眉飛色舞[méi fēi sè wǔ]
entuziasmigi;entuzi.0igi;使振奋[shǐ zhèn fèn]
entuziasmigi;entuzi.0igi;令人鼓舞[lìng rén gǔ wǔ]
entuziasmigi;entuzi.0igi;授意[shòu yì]
entuziasmiĝi;entuzi.0igxi;振奋[zhèn fèn]
entuziasmiĝi;entuzi.0igxi;愛好[ài hào]
entuziasmo;entuzi.0o;全神灌注[quán shén guàn zhù]
entuziasmo;entuzi.0o;激情[jī qíng]
entuziasmo;entuzi.0o;乾勁[gān jìng]
entuziasmo;entuzi.0o;热风[rè fēng]
entuziasmulo;;热心家[rè xīn jiā]
entuziasmulo;;狂热者[kuáng rè zhě]
entuziasmulo;;迷[mí]
entuziasmulo;;控[kòng]
enua;enu.0a;无趣[wú qù]
enua;enu.0a;悶人[mèn rén]
enua;enu.0a;枯燥的[kū zào de]
enua;enu.0a;烦人[fán rén]
enui;enu.0i;覺得很無聊[jué de hěn wú liáo]
enui;enu.0i;感到无聊[gǎn dào wú liáo]
enuiga;enu.0iga;悶人[mèn rén]
enuiga;enu.0iga;枯燥的[kū zào de]
enuiga;enu.0iga;令人厌烦[lìng rén yàn fán]
enuiga;enu.0iga;沒有意思[méi yǒu yì si]
enuigi;enu.0igi;鑽洞[zuān dòng]
enuo;enu.0o;窒息感[zhì xí gǎn]
enuo;enu.0o;厌烦[yàn fán]
enukleado;enukle.0ado;眼球摘除术[yǎn qiú zhāi chú shù]
enukleacio;enukle.0ado;眼球摘除术[yǎn qiú zhāi chú shù]
enverguro;enverg.0o;翼展[yì zhǎn]
enviema;envi.0ema;妒羡[dù xiàn]
enviema;envi.0ema;羡慕地[xiàn mù de]
enviema;envi.0ema;媢[mào]
envii;envi.0i.ion;眼紅[yǎn hóng]
envii;envi.0i.ion;妒[dù]
envii;envi.0i.ion;羡[xiàn]
envii;envi.0i.ion;羡慕[xiàn mù]
envii;envi.0i.ion;嫉妒[jí dù]
enviinda;envi.0inda;令人羡慕[lìng rén xiàn mù]
enviinda;envi.0inda;可羡慕[kě xiàn mù]
enviinda;envi.0inda;讓人羡慕[ràng rén xiàn mù]
envio;envi.0o;轝[yú]
enzimo;enzim.0o;酶[méi]
enzimo;enzim.0o;酵素[xiào sù]
epicentro;epicentr.0o;震中[zhèn zhōng]
epicentro;epicentr.0o;震央[zhèn yāng]
epicentro;epicentr.0o;地震震中[dì zhèn zhèn zhōng]
epidemia;epidem.0a;流行性[liú xíng xìng]
epidemio;epidem.0o;瘟[wēn]
epidemio;epidem.0o;疫病[yì bìng]
epidemio;epidem.0o;瘟疫[wēn yì]
epidemiologio;epidemiologi.0o;流行病学[liú xíng bìng xué]
epidermo;epider.0o;表皮[biǎo pí]
epifonemo;epifonem.0o;寓意[yù yì]
epigastro;epigas.0o;胃部[wèi bù]
epigloto;epiglo.0o;会厌[huì yàn]
epigrafo;epigra.0o;銘[míng]
epigrafo;epigra.0o;銘文[míng wén]
epigrafo;epigra.0o;銘刻[míng kè]
epigrafo;epigra.0o;題詞[tí cí]
epigramo;epigra1.0o;諷刺短詩[fèng cì duǎn shī]
epigramo;epigra1.0o;諺語[yàn yǔ]
Epikuro;epikur.0o;伊壁鳩魯[yī bì jiū lǔ]
epilepsio;epilep.0o;癫痫病[diān xián bìng]
epilepsio;epilep.0o;羊角風[yáng jiao fēng]
epilepsio;epilep.0o;痫[xián]
epilepsio;epilep.0o;癫痫[diān xián]
epilogo;epilog.0o;續集[xù jí]
epilogo;epilog.0o;余波[yú bō]
epilogo;;尾声[wěi shēng]
episkopo;episko.0o;主教[zhǔ jiào]
episkopujo;episko.0ujo;主教管区[zhǔ jiào guǎn qū]
epistemologio;epistemologi.0o;認識論[rèn shi lùn]
epistemologio;epistemologi.0o;科学哲学[kē xué zhé xué]
epitafo;;墓志铭[mù zhì míng]
epitelio;;上皮[shàng pí]
epitelio;;上皮組織[shàng pí zǔ zhī]
epiteto;epitet.0o;修飾語[xiū shì yǔ]
epitomo;epitom.0o;摘要[zhāi yào]
epitomo;epitom.0o;節本[jié běn]
epitomo;epitom.0o;節略[jié lüè]
epitomo;epitom.0o;简本[jiǎn běn]
epizodo;;插曲[chā qǔ]
epizodo;epizod.0o.KOMUNE;意外事件[yì wài shì jiàn]
epizodo;;次要情節[cì yào qíng jié]
epizodo;;逸事[yì shì]
epizootio;epizoo.0o;动物防疫[dòng wù fáng yì]
epokfara;epok.0fara;划时代[huà shí dài]
epokfara;epok.0fara;划时代的[huà shí dài de]
epokfara;epok.0fara;有历史性[yǒu lì shǐ xìng]
epoko;epok.0o;出现时间[chū xiàn shí jiān]
epoko;epok.0o;紀元[jì yuán]
bronzepoko;epok.bronz0o;青銅時代[qīng tóng shí dài]
ferepoko;epok.fer0o;鐵器時代[tiě qì shí dài]
glaciepoko;epok.glaci0o;冰河期[bīng hé qī]
glaciepoko;epok.glaci0o;冰雪时代[bīng xuě shí dài]
glacia epoko;epok.glaci0o;冰河期[bīng hé qī]
glacia epoko;epok.glaci0o;冰雪时代[bīng xuě shí dài]
kuprepoko;epok.kupr0o;紅銅時代[hóng tóng shí dài]
malnovepoko;epok.malnov0o;古董[gǔ dǒng]
malnovepoko;epok.malnov0o;古代史[gǔ dài shǐ]
malnovepoko;epok.malnov0o;古代[gǔ dài]
mezepoko;epok.mez0o;中世[zhōng shì]
mezepoko;epok.mez0o;中世紀[zhōng shì jì]
Nova Epoko;epok.nova0o;新紀元[xīn jì yuán]
Nova Epoko;epok.nova0o;新紀元運動[xīn jì yuán yùn dòng]
Novepokismo;epok.nova0o;新紀元[xīn jì yuán]
Novepokismo;epok.nova0o;新紀元運動[xīn jì yuán yùn dòng]
orepoko;epok.or0o;黃金時代[huáng jīn shí dài]
orepoko;epok.or0o;黃金時間[huáng jīn shí jiān]
praepoko;epok.pra0o;原始时代[yuán shǐ shí dài]
samepoka;epok.sam0a;輩[bèi]
samepoka;epok.sam0a;现代[xiàn dài]
ŝtonepoko;epok.sxton0o;石器时代[shí qì shí dài]
epoleto;epolet.0o;肩章[jiān zhāng]
epopeo;;史詩[shǐ shī]
erigi;er.0igi;破碎[pò suì]
erigi;er.0igi;成碎片[chéng suì piàn]
erigi;er.0igi;弄碎[nòng suì]
ero;er.0o;計件[jì jiàn]
ero;er.0o;一幅[yī fú]
ero;er.0o;一件[yī jiàn]
ero;er.0o;滑稽场面[huá ji chǎng miàn]
ero;er.0o;一团[yī tuán]
ero;er.0o;一把[yī bǎ]
ero;;碎屑[suì xiè]
ero;;面包屑[miàn bāo xiè]
ero;;滴[dī]
ero;;水滴[shuǐ dī]
ero;;粒[lì]
diserigi;er.dis0igi;磨碎[mò suì]
diseriĝema;er.dis0igxema;脆薄[cuì bó]
diseriĝema;er.dis0igxema;易破碎的[yì pò suì de]
diseriĝema;er.dis0igxema;脆的[cuì de]
diseriĝema;er.dis0igxema;不健全[bù jiàn quán]
diseriĝema;er.dis0igxema;酥脆[sū cuì]
diseriĝi;er.dis0igxi;腐朽化[fǔ xiǔ huà]
diseriĝi;er.dis0igxi;四分五裂[sì fēn wǔ liè]
diseriĝi;er.dis0igxi;破敝[pò bì]
diseriĝi;er.dis0igxi;崩[bēng]
ero;er1.0o;計時[jì shí]
ero;er1.0o;时光[shí guāng]
ero;er1.0o;年月[nián yue]
erao;era.0o.GEOL;紀元[jì yuán]
erao;era.0o.GEOL;卋[shì]
erao;era.0o.KAL;計時[jì shí]
erao;era.0o.epoko;紀元[jì yuán]
erao;era.0o.epoko;卋[shì]
erara;erar.0a;有故障[yǒu gù zhàng]
erara;erar.0a;如猫[rú māo]
erara;erar.0a;机诈[jī zhà]
erara;erar.0a;不实[bù shí]
erara;erar.0a;不对[bù duì]
erara;erar.0a;錯[cuò]
erara;erar.0a;有錯誤[yǒu cuò wù]
erara;erar.0a;欠缺[qiàn quē]
erara;erar.0a;不完全[bù wán quán]
erara;erar.0a;譌[é]
erara;erar.0a;贗[yàn]
erarema;erar.0ema;可能犯錯[kě néng fàn cuò]
erarema;erar.0ema;秀气[xiù qi]
erarema;erar.0ema;易发生错误[yì fā shēng cuò wù]
erarema;erar.0ema;易錯[yì cuò]
erari;erar.0i;犯錯[fàn cuò]
erari;erar.0i;弄錯[nòng cuò]
erari;erar.0i;想錯[xiǎng cuò]
erari;erar.0i;被誤導[bèi wù dǎo]
erarigi;erar.0igi;哄騙[hǒng piàn]
erarigi;erar.0igi;疑似[yí sì]
erarigi;erar.0igi;使人誤解[shǐ rén wù jiě]
erarigi;erar.0igi;令人迷惑[lìng rén mí huo]
erarigi;erar.0igi;易誤解[yì wù jiě]
erarigi;erar.0igi;虞[yú]
erarigi;erar.0igi;誆[kuāng]
eraro;erar.0o;紕[pī]
eraro;erar.0o;眚[shěng]
eraro;erar.0o;过错[guò cuò]
eraro;erar.0o;紕繆[pī miù]
eraro;erar.0o;錯[cuò]
eraro;erar.0o;失效亏值[shī xiào kuī zhí]
eraro;erar.0o;差誤[chā wù]
eraro;erar.0o;錯誤[cuò wù]
eraro;erar.0o;罪过[zuì guò]
eraro;erar.0o;闕[què]
eraro;erar.0o;窦[dòu]
senerara;erar.sen0a;沒有缺點[méi yǒu quē diǎn]
senerara;erar.sen0a;沒有錯誤[méi yǒu cuò wù]
senerara;erar.sen0a;无瑕[wú xiá]
senseraro;erar.sens0o.FIL;夢幻[mèng huàn]
senteraro;erar.sens0o.FIL;夢幻[mèng huàn]
Erasmo;erasm.0o;伊拉斯謨[yī lā sī mó]
erbio;erbi.0o;鉺[ěr]
erco;erc.0o;矿砂[kuàng shā]
erco;erc.0o;矿石[kuàng shí]
erekta;;剚[zì]
erekta;;勃起[bó qǐ]
erekto;;立起[lì qǐ]
erekto;;勃起[bó qǐ]
Erevano;erevan.0o.cxefurbo;埃裡溫[āi lǐ wēn]
Erfurto;erfurt.0o;艾尔福特[ài ěr fú tè]
Erfurto;erfurt.0o;埃尔富特[āi ěr fù tè]
ergonomia;ergonomi.0a;符合人体工程学[fú hé rén tǐ gōng chéng xué]
ergonomia;ergonomi.0a;人类工程学[rén lèi gōng chéng xué]
ergonomia;ergonomi.0a;符合人类工程学设计[fú hé rén lèi gōng chéng xué shè jì]
ergonomio;ergonomi.0o;人因工程学[rén yīn gōng chéng xué]
ergonomio;ergonomi.0o;人机工程学[rén jī gōng chéng xué]
ergonomio;ergonomi.0o;人体工程学[rén tǐ gōng chéng xué]
ergoto;ergot.0o.BOT;麥角症[mài jiǎo zhèng]
ergoto;ergot.0o.BOT;麥角[mài jiǎo]
Erio;eri.0o.granda_lago;伊利湖[yī lì hú]
erikejo;erik.0ejo;石南树[shí nán shù]
eriko;erik.0o;石南属[shí nán shǔ]
eriko;erik.0o;石南树[shí nán shù]
Eriko;erik1.0o;埃裡克[āi lǐ kè]
erikacoj;erikac.0oj;杜鵑花科[dù juān huā kē]
erinaco;erinac.0o;刺猬[cì wèi]
marerinaco;erinac.mar0o;海胆纲[hǎi dǎn gāng]
marerinaco;erinac.mar0o;海胆[hǎi dǎn]
erinacedoj;erinac1.0oj;猬科[wei kē]
Eritreo;eritre.E0o.GEOG;厄立特裡亞[è lì tè lǐ yà]
Eritreo;eritre.E0o.GEOG;厄利垂亞国[è lì chuí yà guó]
Eritreo;eritre.E0o.GEOG;厄利垂亚[è lì chuí yǎ]
Eritreo;eritre.E0o.GEOG;厄立特例亚[è lì tè lì yà]
eritrocito;eritrocit.0o;紅血球[hóng xiě qiú]
ermeno;ermen.0o;法官职位[fǎ guān zhí wèi]
ermeno;ermen.0o;鼪[shēng]
ermito;ermit.0o.REL;山人[shān rén]
ermito;ermit.0o.REL;隐居者[yǐn jū zhě]
ermito;ermit.0o.REL;隐士[yǐn shì]
ermito;ermit.0o.REL;行者[xíng zhě]
ermito;ermit.0o.FIG;独行侠[dú xíng xiá]
ermito;ermit.0o.FIG;孤独的人[gū dú de rén]
Ernesto;ernest.0o;恩斯特[ēn sī tè]
Eroso;eros.0o;厄洛斯[è luò sī]
erotika;erotik.0a;艳情[yàn qíng]
erota;erotik.0a;艳情[yàn qíng]
erotiko;erotik.0o;情色[qíng sè]
erotiko;erotik.0o;性感[xìng gǎn]
erozii;erozi.0i;侵蚀[qīn shí]
erozii;;侵蚀[qīn shí]
erozio;erozi.0o;冲刷[chōng shuà]
erozio;erozi.0o;冲蚀[chōng shí]
erpi;erp.0i;耙地[bà dì]
erpilo;erp.0ilo;鐵耙[tiě bà]
erpilo;erp.0ilo;耙子[pá zi]
erpilo;erp.0ilo;耙[bà]
erpilo;erp.0ilo;耰[yōu]
erpilo;erp.0ilo;櫌[yōu]
erudicio;erudic.0o;学识[xué shí]
erudiciulo;erudic.0ulo;先賢[xiān xián]
erudito;erudit.0o;先賢[xiān xián]
erupcii;erupci.0i;勃发[bó fā]
erupcio;erupci.0o.GEOL;火山爆发[huǒ shān bào fā]
erupcio;erupci.0o.GEOL;火山喷发[huǒ shān pēn fā]
escepta;escept.0a;非同寻常[fēi tóng xún cháng]
escepta;escept.0a;非同一般[fēi tóng yì bān]
escepta;escept.0a;珍奇[zhēn qí]
escepta;escept.0a;特殊[té shú]
escepte;;只有一次[zhǐ yǒu yī cì]
escepte;;破例[pò lì]
escepte de;escept.0ede;其外[qí wài]
escepti;escept.0i;关在门外[guān zài mén wài]
escepto;escept.0o;免責條款[miǎn zé tiáo kuǎn]
escepto;escept.0o;特採[tè cǎi]
escepto;escept.0o;例外[lì wài]
escepto;escept.0o;例外情况[lì wài qíng kuàng]
escepto;escept.0o;专案[zhuān àn]
senescepte;escept.sen0e;无例外[wú lì wài]
senescepte;escept.sen0e;无异议[wú yì yì]
senescepte;escept.sen0e;全体一致[quán tǐ yī zhì]
senescepte;escept.sen0e;俱[jù]
senescepte;escept.sen0e;无不[wú bù]
eseo;ese.0o;杂文[zá wén]
eseo;ese.0o;文翰[wén hàn]
esenca;esenc.0a;大幅[dà fú]
esenca;esenc.0a;必備[bì bèi]
esenca;esenc.0a;实质[shí zhí]
esenca;esenc.0a;基本[jī běn]
esenca;esenc.0a;枢[shū]
esencismo;esenc.0ismo;本質主義[běn zhì zhǔ yì]
esenco;esenc.0o;真髓[zhēn suǐ]
esenco;esenc.0o;关键要素[guān jiàn yào sù]
esenco;esenc.0o;精华[jīng huá]
esenco;esenc.0o;精英[jīng yīng]
Esfahano;esfahan.0o;伊斯法罕[yī sī fǎ hǎn]
esĥatologio;eshxatologi.0o;末日論[mò rì lùn]
eskatologio;eshxatologi.0o;末日論[mò rì lùn]
Esĥilo;eshxil.0;埃斯库罗斯[āi sī kù luó sī]
eskadro;eskadr.0o;分遣队[fèn qiǎn duì]
eskadro;eskadr.0o;飛行中隊[fēi xíng zhōng duì]
eskadro;eskadr.0o;中队[zhōng duì]
eskadro;eskadr.0o;空军中队[kōng jūn zhōng duì]
eskadro;eskadr.0o;騎兵中隊[qí bīng zhōng duì]
eskadro;eskadr.0o;空军大队[kōng jūn dà duì]
eskadro;eskadr.0o;联队[lián duì]
eskalo;eskal.0o.FIG;梯[tī]
eskalopo;eskalop.0o;細片[xì piàn]
eskalopo;eskalop.0o;碎布条[suì bù tiáo]
eskapi;eskap.0i;脫[tuō]
eskapi;eskap.0i;逃脫[táo tuō]
eskapi;eskap.0i;遁[dùn]
eskapi;eskap.0i;逸[yì]
eskapi;eskap.0i;逃狱[táo yù]
eskapi;eskap.0i;挩[tuō]
eskapi;eskap.0i;遯[dùn]
eskapi;eskap.0i;脫逃[tuō táo]
eskapi;eskap.0i;跑[pǎo]
eskapi;eskap.0i;逃[táo]
eskapi;eskap.0i;逃离[táo lí]
eskapi;eskap.0i;脫出[tuō chū]
eskapi;eskap.0i;逃出[táo chū]
eskapi;eskap.0i;跳脫[tiào tuō]
eskapi;eskap.0i;搪[táng]
eskapi;eskap.0i;溜[liū]
eskapi;eskap.0i;逃之夭夭[táo zhī yāo yāo]
eskapo;eskap.0o;逃离[táo lí]
eskimo;eskim.0o;愛斯基摩[ài sī jī mó]
eskimo;eskim.0o;愛斯基摩人[ài sī jī mó rén]
eskimo;eskim.0o;伊奴依[yī nú yī]
eskorti;;押[yā]
eskorto;;护送[hù sòng]
eskviro;eskvir.0o;护花使者[hù huā shǐ zhě]
eskviro;eskvir.0o;乡绅[xiāng shēn]
esotera;esoter.0a;秘传[mì chuán]
esoterismo;esoter.0ismo;奥秘读物[ào mì dú wù]
espereble;esper.0eble;但愿[dàn yuàn]
esperiga;esper.0iga;有为[yǒu wéi]
esperiga;esper.0iga;祥瑞[xiáng ruì]
esperiga;esper.0iga;充满希望[chōng mǎn xī wàng]
esperiga;esper.0iga;可以預見[kě yǐ yù jiàn]
esperiga;esper.0iga;大有希望[dà yǒu xī wàng]
espero;esper.0o;寄予厚望的人[jì yú hòu wàng de rén]
espero;esper.0o;期望[qī wàng]
espero;esper.0o;鳌头儿[áo tóu r]
espero;esper.0o;指望[zhǐ wàng]
malesperi;esper.mal0i;嗒[tà]
malespera;;要死要活[yào sǐ yào huó]
malespera;;亡命[wáng mìng]
malespera;;拼命地[pīn mìng de]
malespero;esper.mal0o;慾絕[yù jué]
malespero;esper.mal0o;絕望[jué wàng]
malespero;esper.mal0o;烦闷[fán mēn]
Esperanto;espera.0o;世界語[shì jiè yǔ]
esplorema;;好奇[hào qí]
esplori;esplor.0i;审察[shěn chá]
esplori;esplor.0i;探索[tàn suǒ]
esplori;esplor.0i;訪[fǎng]
esplori;esplor.0i;研[yán]
esplori;esplor.0i;辨證[biàn zhèng]
esplori;esplor.0i;讅[shěn]
esplori;esplor.0i;究[jiū]
esplori;esplor.0i;追查[zhuī chá]
esplori;esplor.0i;勘测[kān cè]
esplori;esplor.0i;糾[jiū]
esplori;esplor.0i;审[shěn]
esplori;esplor.0i;审查[shěn chá]
esploro;;勘察[kān chá]
esploro;;科研活动[kē yán huó dòng]
esprimi;esprim.0i;寄予[jì yǔ]
esprimi;esprim.0i;抒发[shū fā]
esprimi;esprim.0i;用語言表達[yòng yǔ yán biǎo dá]
esprimi;esprim.0i;口头表达[kǒu tóu biǎo dá]
esprimi;esprim.0i;名状[míng zhuàng]
esprimi;esprim.0i;表明[biǎo míng]
esprimi;esprim.0i;挤出排挤[jǐ chū pái jǐ]
esprimi;esprim.0i;抒[shū]
esprimi;esprim.0i;表示[biǎo shì]
esprimismo;esprim.0ismo.BELA;表现主义[biǎo xiàn zhǔ yì]
esprimo;esprim.0o;表达式[biǎo dá shì]
esprimo;esprim.0o;晶光[jīng guāng]
esprimo;esprim.0o;花柱[huā zhù]
esprimo;esprim.0o;語氣[yǔ qì]
vizaĝesprimo;;顏色[yán sè]
vizaĝesprimo;;神[shén]
vizaĝesprimo;;神色[shén sè]
vizaĝesprimo;;神态[shén tài]
estadi;;遛[liù]
estadi;;停留[tíng liú]
estaĵo;est.0ajxo;创造物[chuàng zào wù]
estanta;est.0anta.TEMP;目前[mù qián]
estanta;est.0anta.TEMP;当今世界里[dāng jīn shì jiè lǐ]
estanta;est.0anta.TEMP;当今世界上[dāng jīn shì jiè shàng]
estanta;est.0anta.TEMP;时下[shí xià]
estanteco;est.0anteco;现状[xiàn zhuàng]
estigi;est.0igi;出头[chū tóu]
estigi;est.0igi;惹起[rě qǐ]
estigi;est.0igi;唤起[huàn qǐ]
estigi;est.0igi;伻[bēng]
estigi;est.0igi;制作[zhì zuò]
estigi;est.0igi;制造[zhì zào]
estigi;est.0igi;艁[zào]
estiĝi;;生成[shēng chéng]
estinta;est.0inta.TEMP;前次[qián cì]
estinta;est.0inta.TEMP;逝去[shì qù]
estinta;est.0inta.TEMP;昔[xī]
estinta;est.0inta.TEMP;上次[shàng cì]
estinteco;est.0inteco;往昔[wǎng xí]
estinteco;est.0inteco;往事[wǎng shì]
estonta;est.0onta.TEMP;今后[jīn hòu]
estonta;est.0onta.TEMP;未來[wèi lái]
estonteco;est.0onteco;前程[qián chéng]
estonteco;est.0onteco;前途[qián tú]
estonteco;est.0onteco;未來[wèi lái]
estulo;est.0ulo;生灵[shēng líng]
ĉeesti;est.cxe0i;喺[xǐ]
ĉeesti;est.cxe0i;在座[zài zuò]
ĉeesti;est.cxe0i;一边‥一边[yì biān ‥ yì biān]
ekesti;;兴起[xīng qǐ]
ekesti;;生成[shēng chéng]
foresti;est.for0i;离开[lí kāi]
foresto;est.for0o;缺席[quē xí]
kunesti;;一边‥一边[yì biān ‥ yì biān]
malesti;est.mal0i;未結束[wèi jié shù]
malesti;est.mal0i;不能利用[bù néng lì yòng]
malesti;est.mal0i;缺少[quē shǎo]
malesti;est.mal0i;有缺陷[yǒu quē xiàn]
malesti;est.mal0i;脫[tuō]
tio estas;est.tio0as;就是說[jiù shì shuō]
tio estas;est.tio0as;这意味着[zhè yì wèi zhuó]
establaĵo;establ.0ajxo;体势[tǐ shì]
establaĵo;establ.0ajxo;警報[jǐng bào]
establaĵo;establ.0ajxo;設備[shè bei]
establaĵo;establ.0ajxo;設施[shè shī]
establaĵo;establ.0ajxo;保护者[bǎo hù zhě]
establejo;establ.0ejo;移民区[yí mín qū]
establejo;establ.0ejo;殖民地[zhí mín dì]
establejo;establ.0ejo;租界[zū jiè]
establejo;establ.0ejo;开业[kāi yè]
establi;establ.0i;建立[jiàn lì]
establi;establ.0i;組建[zǔ jiàn]
establiĝi;establ.0igxi;定居下來[dìng jū xià lái]
establiĝi;establ.0igxi;落戶[luò hù]
establo;;調整過程[tiáo zhěng guò chéng]
establo;;同意給予[tóng yì jǐ yǔ]
establo;;讓與[ràng yǔ]
establo;;柢[dǐ]
establo;;基[jī]
estero;ester.0o;酯[zhǐ]
estetika;esteti.0a;审美地[shěn měi de]
estetika;esteti.0a;审美[shěn měi]
estetika;esteti.0a;悅目[yuè mù]
estetika;esteti.0a;美觀[měi guān]
estetiko;esteti.0o;审美学[shěn měi xué]
estetiko;esteti.0o;美学[měi xué]
estimi;estim.0i;珍愛[zhēn ài]
estimi;estim.0i;重視[zhòng shì]
estimi;estim.0i;高度評價[gāo dù píng jià]
estiminda;estim.0inda;値得尊重[zhí de zūn zhòng]
estimo;estim.0o;敬意[jìng yì]
estimo;estim.0o;欣賞力[xīn shǎng lì]
malestime;estim.mal0e;充满蔑视[chōng mǎn miè shì]
malestime;estim.mal0e;輕蔑[qīng miè]
malestime;estim.mal0e;輕慢[qīng màn]
malestimi;estim.mal0i;鄙視[bǐ shì]
malestimi;estim.mal0i;蔑視[miè shì]
malestimi;estim.mal0i;漠視[mò shì]
malestimi;estim.mal0i;歧視[qí shì]
malestimigi;estim.mal0igi;嘲[cháo]
malestimigi;estim.mal0igi;闹笑话[nào xiào huà]
malestimigi;estim.mal0igi;闹出笑话[nào chū xiào hua]
malestimigi;estim.mal0igi;貽笑[yí xiào]
malestimigi;estim.mal0igi;现眼[xiàn yǎn]
malestimigi;estim.mal0igi;露丑[lòu chǒu]
malestiminda;estim.mal0inda;狰[zhēng]
malestimo;estim.mal0o;嫌恶[xián wu]
malestimo;estim.mal0o;厌恶[yàn wù]
malestimo;estim.mal0o;恨恶[hèn wù]
memestimo;estim.mem0o;自尊[zì zūn]
memestimo;estim.mem0o;自尊心[zì zūn xīn]
memestimo;estim.mem0o;自愛[zì ài]
memestimo;estim.mem0o;自重[zì zhòng]
estingi;esting.0i;擦除[cā chú]
estingi;esting.0i;擦写[cā xiě]
estingi;esting.0i;删[shān]
estingi;esting.0i;誅滅[zhū miè]
estingi;esting.0i;泯[mǐn]
estingi;esting.0i;熸[jiān]
estingi;esting.0i;熄[xī]
estingi;esting.0i;冲掉[chōng diào]
estingi;esting.0i;删除图文[shān chú tú wén]
estingiĝi;esting.0igxi;闌珊[lán shān]
estingiĝi;esting.0igxi;消亡[xiāo wáng]
estingiĝi;esting.0igxi;終止[zhōng zhǐ]
estingiĝi;esting.0igxi;滅亡[miè wáng]
brulestingisto;esting.brul0isto;消防员[xiāo fáng yuán]
brulestingisto;esting.brul0isto;消防队员[xiāo fáng duì yuán]
brulestingisto;esting.brul0isto;消防人员[xiāo fáng rén yuán]
fajrestingilo;esting.fajr0ilo;滅火器[miè huǒ qì]
estono;eston.0o;愛沙尼亞人[ài shā ní yà rén]
esto;eston.0o;愛沙尼亞人[ài shā ní yà rén]
Estonujo;eston.E0ujo;愛沙尼亞[ài shā ní yà]
Estonio;estoni.E0o;愛沙尼亞[ài shā ní yà]
estrado;estr.0ado;經營方式[jīng yíng fāng shì]
estrarano;;董事[dǒng shì]
estrarano;;董事会成员[dǒng shì huì chéng yuán]
estraro;estr.0aro;监事会[jiān shì huì]
estreco;estr.0eco;經營方式[jīng yíng fāng shì]
estri;;带领[dài lǐng]
estri;;导[dǎo]
estri;;領導[lǐng dǎo]
estro;estr.0o;主席[zhǔ xí]
estro;estr.0o;委员长[wěi yuán zhǎng]
estro;estr.0o;領袖[lǐng xiù]
estrado;estrad.0o;主席台[zhǔ xí tái]
estrado;estrad.0o;戏台[xì tái]
estrado;estrad.0o;主席臺[zhǔ xí tái]
estrado;estrad.0o;指挥台[zhǐ huī tái]
estrado;estrad.0o;講台[jiǎng tái]
estrado;estrad.0o;平台[píng tái]
estriolo;estriol.0o;雌三醇[cí sān chún]
estrogeno;estrogen.0o;雌性激素[cí xìng jī sù]
estrogeno;estrogen.0o;动情激素[dòng qíng jī sù]
estrogeno;estrogen.0o;雌激素[cí jī sù]
estuaro;estuar.0o;河口湾[hé kǒu wān]
eta;et.0a;略小[lüè xiǎo]
eta;et.0a;細小[xì xiǎo]
eta;et.0a;体积小[tǐ jī xiǎo]
eta;et.0a;俴[jiàn]
eta;et.0a;矬[cuó]
eta;et.0a;更小[gèng xiǎo]
eta;et.0a;更无足轻重[gèng wú zú qīng chóng]
eta;et.0a;不明显[bù míng xiǎn]
eta;et.0a;裨[pí]
eta;et.0a;芾[fèi]
etigi;et.0igi;使变小[shǐ biàn xiǎo]
etigi;et.0igi;比例縮小[bǐ lì suō xiǎo]
etigi;et.0igi;减小[jiǎn xiǎo]
etaĝo;etagx.0o.ARKI;楼板[lóu bǎn]
etaĝo;etagx.0o.ARKI;楼面[lóu miàn]
etaĝo;etagx.0o.ARKI;楼[lóu]
beletaĝo;etagx.bel0o;二楼[èr lóu]
interetaĝo;etagx.inter0o;中层楼[zhōng céng lóu]
interetaĝo;etagx.inter0o;舞台下面[wǔ tái xià mian]
interetaĝo;etagx.inter0o;夹楼[jiā lóu]
interetaĝo;etagx.inter0o;戏院最底层楼厅[xì yuàn zuì dǐ céng lóu tīng]
duonetaĝo;etagx.inter0o;中层楼[zhōng céng lóu]
duonetaĝo;etagx.inter0o;舞台下面[wǔ tái xià mian]
duonetaĝo;etagx.inter0o;夹楼[jiā lóu]
duonetaĝo;etagx.inter0o;戏院最底层楼厅[xì yuàn zuì dǐ céng lóu tīng]
subteretaĝo;etagx.subter0o;窨[yìn]
subetaĝo;etagx.subter0o;窨[yìn]
teretaĝo;etagx.ter0o;一楼[yī lóu]
teretaĝo;etagx.ter0o;底楼[dǐ lóu]
teretaĝo;etagx.ter0o;一层[yī céng]
etaĝero;;貨架[huò jià]
etano;etan.0o;乙烷[yǐ wán]
etanolo;etanol.0o.KEM;乙醇[yǐ chún]
etapo;etap.0o.stadio;空間段[kōng jiān duàn]
etapo;etap.0o.stadio;时间段[shí jiān duàn]
etapo;etap.0o.stadio;給養站[gěi yǎng zhàn]
etapo;etap.0o.stadio;单足跳[dān zú tiào]
etapo;etap.0o.stadio;阶段[jiē duàn]
etato;etat.0o;預算計劃[yù suàn jì huà]
bienetato;etat.bien0o;地籍[dì jí]
bienetato;etat.bien0o;土地冊[tǔ dì cè]
etendaĵo;etend.0ajxo;中間擴展接點[zhōng jiān kuò zhǎn jiē diǎn]
etendaĵo;etend.0ajxo;扩增[kuò zēng]
etendi;etend.0i.FIG;扬[yáng]
etendi;etend.0i.FIG;鋪[pū]
etendi;etend.0i.FIG;挓[zhā]
etendi;etend.0i.FIG;增[zēng]
etendi;etend.0i.FIG;恣肆[zì sì]
etendi;etend.0i.FIG;菶[běng]
etendi;etend.0i.FIG;壮大[zhuàng dà]
etendi;etend.0i.FIG;拓[tuò]
etendiĝi;etend.0igxi.FIG;流布[liú bù]
etendiĝi;etend.0igxi.FIG;散发[sàn fā]
sin etendi;etend.sin0i.disvastigxi;綿延[mián yán]
sin etendi;etend.sin0i.disvastigxi;伸向[shēn xiàng]
sin etendi;etend.sin0i.disvastigxi;辽阔[liáo kuò]
sin etendi;etend.sin0i.disvastigxi;延伸[yán shēn]
sin etendi;etend.sin0i.disvastigxi;升懒腰[shēng lǎn yāo]
sin etendi;etend.sin0i.disvastigxi;横跨[héng kuà]
etero;eter.0o.FIL;以太[yǐ tài]
etero;eter.0o.FIL;乙太[yǐ tài]
etero;eter.0o.FIL;乙醚[yǐ mí]
etero;eter.0o.FIL;太空[tài kōng]
eterna;etern.0a;千古[qiān gǔ]
eterna;etern.0a;永世[yǒng shì]
eterna;etern.0a;永久[yǒng jiǔ]
eterna;etern.0a;永[yǒng]
eterna;etern.0a;持續不斷[chí xù bù duàn]
eterna;etern.0a;永恆[yǒng héng]
Eternulo;etern.0ulo;上帝[shàng dì]
etiko;etik.0o;伦理[lún lǐ]
etika;;人种[rén zhǒng]
etika;;民族[mín zú]
etikedi;etiked.0i;貼標籤[tiē biāo qiān]
etikedo;etiked.0o.karteto;盾[dùn]
etikedo;;牌子[pái zi]
etikedo;;礼节[lǐ jié]
etiketo;etiket.0o.MOR;牌子[pái zi]
etiketo;etiket.0o.MOR;礼节[lǐ jié]
etilo;etil.0o;乙基[yǐ jī]
etileno;etilen.0o;乙烯[yǐ xī]
etimologio;etimol.0o;語源[yǔ yuán]
etimologio;etimol.0o;語源學[yǔ yuán xué]
etiopo;etiop.0o;埃塞俄比亚人[āi sāi é bǐ yà rén]
Etiopujo;etiop.E0ujo.GEOG;埃塞俄比亚[āi sài é bǐ yà]
Etiopio;etiopi.E0o;埃塞俄比亚[āi sài é bǐ yà]
etna;etn.0a;人种[rén zhǒng]
etna;etn.0a;民族[mín zú]
etno;etn.0o;族群[zú qún]
etno;etn.0o;部落[bù luò]
etnogenezo;etn.0ogenezo;种系发生[zhǒng xì fā shēng]
etnografio;etnogr.0o;民族志[mín zú zhì]
etnologo;etnolo.0o;民族学者[mín zú xué zhě]
etnologiisto;etnolo1.0isto;民族学者[mín zú xué zhě]
etnologio;etnolo1.0o;民俗[mín sú]
etnologio;etnolo1.0o;人种学[rén zhǒng xué]
etnologio;etnolo1.0o;民族学[mín zú xué]
etologio;etolog.0o;动物行为学[dòng wù xíng wéi xué]
etoso;etos.0o;气氛[qì fēn]
bonetosa;etos.bon0a;舒适地[shū shì de]
bonetosa;etos.bon0a;舒心[shū xīn]
etudo;etud.0o;練習曲[liàn xí qǔ]
eŭfemismo;euxfem.0o;委婉[wěi wǎn]
eŭfemismo;euxfem.0o;婉辞[wǎn cí]
eŭfemismo;euxfem.0o;委婉[wēi wǎn]
eŭforbio;;大戟属[dà jǐ shǔ]
eŭforio;euxfori.0o;安乐感[ān lè gǎn]
eŭforio;euxfori.0o;欣快[xīn kuài]
eŭforio;euxfori.0o;得意洋洋[dé yì yáng yáng]
eŭforio;euxfori.0o;陶醉[táo zuì]
eŭforio;euxfori.0o;乐观情绪[lè guān qíng xù]
eŭforio;euxfori.0o;高昂[gāo áng]
eŭforio;euxfori.0o;炒作[chǎo zuò]
Eŭfrato;euxfrat.E0o;幼发拉底河[yòu fā lā dǐ hé]
eŭgeniko;euxgen.0o;优生学[yōu shēng xué]
Eŭgeno;euxgen1.0o;尤金[yóu jīn]
eŭkalipto;euxkal.0o;桉[ān]
eŭkarioto;euxkariot.0o.BIO;真核生物[zhēn hé shēng wù]
eŭkarioto;euxkariot.0o.BIO;原生生物[yuán shēng shēng wù]
Eŭklido;euxkli.0o;欧几里德[ōu jī lǐ dé]
Eŭlero;euxler.0o;欧拉[ōu lā]
eŭnuko;euxnuk.0o;奄人[yǎn rén]
eŭnuko;euxnuk.0o;太监[tài jiàn]
eŭnuko;euxnuk.0o;珰[dāng]
eŭnuko;euxnuk.0o;閹[yān]
eŭro;euxr.0o;欧元[ōu yuán]
Eŭrazio;euxraz.E0o;亚欧大陆[yà ōu dà lù]
Eŭrazio;euxraz.E0o;欧亚大陆[ōu yà dà lù]
Eŭripido;euxripid.0o;欧里庇得斯[ōu lǐ bì děi sī]
eŭropio;euxrop.0o;銪[yǒu]
eŭropa;euxrop1.0a;欧洲人[ōu zhōu rén]
eŭropa;euxrop1.0a;泰西[tài xī]
Eŭropo;euxrop1.E0o;欧洲[ōu zhōu]
Eŭropo;euxrop1.E0o;欧[ōu]
eŭsko;euxsk.0o;位于西班牙[wèi yú xī bān yá]
eŭsko;euxsk.0o;巴斯克人[bā sī kè rén]
Eŭskujo;euxsk.K0ujo;巴斯克[bā sī kè]
Eŭskujo;euxsk.K0ujo;巴斯克地区[bā sī kè de qū]
Eŭskio;euxski.0o;巴斯克[bā sī kè]
Eŭskio;euxski.0o;巴斯克地区[bā sī kè de qū]
eŭtanazio;euxtanazi.0o.MED;安乐死[ān lè sǐ]
evakuo;evaku.0o;把人全赶出[bǎ rén quán gǎn chū]
evakuo;evaku.0o;疏散[shū sàn]
evakuo;evaku.0o;淸出[qīng chū]
evangelia;evange.0a;新教[xīn jiào]
evangeliisto;;福音书的作者[fú yīn shū de zuò zhě]
evangelio;evange.0o;真理[zhēn lǐ]
evangelio;evange.0o;基督教的教义[jī dū jiào de jiào yì]
evangelio;evange.0o;四福音书[sì fú yīn shū]
evangelio;evange.0o;福音文[fú yīn wén]
evangelio;evange.0o;信条[xìn tiáo]
evangelio;evange.0o;福音书[fú yīn shū]
evangelio;evange.0o;福音[fú yīn]
evento;event.0o;升降索[shēng jiàng suǒ]
evento;event.0o;事件[shì jiàn]
evento;event.0o;发生的事情[fā shēng de shì qing]
evento;event.0o;見識[jiàn shi]
evento;event.0o;經歷[jīng lì]
evento;event.0o;亊[shì]
eventuala;eventu.0a;說不定[shuō bu dìng]
eventuala;eventu.0a;潛力[qián lì]
eventualaĵo;eventu.0ajxo;不可預見費[bù kě yù jiàn fèi]
eventualaĵo;eventu.0ajxo;可能性[kě néng xìng]
eventualaĵo;eventu.0ajxo;万一[wàn yī]
eventualo;eventu.0ajxo;不可預見費[bù kě yù jiàn fèi]
eventualo;eventu.0ajxo;可能性[kě néng xìng]
eventualo;eventu.0ajxo;万一[wàn yī]
eventuale;eventu.0e;难道[nán dào]
eventuale;eventu.0e;有可能[yǒu kě néng]
eventuale;eventu.0e;莫非[mò fēi]
Everesto;everest.0o;珠峰[zhū fēng]
Everesto;everest.0o;珠穆朗玛峰[zhū mù lǎng mǎ fēng]
Everesto;everest.0o;珠穆朗玛[zhū mù lǎng mǎ]
evidenta;eviden.0a;看把[kàn bǎ]
evidenta;eviden.0a;显而易见[xiǎn ér yì jiàn]
evidenta;eviden.0a;彰彰[zhāng zhāng]
evidenta;eviden.0a;显见[xiǎn jiàn]
evidenta;eviden.0a;显然[xiǎn rán]
evidenta;eviden.0a;明显地[míng xiǎn de]
evidenta;eviden.0a;明显[míng xiǎn]
evidenta;eviden.0a;显明[xiǎn míng]
evidente;eviden.0e;明显地[míng xiǎn de]
evidentiĝi;;浮出水面[fú chū shuǐ miàn]
evitebla;evit.0ebla;可防止[kě fáng zhǐ]
evitebla;evit.0ebla;可避免[kě bì miǎn]
evitebla;evit.0ebla;可規避[kě guī bì]
evitebla;evit.0ebla;可逃避[kě táo bì]
evitebla;evit.0ebla;可預防[kě yù fáng]
eviti;evit.0i;迴避[huí bì]
eviti;evit.0i;免[miǎn]
eviti;evit.0i;辟[bì]
eviti;evit.0i;規避[guī bì]
eviti;evit.0i;避免[bì miǎn]
maleviti;evit.mal0i.KOMUNE;闖[chuǎng]
maleviti;;傲[ào]
maleviti;;面临[miàn lín]
maleviti;;相反[xiāng fǎn]
neevitebla;evit.ne0ebla.KOMUNE;免不了[miǎn bu liǎo]
neevitebla;evit.ne0ebla.KOMUNE;不可避免地[bù kě bì miǎn de]
neevitebla;evit.ne0ebla.KOMUNE;在所难免[zài suǒ nán miǎn]
neevitebla;evit.ne0ebla.KOMUNE;不能避免[bù néng bì miǎn]
neevitebla;evit.ne0ebla.KOMUNE;逃不掉[táo bù diào]
neevitebla;evit.ne0ebla.KOMUNE;不可缺少[bù kě quē shǎo]
neeviteblo;evit.ne0eblo;不可逃避[bù kě táo bì]
neeviteblo;evit.ne0eblo;无法逃避之事[wú fǎ táo bì zhī shì]
evolui;evolu.0i;变[biàn]
evolui;evolu.0i;慢性[màn xìng]
evolui;evolu.0i;滋長[zī zhǎng]
evolui;evolu.0i;渐进[jiàn jìn]
evolui;evolu.0i;生長[shēng zhǎng]
evoluigi;evolu.0igi;籀[zhòu]
evoluigi;evolu.0igi;拓[tuò]
evoluigi;evolu.0igi;衍[yǎn]
evoluismo;evolu.0ismo;进化论[jìn huà lùn]
teorio de evoluo;evolu.0ismo;进化论[jìn huà lùn]
evoluo;evolu.0o.disvolvigxo;进化[jìn huà]
evoluo;evolu.0o.disvolvigxo;演化[yǎn huà]
evoluo;evolu.0o.disvolvigxo;演进[yǎn jìn]
evoluo;evolu.0o.disvolvigxo;沿革[yán gé]
evoluo;evolu.0o.disvolvigxo;增長[zēng zhǎng]
evoluo;evolu.0o.disvolvigxo;演变[yǎn biàn]
evolucii;evoluc.0i;变[biàn]
evolucii;evoluc.0i;生長[shēng zhǎng]
evolucio;evoluc.0o;进化[jìn huà]
evolucio;evoluc.0o;演化[yǎn huà]
evolucio;evoluc.0o;沿革[yán gé]
evoluto;evolut.0o;渐屈线[jiàn qū xiàn]
evolvento;evolve.0o;渐开线[jiān kāi xiàn]
ezofago;ezofag.0o;食道[shí dào]
ezofago;ezofag.0o;食管[shí guǎn]
ezoko;ezok.0o;長矛[cháng máo]
ezoko;ezok.0o;狗魚[gǒu yú]
