vaĉi;vacx.0i;守望[shǒu wàng]
vaĉi;vacx.0i;放哨[fàng shào]
vadejo;vad.0ejo.SPO;浅水池[qiǎn shuǐ chí],淺水池[qiǎn shuǐ chí]
vadejo;vad.0ejo.SPO;气水池[qì shuǐ chí],氣水池[qì shuǐ chí]
vadejo;vad.0ejo.travadejo;涉过[shè guò],涉過[shè guò]
vadi;vad.0i.KOMUNE;蹚[tāng]
vadi;vad.0i.KOMUNE;在水步行[zài shuǐ bù xíng]
travadejo;vad.tra0ejo;津[jīn]
travadejo;vad.tra0ejo;涉过[shè guò],涉過[shè guò]
Vaduzo;vaduz.0o;瓦都兹[Wǎ dū zī],瓦都茲[Wǎ dū zī]
Vaduzo;vaduz.0o;瓦杜兹[Wǎ dù zī],瓦杜茲[Wǎ dù zī]
vaflo;vafl.0o;华夫[huá fū],華夫[huá fū]
vaflo;vafl.0o;松饼[sōng bǐng],鬆餅[sōng bǐng]
vaflo;vafl.0o;窝夫[wō fū],窩夫[wō fū]
vaflo;vafl.0o;威化餅[wēi huà bǐng],威化饼[wēi huà bǐng]
vaflo;vafl.0o;烘餅[hōng bǐng],烘饼[hōng bǐng]
vaflo;vafl.0o;华夫饼[huá fū bǐng],華夫餅[huá fū bǐng]
vaflo;vafl.0o;薄餅乾[báo bǐng gān],薄饼干[báo bǐng gān]
vagi;vag.0i;漫游[màn yóu],漫遊[màn yóu]
vagi;vag.0i;敖[áo]
vagi;vag.0i;浪荡[làng dàng],浪蕩[làng dàng]
vagi;vag.0i;逛逛[guàng guang]
vagi;vag.0i;游荡[yóu dàng],遊蕩[yóu dàng]
vagi;vag.0i;神聊[shén liáo]
vagado;vag.0o;流浪[liú làng]
forvagi;vag.for0i;离题[lí tí],離題[lí tí]
forvagi;vag.for0i;漫无边际[màn wú biān jì],漫無邊際[màn wú biān jì]
gapvagi;vag.gap0i;遛[liù]
gapvagi;vag.gap0i;閑逛[xián guàng],闲逛[xián guàng]
gapvagi;vag.gap0i;徐步[xú bù]
gapvagi;vag.gap0i;蹓[liù]
gapvagi;vag.gap0i;溜达[liù da],溜達[liù da]
gapvagi;vag.gap0i;忀[xiāng]
vagabondi;vagabond.0i;流浪[liú làng]
vagabondo;vagabond.0o;流浪汉[liú làng hàn],流浪漢[liú làng hàn]
vagabondo;vagabond.0o;漂泊[piāo bó]
vagabondo;vagabond.0o;游民[yóu mín],遊民[yóu mín]
vagabondo;vagabond.0o;浪人[làng rén]
vagabondo;vagabond.0o;吉普賽[jí pǔ sài],吉普赛[jí pǔ sài]
vagabondo;vagabond.0o;流浪者[liú làng zhě]
Vagaduguo;vagadugu.0o.cxefurbo;瓦加杜古[Wǎ jiā dù gǔ]
vagino;vagin.0o;膣[zhì]
vagino;vagin.0o;阴道[yīn dào],陰道[yīn dào]
vagino;vagin.0o;蜜穴[mì xué]
manĝvagono;vagon.mangx0o;餐車[cān chē],餐车[cān chē]
vaĝrajana;vagxrajan.0a;金刚乘[jīn gāng chéng],金剛乘[jīn gāng chéng]
Vaĝrajano;vagxrajan.0o;密宗[Mì zōng]
vajco;vajc.0o;台虎钳[tái hǔ qián],臺虎鉗[tái hǔ qián]
vajco;vajc.0o;平鉗[píng qián],平钳[píng qián]
vajco;vajc.0o;老虎鉗[lǎo hǔ qián],老虎钳[lǎo hǔ qián]
vajco;vajc.0o;虎鉗[hǔ qián],虎钳[hǔ qián]
Vajmaro;vajmar.0o.urbo;魏玛[Wèi mǎ],魏瑪[Wèi mǎ]
Vajmaro;vajmar.0o.urbo;威玛[Wēi mǎ],威瑪[Wēi mǎ]
Vajomingo;vajoming.0o;怀俄明州[Huái é míng zhōu],懷俄明州[Huái é míng zhōu]
Vajomingo;vajoming.0o;怀俄明[Huái é míng],懷俄明[Huái é míng]
vaka;vak.0a;空[kòng]
vaka;vak.0a;閒[xián]
vaka;vak.0a;沒人住[méi rén zhù],没人住[méi rén zhù]
vakcinado;vakcin.0ado;接种[jiē zhòng],接種[jiē zhòng]
vakcini;vakcin.0i;接种[jiē zhòng],接種[jiē zhòng]
vakcino;vakcin.0o;疫苗[yì miáo]
vakcino;vakcin.0o;菌苗[jūn miáo]
vakcino;vakcin.0o;痘苗[dòu miáo]
vakcinio;vakcin1.0o;越橘[yuè jú]
vakcinio;vakcin1.0o;蓝莓[lán méi],藍莓[lán méi]
vakcinio;vakcin1.0o;小紅莓[xiǎo hóng méi],小红莓[xiǎo hóng méi]
vakcinio;vakcin1.0o;蔓越橘[màn yuè jú]
vakcinio;vakcin1.0o;曼越橘[màn yuè jú]
vakero;vaker.0o;牛仔[niú zǎi]
vakero;vaker.0o;牛郎[niú láng]
vaksumi;vaks.0i;打蜡[dǎ là],打蠟[dǎ là]
vakso;vaks.0o;蜡[là],蠟[là]
orelvakso;vaks.orel0o;聍[níng],聹[níng]
vakuigi;vaku.0igi;疏散[shū sàn]
vakuo;vaku.0o;真空[zhēn kōng]
vakuolo;vakuol.0o;液泡[yè pào]
vakuolo;vakuol.0o;液胞[yè bāo]
vakuo;;空性[kōng xìng]
valo;val.0o;山谷[shān gǔ]
valo;val.0o;峪[yù]
valo;val.0o;嶰[xiè]
valo;val.0o;谷地[gǔ dì]
Valo de la Reĝoj;val.0odelaregxoj;帝王谷[dì wáng gǔ]
Silicia Valo;val.silicia0o;硅谷[Guī gǔ]
Valencio;valenci.0o;瓦伦西亚[wǎ lún xī yà],瓦倫西亞[wǎ lún xī yà]
Valencio;valenci.0o;巴伦西亚[bā lún xī yà],巴倫西亞[bā lún xī yà]
valento;valent.0o;配价[pèi jià],配價[pèi jià]
valento;valent.0o;化合价[huà hé jià],化合價[huà hé jià]
tago de Valenteno;valenten.tagode0o;情人節[Qíng rén jié],情人节[Qíng rén jié]
valeriano;valerian.0o;纈草[xié cǎo],缬草[xié cǎo]
valeriano;valerian.0o;頡草[xié cǎo],颉草[xié cǎo]
Valhalo;valhal.0o;英灵殿[yīng líng diàn],英靈殿[yīng líng diàn]
valideco;valid.0o;有效性[yǒu xiào xìng]
valideco;valid.0o;真实性[zhēn shí xìng],真實性[zhēn shí xìng]
valideco;valid.0o;效力[xiào lì]
valideco;;生效[shēng xiào]
malvalidigi;valid.mal0igi;使无效[shǐ wú xiào],使無效[shǐ wú xiào]
malvalidigi;valid.mal0igi;使貶值[shǐ biǎn zhí],使贬值[shǐ biǎn zhí]
malvalidigi;valid.mal0igi;取消[qǔ xiāo]
nevalida;valid.ne0a;屆滿[jiè mǎn],届满[jiè mǎn]
valizo;valiz.0o;箱子[xiāng zi]
valizo;valiz.0o;提箱[tí xiāng]
valizo;valiz.0o;行李箱[xíng li xiāng]
valizo;valiz.0o;手提箱[shǒu tí xiāng]
valizo;valiz.0o;皮箱[pí xiāng]
Valonujo;valon.V0ujo;瓦隆[wǎ lóng]
Valonio;valoni.0o;瓦隆[wǎ lóng]
valora;valor.0a;貴重[guì zhòng],贵重[guì zhòng]
valora;valor.0a;昂貴[áng guì],昂贵[áng guì]
valora;valor.0a;超值[chāo zhí]
valora;valor.0a.altvalora;値錢[zhí qián],值钱[zhí qián]
valora;valor.0a.altvalora;很有价值[hěn yǒu jià zhí],很有價值[hěn yǒu jià zhí]
valora;valor.0a.altvalora;有价值[yǒu jià zhí],有價值[yǒu jià zhí]
valoraĵo;valor.0ajxo;貴重[guì zhòng],贵重[guì zhòng]
valoraĵo;valor.0ajxo;錢物[qián wù],钱物[qián wù]
valori;valor.0i;值得[zhí de]
valori;valor.0i;价值[jià zhí],價值[jià zhí]
valori;valor.0i;值[zhí]
valori;valor.0i;划得來[huá de lái],划得来[huá de lái]
valoro;valor.0o;价值[jià zhí],價值[jià zhí]
valoro;valor.0o;值[zhí]
valoro;valor.0o;价[jià],價[jià]
valoro;valor.0o;价[jià]
valoro;valor.0o;数值[shù zhí],數值[shù zhí]
valoraĵo;;細軟[xì ruǎn],细软[xì ruǎn]
absoluta valoro;valor.absoluta0o;絕對值[jué duì zhí],绝对值[jué duì zhí]
grandvalora;valor.alt0a;貴重[guì zhòng],贵重[guì zhòng]
grandvalora;valor.alt0a;宝贵[bǎo guì],寶貴[bǎo guì]
grandvalora;valor.alt0a;珍貴[zhēn guì],珍贵[zhēn guì]
grandvalora;valor.alt0a;祎[yī],禕[yī]
samvalora;valor.egal0a;相等[xiāng děng]
samvalora;valor.egal0a;等价[děng jià],等價[děng jià]
interŝanĝvaloro;valor.intersxangx0o;交换价值[jiāo huàn jià zhí],交換價值[jiāo huàn jià zhí]
limvaloro;valor.lim0o;边界值[biān jiè zhí],邊界值[biān jiè zhí]
limvaloro;valor.lim0o;极限值[jí xiàn zhí],極限值[jí xiàn zhí]
limvaloro;valor.lim0o;函数极限[hán shù jí xiàn],函數极限[hán shù jí xiàn]
multevalora;valor.mult0a;貴重[guì zhòng],贵重[guì zhòng]
multevalora;valor.mult0a;宝贵[bǎo guì],寶貴[bǎo guì]
multevalora;valor.mult0a;珍貴[zhēn guì],珍贵[zhēn guì]
plivalorigi;valor.pli0igi;宣导[xuān dǎo],宣導[xuān dǎo]
plivalorigi;valor.pli0igi;弘扬[hóng yáng],弘揚[hóng yáng]
plivalorigi;valor.pli0igi;提倡[tí chàng]
plivalorigi;valor.pli0igi;貤[yí]
plivalorigi;valor.pli0igi;起用[qǐ yòng]
plivaloro;valor.pli0o;增值[zēng zhí]
plivaloro;valor.pli0o;差价[chā jià],差價[chā jià]
plivaloro;valor.pli0o;估价过高[gū jià guò gāo],估價過高[gū jià guò gāo]
plivaloro;valor.pli0o;增加值[zēng jiā zhí]
plivaloro;valor.pli0o;孖展[zī zhǎn]
plivaloro;valor.pli0o;剩余价值[shèng yú jià zhí],剩余價值[shèng yú jià zhí]
plusvaloro;valor.plus0o;估价过高[gū jià guò gāo],估價過高[gū jià guò gāo]
plusvaloro;valor.plus0o;增加值[zēng jiā zhí]
senvalora;valor.sen0a;不值一笑[bù zhí yī xiào]
senvalora;valor.sen0a;不成材[bù chéng cái]
senvalora;valor.sen0a;沒價值[méi jià zhí],没价值[méi jià zhí]
senvalora;valor.sen0a;烂泥扶不上墙[làn ní fú bù shàng qiáng],爛泥扶不上牆[làn ní fú bù shàng qiáng]
senvalora;valor.sen0a;沒有價值[méi yǒu jià zhí],没有价值[méi yǒu jià zhí]
senvalora;valor.sen0a;无价值[wú jià zhí],無價值[wú jià zhí]
senvalorigi;valor.sen0igi;貶低[biǎn dī],贬低[biǎn dī]
senvalorigi;valor.sen0igi;貶[biǎn],贬[biǎn]
senvalorigi;valor.sen0igi;貶值[biǎn zhí],贬值[biǎn zhí]
senvalorigi;valor.sen0igi;使无效[shǐ wú xiào],使無效[shǐ wú xiào]
senvalorigi;valor.sen0igi;使貶值[shǐ biǎn zhí],使贬值[shǐ biǎn zhí]
senvalorigi;valor.sen0igi;降价[jiàng jià],降價[jiàng jià]
uzvaloro;valor.uz0o;使用价值[shǐ yòng jià zhí],使用價值[shǐ yòng jià zhí]
vervaloro;valor.ver0o;真值[zhēn zhí]
valso;vals.0o;圆舞曲[yuán wǔ qǔ],圓舞曲[yuán wǔ qǔ]
valso;vals.0o;华尔兹舞[huá ěr zī wǔ],華爾茲舞[huá ěr zī wǔ]
Valtero;valter.0o;瓦尔特[Wǎ ěr tè],瓦爾特[Wǎ ěr tè]
valuto;valut.0o;币[bì],幣[bì]
valuto;valut.0o;貨幣[huò bì],货币[huò bì]
valuto;valut.0o;通貨[tōng huò],通货[tōng huò]
valuto;valut.0o;币种[bì zhǒng],幣種[bì zhǒng]
valvo;valv.0o.ELE;拉直者[lā zhí zhě]
valvo;valv.0o.ELE;改革者[gǎi gé zhě]
valvo;valv.0o.ELE;矫正者[jiǎo zhèng zhě],矯正者[jiǎo zhèng zhě]
valvo;valv.0o.ELE;整流器[zhěng liú qì]
valvo;valv.0o.TEK;閥門[fá mén],阀门[fá mén]
valvo;valv.0o.TEK;气门芯[qì mén xìn],氣門芯[qì mén xìn]
valvo;valv.0o.TEK;活瓣[huó bàn]
valvo;valv.0o.TEK;活門[huó mén],活门[huó mén]
duvalvuloj;valv.du0uloj;瓣鰓綱[bàn sāi gāng],瓣鳃纲[bàn sāi gāng]
elektrona valvo;valv.elektrona0o;特別是功放[tè bié shì gōng fàng],特别是功放[tè bié shì gōng fàng]
elektrona valvo;valv.elektrona0o;真空管[zhēn kōng guǎn]
elektrona valvo;valv.elektrona0o;裡面氣壓很低[lǐ miàn qì yā hěn dī],里面气压很低[lǐ miàn qì yā hěn dī]
elektrona valvo;valv.elektrona0o;音色很美[yīn sè hěn měi]
vampiro;vampir.0o;吸血鬼[xī xuè guǐ]
vampiro;vampir.0o;吸血蝙蝠[xī xiě biān fú]
vana;van.0a;白白[bái bái]
vana;van.0a;枉然[wǎng rán]
vana;van.0a;愛慕虛榮[ài mù xū róng],爱慕虚荣[ài mù xū róng]
vana;van.0a;徒然[tú rán]
vane;van.0e;白白[bái bái]
vane;van.0e;枉然[wǎng rán]
vaneco;van.0eco;无目[wú mù],無目[wú mù]
vaneco;van.0eco;徒劳[tú láo],徒勞[tú láo]
vanigi;van.0igi;阻桡[zǔ ráo],阻橈[zǔ ráo]
vanigi;van.0igi;阻挠[zǔ náo],阻撓[zǔ náo]
vanigi;van.0igi;阻难[zǔ nàn],阻難[zǔ nàn]
vanado;vanad.0o;釩[fán],钒[fán]
vanado;vanad.0o;鐇[fán],𫔍[fán]
vanadio;vanadi.0o;釩[fán],钒[fán]
vanadio;vanadi.0o;鐇[fán],𫔍[fán]
vando;vand.0o;隔扇[gé shan]
vando;vand.0o;墙体[qiáng tǐ],牆體[qiáng tǐ]
vando;vand.0o;隔断[gé duàn],隔斷[gé duàn]
vando;vand.0o;間壁[jiàn bì],间壁[jiàn bì]
vando;vand.0o;隔断板[gé duàn bǎn],隔斷板[gé duàn bǎn]
vandalo;vandal.0o;汪达尔人[wāng dá ěr rén],汪達爾人[wāng dá ěr rén]
vango;vang.0o;面頰[miàn jiá],面颊[miàn jiá]
vango;vang.0o;脸蛋[liǎn dàn],臉蛋[liǎn dàn]
vango;vang.0o;脸颊[liǎn jiá],臉頰[liǎn jiá]
vango;vang.0o;頰[jiá],颊[jiá]
vango;vang.0o;腮帮子[sāi bāng zi],腮幫子[sāi bāng zi]
vango;vang.0o;脸巴子[liǎn bā zi],臉巴子[liǎn bā zi]
pufvangeto;vang.puf0eto;馗[kuí]
pufvangeto;vang.puf0eto;顴[quán],颧[quán]
sidvango;vang.sid0o;臀部[tún bù]
sidvango;vang.sid0o;屁股[pì gu]
sidvango;vang.sid0o;腚[dìng]
sidvango;vang.sid0o;臀[tún]
sidvango;vang.sid0o;髀[bì]
sidvango;vang.sid0o;屁屁[pì pi]
sidvango;vang.sid0o;腄[chuí]
sidvango;vang.sid0o;臀肌[tún jī]
sidvango;vang.sid0o;窟臀[kū tún]
sidvango;vang.sid0o;圆形面包[yuán xíng miàn bāo],圓形麵包[yuán xíng miàn bāo]
survangi;vang.sur0i;掌嘴[zhǎng zuǐ]
survangi;vang.sur0i;掌掴[zhǎng guāi],掌摑[zhǎng guāi]
survangi;vang.sur0i;掴[guāi],摑[guāi]
survangi;vang.sur0i;掴[guó],摑[guó]
survango;vang.sur0o;耳光[ěr guāng]
survango;vang.sur0o;巴掌[bā zhǎng]
survango;vang.sur0o;耳掴子[ěr guāi zi],耳摑子[ěr guāi zi]
survangi;;打耳光[dǎ ěr guāng]
vanilo;vanil.0o;香子兰[xiāng zǐ lán],香子蘭[xiāng zǐ lán]
vanilo;vanil.0o;香草兰[xiāng cǎo lán],香草蘭[xiāng cǎo lán]
vanta;vant.0a;恌[tiāo]
vanta;vant.0a;愛慕虛榮[ài mù xū róng],爱慕虚荣[ài mù xū róng]
vanta;vant.0a;浮薄[fú bó]
vanta;vant.0a;輕狂[qīng kuáng],轻狂[qīng kuáng]
vantamo;vant.0emo;空幻[kōng huàn]
vantamo;vant.0emo;虚荣[xū róng],虛榮[xū róng]
vantamo;vant.0emo;虚荣心[xū róng xīn],虛榮心[xū róng xīn]
vanteco;vant.0o;琐事[suǒ shì],瑣事[suǒ shì]
vanui;vanu.0i;涣然冰释[huàn rán bīng shì],渙然冰釋[huàn rán bīng shì]
vanui;vanu.0i;消逝[xiāo shì]
vanui;vanu.0i;寂滅[jì miè],寂灭[jì miè]
vanui;vanu.0i;消失[xiāo shī]
Vanuatuo;vanuatu.0o;万那杜[Wàn nà dù],萬那杜[Wàn nà dù]
Vanuatuo;vanuatu.0o;瓦努阿图[Wǎ nǔ ā tú],瓦努阿圖[Wǎ nǔ ā tú]
vapora;vapor.0a;雰[fēn]
vapora;vapor.0a;气体[qì tǐ],氣體[qì tǐ]
vapora;vapor.0a;气体组成[qì tǐ zǔ chéng],氣體組成[qì tǐ zǔ chéng]
vapori;vapor.0i;餾[liù],馏[liù]
vapori;vapor.0i;放出水蒸气[fàng chū shuǐ zhēng qì],放出水蒸氣[fàng chū shuǐ zhēng qì]
vapori;vapor.0i;烟雾迷漫[yān wù mí màn],煙霧迷漫[yān wù mí màn]
vapori;vapor.0i;热气腾腾[rè qì téng téng],熱氣騰騰[rè qì téng téng]
vapori;vapor.0i;热腾腾[rè téng téng],熱騰騰[rè téng téng]
vapori;vapor.0i;熘[liú]
vaporigi;vapor.0igi;气化[qì huà],氣化[qì huà]
vaporigi;vapor.0igi;蒸发[zhēng fā],蒸發[zhēng fā]
vaporiĝi;vapor.0igxi;挥发[huī fā],揮發[huī fā]
vaporiĝi;vapor.0igxi;蒸[zhēng]
vaporiĝi;vapor.0igxi;烟消云散[yān xiāo yún sàn],煙消雲散[yān xiāo yún sàn]
vaporo;vapor.0o;歊[xiāo]
vaporo;vapor.0o;蒸气[zhēng qì],蒸氣[zhēng qì]
vaporo;vapor.0o;蒸汽[zhēng qì]
vaporo;vapor.0o;汽[qì]
vaporo;vapor.0o;岚[lán],嵐[lán]
vaporo;vapor.0o;瀣[xiè]
forvaporiĝi;vapor.el0igxi;挥发[huī fā],揮發[huī fā]
forvaporiĝi;vapor.el0igxi;蒸[zhēng]
forvaporiĝi;vapor.el0igxi;蒸发[zhēng fā],蒸發[zhēng fā]
forvaporiĝi;vapor.el0igxi;烟消云散[yān xiāo yún sàn],煙消雲散[yān xiāo yún sàn]
varo;var.0o;商品[shāng pǐn]
varo;var.0o;貨[huò],货[huò]
varo;var.0o;貨物[huò wù],货物[huò wù]
varo;var.0o;运销[yùn xiāo],運銷[yùn xiāo]
varo;var.0o;产品[chǎn pǐn],產品[chǎn pǐn]
varano;varan.0o;巨蜥[jù xī]
varbi;varb.0i;招募[zhāo mù]
varbi;varb.0i;募[mù]
varbi;varb.0i;征才[zhēng cái],徵才[zhēng cái]
varbi;varb.0i;招致[zhāo zhì]
varbi;varb.0i.EKON;登广告[dēng guǎng gào],登廣告[dēng guǎng gào]
varbilo;varb.0ilo;大众传媒[dà zhòng chuán méi],大眾傳媒[dà zhòng chuán méi]
varbilo;varb.0ilo;广告媒介[guǎng gào méi jiè],廣告媒介[guǎng gào méi jiè]
varbilo;varb.0ilo;求愛[qiú ài],求爱[qiú ài]
varbilo;varb.0ilo;求愛時期[qiú ài shí qī],求爱时期[qiú ài shí qī]
varbilo;varb.0ilo;商业信息[shāng yè xìn xī],商業信息[shāng yè xìn xī]
varbilo;varb.0ilo;广告信息[guǎng gào xìn xī],廣告信息[guǎng gào xìn xī]
varbilo;varb.0ilo;广告邮件[guǎng gào yóu jiàn],廣告郵件[guǎng gào yóu jiàn]
varbilo;varb.0ilo;邮寄广告[yóu jì guǎng gào],郵寄廣告[yóu jì guǎng gào]
varbisto;varb.0isto;猎头人[liè tóu rén],獵頭人[liè tóu rén]
varbisto;varb.0isto;猎头[liè tóu],獵頭[liè tóu]
varengo;vareng.0o;瓦良格人[Wǎ liáng gé rén]
varfo;varf.0o;埗[bù]
varfo;varf.0o;埔[bù]
varfo;varf.0o;埠[bù]
varfo;varf.0o;埠头[bù tóu],埠頭[bù tóu]
varfo;varf.0o;港埠[gǎng bù]
varfo;varf.0o;码头[mǎ tóu],碼頭[mǎ tóu]
varfo;varf.0o;船埠[chuán bù]
varia;vari.0a.diversa;各式各样[gè shì gè yàng],各式各樣[gè shì gè yàng]
varia;vari.0a.diversa;諸[zhū],诸[zhū]
varia;vari.0a.diversa;諸般[zhū bān],诸般[zhū bān]
varia;vari.0a.diversa;諸色[zhū sè],诸色[zhū sè]
varia;vari.0a.diversa;杂[zá],雜[zá]
varia;vari.0a.diversa;各种各样[gè zhǒng gè yàng],各種各樣[gè zhǒng gè yàng]
variaĵo;vari.0ajxo;变种[biàn zhǒng],變種[biàn zhǒng]
variaĵo;vari.0ajxo;变异[biàn yì],變異[biàn yì]
variaĵo;vari.0ajxo;变奏[biàn zòu],變奏[biàn zòu]
varianto;varian.0o;异质体[yì zhì tǐ],異質體[yì zhì tǐ]
varianto;varian.0o;变异株[biàn yì zhū],變異株[biàn yì zhū]
varianto;varian.0o;变体[biàn tǐ],變體[biàn tǐ]
varianto;varian.0o;变种[biàn zhǒng],變種[biàn zhǒng]
variema;vari.0ema;易变[yì biàn],易變[yì biàn]
varii;vari.0i;不一[bù yī]
varii;vari.0i;变换[biàn huàn],變換[biàn huàn]
varii;vari.0i;变[biàn],變[biàn]
variigi;vari.0igi;变换[biàn huàn],變換[biàn huàn]
hazarda variablo;variab.hazarda0o;随机变数[suí jī biàn shù],隨機變數[suí jī biàn shù]
hazarda variablo;variab.hazarda0o;随机变量[suí jī biàn liàng],隨機變量[suí jī biàn liàng]
stokasta variablo;variab.stokasta0o;随机变数[suí jī biàn shù],隨機變數[suí jī biàn shù]
stokasta variablo;variab.stokasta0o;随机变量[suí jī biàn liàng],隨機變量[suí jī biàn liàng]
variacio;variac.0o;变奏[biàn zòu],變奏[biàn zòu]
kunvarianco;varian1.kun0o;协方差[xié fāng chā],協方差[xié fāng chā]
variko;varik.0o;静脉曲张[jìng mài qǔ zhāng],靜脈曲張[jìng mài qǔ zhāng]
variko;varik.0o;静脉瘤[jìng mài liú],靜脈瘤[jìng mài liú]
variko;varik.0o;静脉曲张[jìng mài qū zhāng],靜脈曲張[jìng mài qū zhāng]
varma;varm.0a;热乎[rè hu],熱乎[rè hu]
varma;varm.0a;热烈[rè liè],熱烈[rè liè]
varma;varm.0a;暖[nuǎn]
varma;varm.0a;暖和[nuǎn huo]
varma;varm.0a;和煦[hé xù]
varma;varm.0a;温煦[wēn xù],溫煦[wēn xù]
varma;varm.0a;温暖[wēn nuǎn],溫暖[wēn nuǎn]
varma;varm.0a;燠[yù]
varma;varm.0a;温[wēn],溫[wēn]
varma;varm.0a;保暖[bǎo nuǎn]
varma;varm.0a;取暖器[qǔ nuǎn qì]
varmega;varm.0ega;炎热[yán rè],炎熱[yán rè]
varmega;varm.0ega;热切[rè qiè],熱切[rè qiè]
varmega;varm.0ega;发烫[fā tàng],發燙[fā tàng]
varmega;varm.0ega;中辣[zhōng là]
varmegigi;varm.0egigi;炘[xīn]
varmegigi;varm.0egigi;爇[rè]
varmegigi;varm.0egigi;加热[jiā rè],加熱[jiā rè]
varmegrezista;varm.0egimuna;耐高温[nài gāo wēn],耐高溫[nài gāo wēn]
varmego;varm.0ego;暑[shǔ]
varmego;varm.0ego;热力[rè lì],熱力[rè lì]
varmego;varm.0ego;热气[rè qì],熱氣[rè qì]
varmeta;varm.0eta;温[wēn],溫[wēn]
varmeta;varm.0eta;乌涂[wū tu],烏塗[wū tu]
varmeta;varm.0eta;温热[wēn rè],溫熱[wēn rè]
varmeta;varm.0eta;温吞[wēn tūn],溫吞[wēn tūn]
varmeta;varm.0eta;温和[wēn huo],溫和[wēn huo]
varmeta;varm.0eta;微温[wēi wēn],微溫[wēi wēn]
varmigi;varm.0igi;暖[nuǎn]
varmigi;varm.0igi;燖[qín]
varmigi;varm.0igi;暖化[nuǎn huà]
varmo;varm.0o;热气[rè qì],熱氣[rè qì]
varmo;varm.0o;热度[rè dù],熱度[rè dù]
varmo;varm.0o;暖意[nuǎn yì]
varmo;varm.0o;高温[gāo wēn],高溫[gāo wēn]
malvarma;varm.mal0a;寒[hán]
malvarma;varm.mal0a;凔[cāng]
malvarma;varm.mal0a;凓[lì]
malvarma;varm.mal0a;凛[lǐn],凜[lǐn]
malvarma;varm.mal0a;惏[lín]
malvarma;varm.mal0a;冷淡[lěng dàn]
malvarma;varm.mal0a;憭[liǎo]
malvarma;varm.mal0a;寒冷[hán lěng]
malvarma;varm.mal0a;冽[liè]
malvarma;varm.mal0a;冷漠[lěng mò]
malvarme;varm.mal0e;冷冷[lěng lěng]
malvarmego;varm.mal0ego;寒冷[hán lěng]
malvarmeta;varm.mal0eta;凉[liáng],涼[liáng]
malvarmeta;varm.mal0eta;凉凉[liáng liáng],涼涼[liáng liáng]
malvarmeta;varm.mal0eta;使冷却[shǐ lěng què],使冷卻[shǐ lěng què]
malvarmeta;varm.mal0eta;凉爽[liáng shuǎng],涼爽[liáng shuǎng]
malvarmeta;varm.mal0eta;凊[jìng]
malvarmigi;varm.mal0igi;凊[jìng]
malvarmigi;varm.mal0igi;冷[lěng]
malvarmigi;varm.mal0igi;使冷静下来[shǐ lěng jìng xia lai],使冷靜下來[shǐ lěng jìng xia lai]
malvarmigi;varm.mal0igi;冷却[lěng què],冷卻[lěng què]
malvarmo;varm.mal0o;寒冷[hán lěng]
malvarmo;varm.mal0o;冷酷[lěng kù]
malvarmumi;varm.mal0umi;着凉[zháo liáng],著涼[zháo liáng]
malvarmumi;varm.mal0umi;受凉[shòu liáng],受涼[shòu liáng]
malvarmumo;;感冒[gǎn mào]
varpero;varp.0ero;經紗[jīng shā],经纱[jīng shā]
Varsovio;varsovi.0o.cxefurbo;毕沙[bì shā],畢沙[bì shā]
Varsovio;varsovi.0o.cxefurbo;华沙[Huá shā],華沙[Huá shā]
varti;vart.0i;照料[zhào liào]
varti;vart.0i;看护[kān hù],看護[kān hù]
vartistino;vart.0istino;保姆[bǎo mǔ]
vartistino;vart.0istino;阿姨[ā yí]
vartistino;vart.0istino;姆[mǔ]
vartistino;vart.0istino;姥[mǔ]
infanvartejo;vart.infan0ejo;托儿所[tuō ér suǒ],托兒所[tuō ér suǒ]
infanvartejo;vart.infan0ejo;全日制托儿所[quán rì zhì tuō ér suǒ],全日制托兒所[quán rì zhì tuō ér suǒ]
vasabio;vasabi.0o;哇沙米[wā shā mǐ]
vasabio;vasabi.0o;瓦萨比[wǎ sà bǐ],瓦薩比[wǎ sà bǐ]
vasalo;vasal.0o.FIG;属国[shǔ guó],屬國[shǔ guó]
vasalo;vasal.0o.FIG;諸侯國[zhū hóu guó],诸侯国[zhū hóu guó]
vaska;vask.0a;巴斯克語[Bā sī kè yǔ],巴斯克语[Bā sī kè yǔ]
vasko;vask.0o.eusko;位于西班牙[wèi yú xī bān yá],位於西班牙[wèi yú xī bān yá]
vasko;vask.0o.eusko;巴斯克人[bā sī kè rén],巴斯剋人[bā sī kè rén]
vaskulaj plantoj;vaskul.0ajplantoj;維管束植物[wéi guǎn shù zhí wù],维管束植物[wéi guǎn shù zhí wù]
vaskulaj plantoj;;維管植物[wéi guǎn zhí wù],维管植物[wéi guǎn zhí wù]
vaskulo;vaskul.0o;血脈[xuè mài],血脉[xuè mài]
vaskulo;vaskul.0o.ANA;血管[xiě guǎn]
vasta;vast.0a;宽广[kuān guǎng],寬廣[kuān guǎng]
vasta;vast.0a;呺[xiāo]
vasta;vast.0a;宽敞[kuān chang],寬敞[kuān chang]
vasta;vast.0a;宽[kuān],寬[kuān]
vasta;vast.0a;宽阔[kuān kuò],寬闊[kuān kuò]
vasta;vast.0a;广阔[guǎng kuò],廣闊[guǎng kuò]
vasta;vast.0a;闊[kuò],阔[kuò]
vasta;vast.0a;宽旷[kuān kuàng],寬曠[kuān kuàng]
vasta;vast.0a;广大[guǎng dà],廣大[guǎng dà]
vasta;vast.0a;广泛[guǎng fàn],廣泛[guǎng fàn]
vastega;vast.0ega;浩大[hào dà]
vastega;vast.0ega;巨大[jù dà]
vastejo;vast.0ejo;野[yě]
vastigaĵo;vast.0igajxo.bildigo;扩展[kuò zhǎn],擴展[kuò zhǎn]
vastigaĵo;vast.0igajxo.bildigo;延拓[yán tuò]
vastigi;vast.0igi;菶[běng]
vastigi;vast.0igi;张开[zhāng kāi],張開[zhāng kāi]
vastigi;vast.0igi.grandigi;拓展[tuò zhǎn]
vastigi;vast.0igi.grandigi;扩展[kuò zhǎn],擴展[kuò zhǎn]
vastiĝi;vast.0igxi;延伸[yán shēn]
vastiĝi;vast.0igxi;蔓延[màn yán]
disvastigi;vast.dis0igi;传播[chuán bō],傳播[chuán bō]
disvastigi;vast.dis0igi;广播[guǎng bō],廣播[guǎng bō]
disvastigi;vast.dis0igi;宣传[xuān chuán],宣傳[xuān chuán]
disvastigi;vast.dis0igi;播[bō]
disvastigi;vast.dis0igi;传遍[chuán biàn],傳遍[chuán biàn]
disvastiĝi;vast.dis0igxi;传开[chuán kāi],傳開[chuán kāi]
disvastiĝi;vast.dis0igxi;流传[liú chuán],流傳[liú chuán]
malvasta;vast.mal0a;戋[jiān],戔[jiān]
malvasta;vast.mal0a;狭隘[xiá ài],狹隘[xiá ài]
malvasta;vast.mal0a;紧绷绷[jǐn bēng bēng],緊繃繃[jǐn bēng bēng]
malvasta;vast.mal0a;狭小[xiá xiǎo],狹小[xiá xiǎo]
malvasta;vast.mal0a;狭窄[xiá zhǎi],狹窄[xiá zhǎi]
malvasta;vast.mal0a;窄[zhǎi]
malvasta;vast.mal0a;紧密[jǐn mì],緊密[jǐn mì]
malvasta;vast.mal0a;紧实[jǐn shí],緊實[jǐn shí]
malvasta;vast.mal0a;逼仄[bī zè]
malvastigi;vast.mal0igi;挤紧[jǐ jǐn],擠緊[jǐ jǐn]
malvastigi;vast.mal0igi;收紧[shōu jǐn],收緊[shōu jǐn]
malvastigi;vast.mal0igi;束紧[shù jǐn],束緊[shù jǐn]
malvastigi;vast.mal0igi;煞[shā]
mondvasta;vast.mond0a;全世界[quán shì jiè]
mondvasta;vast.mond0a;全球性[quán qiú xìng]
mondvasta;vast.mond0a;全球[quán qiú]
mondvasta;vast.mond0a;环球[huán qiú],環球[huán qiú]
mondvasta;vast.mond0a;遍及全球[biàn jí quán qiú]
plivastiĝi;vast.pli0igxi;延伸[yán shēn]
Vaŝintono;vasxington.0o.cxefurbo;华盛顿哥伦比亚特区[huá shèng dùn gē lún bǐ yà tè qū],華盛頓哥倫比亞特區[huá shèng dùn gē lún bǐ yà tè qū]
Vaŝintono;vasxington.0o.cxefurbo;华盛顿州[Huá shèng dùn zhōu],華盛頓州[Huá shèng dùn zhōu]
Vaŝintono;vasxington.0o.prezidento;乔治·华盛顿[Qiáo zhì · Huá shèng dùn],喬治·華盛頓[Qiáo zhì · Huá shèng dùn]
Vaŝintono;vasxington.0o.prezidento;华盛顿[Huá shèng dùn],華盛頓[Huá shèng dùn]
vati;vat.0i;用棉花填充[yòng mián hua tián chōng]
vati;vat.0i;絮棉花[xù mián hua]
vati;vat.0i;絮絮[xù xù]
vato;vat.0o;絮[xù]
vato;vat.0o;棉絮[mián xù]
vato;vat.0o;棉花[mián hua]
vato;vat.0o;脫脂棉[tuō zhī mián],脱脂棉[tuō zhī mián]
vato;vat.0o;药棉[yào mián],藥棉[yào mián]
sukervato;vat.suker0o;棉花糖[mián huā táng]
vatto;vat1.v0o;瓦特[wǎ tè]
Vatikano;;梵帝冈[Fàn dì gāng],梵帝岡[Fàn dì gāng]
Vatikano;vatikan.V0o;梵蒂冈[fàn dì gāng],梵蒂岡[fàn dì gāng]
Vatikano;vatikan.V0o;梵諦岡[Fàn dì gāng],梵谛冈[Fàn dì gāng]
Vatikano;vatikan.V0o;梵帝冈[Fàn dì gāng],梵帝岡[Fàn dì gāng]
Vaŭdo;vauxd.0o;沃州[Wò zhōu]
vazaro;vaz.0aro;盘碗[pán wǎn],盤碗[pán wǎn]
vazaro;vaz.0aro;陶器[táo qì]
vazlavmaŝino;vaz.0lavilo;洗碗机[xǐ wǎn jī],洗碗機[xǐ wǎn jī]
vazo;vaz.0o;甒[wǔ]
noktovazo;vaz.nokto0o;夜壶[yè hú],夜壺[yè hú]
vazelino;vazeli.0o;凡士林[fán shì lín]
ve;ve.0.bedauxrinde;呜呼[wū hū],嗚呼[wū hū]
ve;ve.0.bedauxrinde;嗟[jiē]
ve;ve.0.bedauxrinde;哎哟[āi yō],哎喲[āi yō]
vea;ve.0a;忧伤[yōu shāng],憂傷[yōu shāng]
vei;ve.0i;哭喊[kū hǎn]
vei;ve.0i;怨声[yuàn shēng],怨聲[yuàn shēng]
vei;ve.0i;慨叹[kǎi tàn],慨嘆[kǎi tàn]
veo;ve.0o;悲啼[bēi tí]
hejmveo;ve.hejm0o;想家[xiǎng jiā]
hejmveo;ve.hejm0o;思家[sī jiā],想家[sī jiā]
hejmveo;ve.hejm0o;思乡病[sī xiāng bìng],思鄉病[sī xiāng bìng]
hejmveo;ve.hejm0o;乡思[xiāng sī],鄉思[xiāng sī]
hejmveo;ve.hejm0o;乡愁[xiāng chóu],鄉愁[xiāng chóu]
vedo;ved.0o;吠陀[fèi tuó]
vefto;veft.0o;緯紗[wěi shā],纬纱[wěi shā]
vefto;;緯線設置[wěi xiàn shè zhì],纬线设置[wěi xiàn shè zhì]
vegana;vegan.0a;純素食[chún sù shí],纯素食[chún sù shí]
vegana;vegan.0a;全素[quán sù]
veganismo;vegan.0ismo;純素食主義[chún sù shí zhǔ yì],纯素食主义[chún sù shí zhǔ yì]
vegano;vegan.0o;純素食者[chún sù shí zhě],纯素食者[chún sù shí zhě]
vegetaĵaro;veget.0ajxaro;植被[zhí bèi]
vegetaĵaro;veget.0ajxaro;草木[cǎo mù]
vegetaĵaro;veget.0ajxaro;植物群[zhí wù qún]
vegetaĵa;;植物性[zhí wù xìng]
vegetaĵo;veget.0ajxo;植物[zhí wù]
vegeti;veget.0i;長贅疣[zhǎng zhuì yóu],长赘疣[zhǎng zhuì yóu]
ĉambra vegetaĵo;veget.cxambra0ajxo;室內盆栽[shì nèi pén zāi],室内盆栽[shì nèi pén zāi]
vegetala regno;;植被[zhí bèi]
vegetalaro;vegeta.0aro;植被[zhí bèi]
vegetalaro;vegeta.0aro;草木[cǎo mù]
vegetalaro;vegeta.0aro;植物群[zhí wù qún]
vegetalo;vegeta.0o;植物[zhí wù]
vegetara;vegeta2.0a;素食[sù shí]
vegetarano;vegeta2.0ano;素食者[sù shí zhě]
vegetarano;vegeta2.0ano;吃素的人[chī sù de rén]
vegetarano;vegeta2.0ano;吃素者[chī sù zhě]
vegetarano;vegeta2.0ano;素食主义者[sù shí zhǔ yì zhě],素食主義者[sù shí zhǔ yì zhě]
vegetaranismo;;素食主义[sù shí zhǔ yì],素食主義[sù shí zhǔ yì]
vegetarismo;vegeta2.0ismo;素食主义[sù shí zhǔ yì],素食主義[sù shí zhǔ yì]
vegetativa;;植物性[zhí wù xìng]
vehiklo;vehikl.0o;运在工具[yùn zài gōng jù],運在工具[yùn zài gōng jù]
vejĉii;vejcxi.0i;弈[yì]
vejno;vejn.0o;青筋[qīng jīn]
vejno;vejn.0o;紋理[wén lǐ],纹理[wén lǐ]
vejno;vejn.0o;静脉[jìng mài],靜脈[jìng mài]
vejno;vejn.0o;玟[wén]
vejno;vejn.0o;紋縷[wén lǔ:],纹缕[wén lǔ:]
veki;vek.0i;唤醒[huàn xǐng],喚醒[huàn xǐng]
veki;vek.0i;憬[jǐng]
veki;vek.0i;叫醒[jiào xǐng]
vekiĝi;vek.0igxi;醒[xǐng]
vekiĝi;vek.0igxi;寤[wù]
vekiĝi;vek.0igxi;苏醒[sū xǐng],蘇醒[sū xǐng]
vekiĝi;vek.0igxi;覺悟[jué wù],觉悟[jué wù]
vekiĝi;vek.0igxi;覺醒[jué xǐng],觉醒[jué xǐng]
vekiĝi;vek.0igxi;睡醒[shuì xǐng]
veksilologio;veksilol1.0o;旗帜学[qí zhì xué],旗幟學[qí zhì xué]
vekto;vekt.0o.pesila;平衡吊梁[píng héng diào liáng],平衡弔梁[píng héng diào liáng]
vektora;vektor.0a;向量[xiàng liàng]
vektoro;vektor.0o;向量[xiàng liàng]
vektoro;vektor.0o;矢量[shǐ liàng]
nulvektoro;vektor.nul0o;零向量[líng xiàng liàng]
velaro;velar.0o;舌根音[shé gēn yīn]
velaro;velar.0o;軟齶音[ruǎn è yīn],软腭音[ruǎn è yīn]
veli;vel.0i;篷[péng]
veli;vel.0i;駕帆船[jià fān chuán],驾帆船[jià fān chuán]
velo;vel.0o.SHI;帆[fān]
velo;vel.0o.SHI;篷[péng]
velo;vel.0o.SHI;蓬[péng]
velsono;vel.0sono;軟齶音[ruǎn è yīn],软腭音[ruǎn è yīn]
velsono;vel.0sono;舌根音[shé gēn yīn]
Velaro;vel.V0aro;船帆座[Chuán fān zuò]
veldi;veld.0i;焊接[hàn jiē]
veldi;veld.0i;烧焊[shāo hàn],燒焊[shāo hàn]
veldisto;veld.0isto;电焊工人[diàn hàn gōng rén],電焊工人[diàn hàn gōng rén]
veldo;veld.0o.TEK;焊缝[hàn fèng]
veleno;velen.0o;上等皮紙[shàng děng pí zhǐ],上等皮纸[shàng děng pí zhǐ]
veleno;velen.0o;皮紙文書[pí zhǐ wén shū],皮纸文书[pí zhǐ wén shū]
Velingtono;velington.0o;惠灵顿[Huì líng dùn],惠靈頓[Huì líng dùn]
velka;velk.0a;乾枯[gān kū],干枯[gān kū]
velka;velk.0a;凋[diāo]
velka;velk.0a;枯槁[kū gǎo]
velki;velk.0i;萎[wěi]
velki;velk.0i;枯乾[kū gān],枯干[kū gān]
forvelki;velk.for0i;萎[wěi]
velocipedo;veloci.0o;脚踏车[jiǎo tà chē],腳踏車[jiǎo tà chē]
velocipedo;veloci.0o;鐵馬[tiě mǎ],铁马[tiě mǎ]
veluro;velur.0o;立絨[lì róng],立绒[lì róng]
veluro;velur.0o;天鵝絨[tiān é róng],天鹅绒[tiān é róng]
veluro;velur.0o;丝绒[sī róng],絲絨[sī róng]
veni;ven.0i;出自[chū zì]
veni;ven.0i;來到[lái dào],来到[lái dào]
venigi;ven.0igi;召集[zhào jí]
venonta;ven.0onta;其次[qí cì]
venonta;ven.0onta;下一次[xià yī cì]
venonta;ven.0onta;接下來[jiē xià lái],接下来[jiē xià lái]
venonta;ven.0onta;未來[wèi lái],未来[wèi lái]
venonta;ven.0onta;作为结果[zuò wéi jié guǒ],作為結果[zuò wéi jié guǒ]
venonta;ven.0onta;接下來[jiē xia lai],接下来[jiē xia lai]
alveni;ven.al0i;到达[dào dá],到達[dào dá]
alveni;ven.al0i;來到[lái dào],来到[lái dào]
alveni;ven.al0i;瀳[jiàn]
alveni;ven.al0i;抵达[dǐ dá],抵達[dǐ dá]
alveni;ven.al0i;臻[zhēn]
alveni;ven.al0i;到來[dào lái],到来[dào lái]
alveni;ven.al0i;抵[dǐ]
alveno;ven.al0o;到來[dào lái],到来[dào lái]
alveno;ven.al0o;入列[rù liè]
bonvenigi;ven.bon0igi;欢迎[huān yíng],歡迎[huān yíng]
bonvenigi;ven.bon0igi;迎[yíng]
bonvenigi;ven.bon0igi;迎接[yíng jiē]
bonvenigi;ven.bon0igi;迎接[yíng jie]
bonvenigi;ven.bon0igi;相迎[xiāng yíng]
ĉefkunveno;ven.cxefkun0o;大会[dà huì],大會[dà huì]
ĉefkunveno;ven.cxefkun0o;年度大会[nián dù dà huì],年度大會[nián dù dà huì]
ĉefkunveno;ven.cxefkun0o;年会[nián huì],年會[nián huì]
ĉefkunveno;ven.cxefkun0o;全体会议[quán tǐ huì yì],全體會議[quán tǐ huì yì]
datreveno;ven.datre0o;周年[zhōu nián],週年[zhōu nián]
deveni;ven.de0i;出自[chū zì]
deveno;ven.de0o;源流[yuán liú]
deveno;ven.de0o;源泉[yuán quán]
deveno;ven.de0o;根底[gēn dǐ]
deveno;ven.de0o;根源[gēn yuán]
deveno;ven.de0o;來源[lái yuán],来源[lái yuán]
deveno;ven.de0o;來歷[lái lì],来历[lái lì]
deveno;ven.de0o;身分[shēn fèn]
deveno;ven.de0o;原产地[yuán chǎn dì],原產地[yuán chǎn dì]
deveno;ven.de0o;老家[lǎo jiā]
deveno;ven.de0o;來源國[lái yuán guó],来源国[lái yuán guó]
enveni;ven.en0i;进来[jìn lái],進來[jìn lái]
interveni;ven.inter0i;干涉[gān shè]
interveni;ven.inter0i;插手[chā shǒu]
interveni;ven.inter0i;干扰[gān rǎo],干擾[gān rǎo]
interveni;ven.inter0i;介入[jiè rù]
kunveni;ven.kun0i;聚集[jù jí]
kunveni;ven.kun0i;会聚[huì jù],會聚[huì jù]
kunveni;ven.kun0i;集合[jí hé]
kunveni;ven.kun0i;相聚[xiāng jù]
kunveni;ven.kun0i;攒聚[cuán jù],攢聚[cuán jù]
kunveni;ven.kun0i;攒集[cuán jí],攢集[cuán jí]
kunveni;ven.kun0i;聚[jù]
kunveni;ven.kun0i;聚首[jù shǒu]
kunveno;ven.kun0o;会议[huì yì],會議[huì yì]
kunveno;ven.kun0o;聚会[jù huì],聚會[jù huì]
kunveno;ven.kun0o;会面[huì miàn],會面[huì miàn]
kunveno;ven.kun0o;会上[huì shàng],會上[huì shàng]
novalveninto;ven.noval0into;新人[xīn rén]
novalveninto;ven.noval0into;新丁[xīn dīng]
novalveninto;ven.noval0into;新生[xīn shēng]
novalveninto;ven.noval0into;新來的人[xīn lái de rén],新来的人[xīn lái de rén]
novalveninto;ven.noval0into;新客[xīn kè]
novalveninto;ven.noval0into;新进入者[xīn jìn rù zhě],新進入者[xīn jìn rù zhě]
pintkunveno;ven.pintkun0o;峰会[fēng huì],峰會[fēng huì]
pintkunveno;ven.pintkun0o;高峰会议[gāo fēng huì yì],高峰會議[gāo fēng huì yì]
pintkunveno;ven.pintkun0o;首脑会议[shǒu nǎo huì yì],首腦會議[shǒu nǎo huì yì]
postveni;ven.post0i;后续[hòu xù],後續[hòu xù]
postveni;ven.post0i;佸[huó]
reveni;ven.re0i;回归[huí guī],回歸[huí guī]
reveni;ven.re0i;回來[huí lai],回来[huí lai]
reveni;ven.re0i;返回[fǎn huí]
reveni;ven.re0i;重回[chóng huí]
reveni;ven.re0i;回去[huí qu]
reveni;ven.re0i;归来[guī lái],歸來[guī lái]
reveno;ven.re0o;归来[guī lái],歸來[guī lái]
samdevena;ven.samde0a;一脈相承[yī mài xiāng chéng],一脉相承[yī mài xiāng chéng]
videokunveno;ven.videkun0o;視頻會議[shì pín huì yì],视频会议[shì pín huì yì]
videokunveno;ven.videkun0o;影像会议[yǐng xiàng huì yì],影像會議[yǐng xiàng huì yì]
vendado;vend.0ado;經貿[jīng mào],经贸[jīng mào]
vendado;vend.0ado;貿[mào],贸[mào]
vendisto;vend.0isto;卖家[mài jiā],賣家[mài jiā]
vendisto;vend.0isto;推銷員[tuī xiāo yuán],推销员[tuī xiāo yuán]
vendisto;vend.0isto;營業員[yíng yè yuán],营业员[yíng yè yuán]
vendisto;vend.0isto;卖主[mài zhǔ],賣主[mài zhǔ]
vendisto;vend.0isto;銷售員[xiāo shòu yuán],销售员[xiāo shòu yuán]
vendisto;vend.0isto;售貨員[shòu huò yuán],售货员[shòu huò yuán]
vendisto;vend.0isto;卖方[mài fāng],賣方[mài fāng]
vendisto;vend.0isto;店员[diàn yuán],店員[diàn yuán]
vendo;vend.0o;銷路[xiāo lù],销路[xiāo lù]
vendo;vend.0o;營業部[yíng yè bù],营业部[yíng yè bù]
vendo;vend.0o;銷售部[xiāo shòu bù],销售部[xiāo shòu bù]
vendo;vend.0o;銷售[xiāo shòu],销售[xiāo shòu]
ĉiovendejo;vend.cxio0ejo;百貨店[bǎi huò diàn],百货店[bǎi huò diàn]
ĉiovendejo;vend.cxio0ejo;商场[shāng chǎng],商場[shāng chǎng]
ĉiovendejo;vend.cxio0ejo;百貨公司[bǎi huò gōng sī],百货公司[bǎi huò gōng sī]
ĉiovendejo;vend.cxio0ejo;百貨商店[bǎi huò shāng diàn],百货商店[bǎi huò shāng diàn]
ĉiovendejo;vend.cxio0ejo;百貨大樓[bǎi huò dà lóu],百货大楼[bǎi huò dà lóu]
detalvendisto;vend.detal0isto;零售商[líng shòu shāng]
detalvendisto;vend.detal0isto;分銷商[fēn xiāo shāng],分销商[fēn xiāo shāng]
detalvendisto;vend.detal0isto;个体商店[gè tǐ shāng diàn],個體商店[gè tǐ shāng diàn]
detalvendisto;vend.detal0isto;零售貿易售貨員[líng shòu mào yì shòu huò yuán],零售贸易售货员[líng shòu mào yì shòu huò yuán]
elvendi;vend.dis0i;售完[shòu wán]
elvendi;vend.dis0i;卖完[mài wán],賣完[mài wán]
forvendi;vend.for0i;卖掉[mài diào],賣掉[mài diào]
revendi;vend.re0i;轉手[zhuǎn shǒu],转手[zhuǎn shǒu]
revendi;vend.re0i;轉賣[zhuǎn mài],转卖[zhuǎn mài]
vendejego;vend.super0ejo;超市[chāo shì]
vendejego;vend.super0ejo;超級市場[chāo jí shì chǎng],超级市场[chāo jí shì chǎng]
vendejego;vend.super0ejo;自选商场[zì xuǎn shāng chǎng],自選商場[zì xuǎn shāng chǎng]
Sankta Vendredo;vendre.sankta_0o;受难节[shòu nàn jié],受難節[shòu nàn jié]
Sankta Vendredo;vendre.sankta_0o;耶稣受难日[yē sū shòu nàn rì],耶穌受難日[yē sū shòu nàn rì]
Sankta Vendredo;vendre.sankta_0o;耶稣受难节[yē sū shòu nàn jié],耶穌受難節[yē sū shòu nàn jié]
Venecio;veneci.0o;威尼斯[Wēi ní sī]
venena;venen.0a;毒[dú]
venena;venen.0a;有毒[yǒu dú]
venena;venen.0a;鴆[zhèn],鸩[zhèn]
venena;venen.0a;酖[zhèn]
venena;venen.0a;毒液[dú yè]
venena;venen.0a;分泌毒液[fēn mì dú yè]
venena;venen.0a;中毒性[zhòng dú xìng]
veneni;venen.0i;毒[dú]
veneni;venen.0i;酖[zhèn]
veneni;venen.0i;鴆[zhèn],鸩[zhèn]
veneni;venen.0i;下毒[xià dú]
veneni;venen.0i;下药[xià yào],下藥[xià yào]
veneni;venen.0i;屠毒[tú dú]
veneniĝo;venen.0igxo.KOMUNE;中毒[zhòng dú]
veneno;venen.0o;毒[dú]
veneno;venen.0o;毒剂[dú jì],毒劑[dú jì]
veneno;venen.0o;屠毒[tú dú]
veneno;venen.0o;毒液[dú yè]
kontraŭveneno;venen.kontraux0o;解药[jiě yào],解藥[jiě yào]
kontraŭveneno;venen.kontraux0o;解毒剂[jiě dú jì],解毒劑[jiě dú jì]
kontraŭveneno;venen.kontraux0o;反作用剂[fǎn zuò yòng jì],反作用劑[fǎn zuò yòng jì]
venerea;vener.0a;性传播[xìng chuán bō],性傳播[xìng chuán bō]
Venero;vener1.0o;金星[jīn xīng]
Venero;vener1.0o;維納斯[Wéi nà sī],维纳斯[Wéi nà sī]
venezuelano;venezuel.0ano;委內瑞拉人[wěi nèi ruì lā rén],委内瑞拉人[wěi nèi ruì lā rén]
Venezuelo;venezuel.V0o;委內瑞拉[Wěi nèi ruì lā],委内瑞拉[Wěi nèi ruì lā]
venĝemo;vengx.0emo;報復心[bào fù xīn],报复心[bào fù xīn]
venĝi;vengx.0i;复仇[fù chóu],復仇[fù chóu]
venĝi;vengx.0i;報仇[bào chóu],报仇[bào chóu]
venĝi;vengx.0i;報復[bào fù],报复[bào fù]
venĝi;vengx.0i;有正义感[yǒu zhèng yì gǎn],有正義感[yǒu zhèng yì gǎn]
venĝo;vengx.0o;复仇[fù chóu],復仇[fù chóu]
venki;venk.0i;战胜[zhàn shèng],戰勝[zhàn shèng]
venki;venk.0i;打敗[dǎ bài],打败[dǎ bài]
venki;venk.0i;贏[yíng],赢[yíng]
venki;venk.0i;勝[shèng],胜[shèng]
venko;venk.0o;告捷[gào jié]
venko;venk.0o;勝[shèng],胜[shèng]
venko;venk.0o;勝利[shèng lì],胜利[shèng lì]
venko;venk.0o;捷[jié]
venko;venk.0o;勝仗[shèng zhàng],胜仗[shèng zhàng]
egalvenko;venk.egal0o;平局[píng jú]
malvenki;venk.mal0i;敗[bài],败[bài]
malvenki;venk.mal0i;失敗[shī bài],失败[shī bài]
malvenki;venk.mal0i;战败[zhàn bài],戰敗[zhàn bài]
malvenki;venk.mal0i;負[fù],负[fù]
malvenki;venk.mal0i;受打击[shòu dǎ jī],受打擊[shòu dǎ jī]
malvenki;venk.mal0i;垮台[kuǎ tái]
malvenko;venk.mal0o;敗[bài],败[bài]
malvenko;venk.mal0o;失敗[shī bài],失败[shī bài]
malvenko;venk.mal0o;敗仗[bài zhàng],败仗[bài zhàng]
nevenkebla;venk.ne0ebla;无敌[wú dí],無敵[wú dí]
nevenkebla;venk.ne0ebla;战无不胜[zhàn wú bù shèng],戰無不勝[zhàn wú bù shèng]
venta;vent.0a;有風[yǒu fēng],有风[yǒu fēng]
ventego;vent.0ego;風暴[fēng bào],风暴[fēng bào]
ventego;vent.0ego;狂風[kuáng fēng],狂风[kuáng fēng]
ventego;vent.0ego;暴風[bào fēng],暴风[bào fēng]
venti;vent.0i;刮风[guā fēng],颳風[guā fēng]
venti;vent.0i;刮[guā],颳[guā]
ventumi;vent.0umi;排气[pái qì],排氣[pái qì]
ventumi;vent.0umi;换气[huàn qì],換氣[huàn qì]
ventumi;vent.0umi;透气[tòu qì],透氣[tòu qì]
ventumi;vent.0umi;通气[tōng qì],通氣[tōng qì]
ventumi;vent.0umi.AGR;去虚存真[qù xū cún zhēn],去虛存真[qù xū cún zhēn]
ventumi;vent.0umi.AGR;去伪存真[qù wěi cún zhēn],去偽存真[qù wěi cún zhēn]
ventumilo;vent.0umilo;扇[shàn]
ventumilo;vent.0umilo;扇子[shàn zi]
ventumilo;vent.0umilo;搧[shān]
disventigi;vent.dis0igxi.KOMUNE;消失飛散[xiāo shī fēi sàn],消失飞散[xiāo shī fēi sàn]
ventoli;ventol.0i;通气[tōng qì],通氣[tōng qì]
ventoli;ventol.0i;通風[tōng fēng],通风[tōng fēng]
ventoli;ventol.0i;排气[pái qì],排氣[pái qì]
ventoli;ventol.0i;换气[huàn qì],換氣[huàn qì]
ventolilo;ventol.0ilo;風機[fēng jī],风机[fēng jī]
ventolilo;ventol.0ilo;电风扇[diàn fēng shàn],電風扇[diàn fēng shàn]
ventolilo;ventol.0ilo;风扇[fēng shàn]
ventro;ventr.0o;肚子[dù zi]
ventro;ventr.0o;肚[dù]
ventro;ventr.0o;肚皮[dù pí]
ventro;ventr.0o;腹[fù]
ventro;ventr.0o;腹部[fù bù]
ventriklo;ventri.0o;脑室[nǎo shì],腦室[nǎo shì]
ventriklo;ventri.0o;心室[xīn shì]
Venuso;venus.0o;金星[jīn xīng]
Venuso;venus.0o;維納斯[Wéi nà sī],维纳斯[Wéi nà sī]
Venuso;venus.0o;启明星[qǐ míng xīng],啟明星[qǐ míng xīng]
veprejo;vepr.0ejo;荆棘[jīng jí],荊棘[jīng jí]
veprejo;vepr.0ejo;树丛[shù cóng],樹叢[shù cóng]
veprejo;vepr.0ejo;矮树[ǎi shù],矮樹[ǎi shù]
veprejo;vepr.0ejo;灌丛[guàn cóng],灌叢[guàn cóng]
vepro;vepr.0o;矮林[ǎi lín]
vepro;vepr.0o;丛[cóng],叢[cóng]
vepro;vepr.0o;下层丛林[xià céng cóng lín],下層叢林[xià céng cóng lín]
ververa;ver.00a;属实[shǔ shí],屬實[shǔ shí]
ververa;ver.00a;真实[zhēn shí],真實[zhēn shí]
ververa;ver.00a;真正[zhēn zhèng]
ververe;ver.00e;千真万确[qiān zhēn wàn què],千真萬確[qiān zhēn wàn què]
ververe;ver.00e;真真[zhēn zhēn]
vera;ver.0a;实[shí],實[shí]
vera;ver.0a;属实[shǔ shí],屬實[shǔ shí]
vera;ver.0a;确实[què shí],確實[què shí]
vera;ver.0a;真实[zhēn shí],真實[zhēn shí]
vera;ver.0a;真格[zhēn gé]
vera;ver.0a;洵[xún]
vera;ver.0a;实在[shí zài],實在[shí zài]
veraĵo;ver.0ajxo;实话[shí huà],實話[shí huà]
veraĵo;ver.0ajxo;真理[zhēn lǐ]
veraĵo;ver.0ajxo;现实[xiàn shí],現實[xiàn shí]
veraĵo;ver.0ajxo;实事[shí shì],實事[shí shì]
veraĵo;ver.0ajxo;实情[shí qíng],實情[shí qíng]
verama;ver.0ama;誠實[chéng shí],诚实[chéng shí]
verama;ver.0ama;实事求是[shí shì qiú shì],實事求是[shí shì qiú shì]
verama;ver.0ama;热爱真理[rè ài zhēn lǐ],熱愛真理[rè ài zhēn lǐ]
vere;ver.0e;实在[shí zài],實在[shí zài]
vere;ver.0e;事实上[shì shí shàng],事實上[shì shí shàng]
vere;ver.0e;果真[guǒ zhēn]
vere;ver.0e;誠[chéng],诚[chéng]
vere;ver.0e;真真[zhēn zhēn]
vere;ver.0e;的确[dí què],的確[dí què]
vere;ver.0e;洵[xún]
vere;ver.0e;确实[què shí],確實[què shí]
vereco;ver.0eco;真实性[zhēn shí xìng],真實性[zhēn shí xìng]
vereco;ver.0eco;真話[zhēn huà],真话[zhēn huà]
vereco;ver.0eco;真誠[zhēn chéng],真诚[zhēn chéng]
verema;ver.0ema;誠實[chéng shí],诚实[chéng shí]
veremo;ver.0emo;真挚[zhēn zhì],真摯[zhēn zhì]
veremo;ver.0emo;真誠[zhēn chéng],真诚[zhēn chéng]
vero;ver.0o;实话[shí huà],實話[shí huà]
vero;ver.0o;真理[zhēn lǐ]
vero;ver.0o;真話[zhēn huà],真话[zhēn huà]
envere;ver.en0e;实际上[shí jì shàng],實際上[shí jì shàng]
envere;ver.en0e;事实上[shì shí shàng],事實上[shì shí shàng]
envere;ver.en0e;实则[shí zé],實則[shí zé]
envere;ver.en0e;真真[zhēn zhēn]
envere;ver.en0e;說真的[shuō zhēn de],说真的[shuō zhēn de]
kontraŭvera;ver.mal0a;虚假[xū jiǎ],虛假[xū jiǎ]
kontraŭvera;ver.mal0a;违心[wéi xīn],違心[wéi xīn]
kontraŭvera;ver.mal0a;贗[yàn],赝[yàn]
plivere;ver.pli0e;其实[qí shí],其實[qí shí]
plivere;ver.pli0e;而是[ér shì]
verando;verand.0o;廊[láng]
verando;verand.0o;走廊[zǒu láng]
verando;verand.0o;庑[wǔ],廡[wǔ]
verbo;verb.0o;动词[dòng cí],動詞[dòng cí]
helpverbo;verb.help0o;助动词[zhù dòng cí],助動詞[zhù dòng cí]
verdaĵo;verd.0ajxo;綠色商品[lǜ sè shāng pǐn],绿色商品[lǜ sè shāng pǐn]
verdi;;綠葉[lǜ yè],绿叶[lǜ yè]
ĉiamverda;verd.cxiam0a;常綠[cháng lù:],常绿[cháng lù:]
ĉiamverda;verd.cxiam0a;常青[cháng qīng]
ĉiamverda;verd.cxiam0a;常綠[cháng lǜ],常绿[cháng lǜ]
ĉiamverda;verd.cxiam0a;四季常綠[sì jì cháng lǜ],四季常绿[sì jì cháng lǜ]
ĉiamverda;verd.cxiam0a;常靑[cháng qīng],常青[cháng qīng]
verdigro;verdig.0o.kolorilo;銅青[tóng qīng],铜青[tóng qīng]
verdigro;verdig.0o.kolorilo;銅綠[tóng lù:],铜绿[tóng lù:]
verdigro;verdig.0o.kolorilo;銅鏽[tóng xiù],铜锈[tóng xiù]
verdigro;verdig.0o.kolorilo;乙酸銅[yǐ suān tóng],乙酸铜[yǐ suān tóng]
verdikti;verdik.0i;判决[pàn jué],判決[pàn jué]
verdikto;verdik.0o;判决[pàn jué],判決[pàn jué]
verdikto;verdik.0o;断语[duàn yǔ],斷語[duàn yǔ]
verdikti;;定讞[dìng yàn],定谳[dìng yàn]
vergi;verg.0i;杖[zhàng]
verkaro;verk.0aro;全集[quán jí]
verkejo;verk.0ejo;作坊[zuō fang]
verkejo;verk.0ejo;工坊[gōng fáng]
verki;verk.0i;編[biān],编[biān]
verki;verk.0i;譜寫[pǔ xiě],谱写[pǔ xiě]
verki;verk.0i;編寫[biān xiě],编写[biān xiě]
verki;verk.0i;撰写[zhuàn xiě],撰寫[zhuàn xiě]
verki;verk.0i;撰[zhuàn],譔[zhuàn]
verki;verk.0i;作曲[zuò qǔ]
verki;verk.0i;撰述[zhuàn shù]
verkilo;verk.0ilo;文书处理[wén shū chǔ lǐ],文書處理[wén shū chǔ lǐ]
verkisto;verk.0isto;作家[zuò jiā]
verkisto;verk.0isto;艺术家[yì shù jiā],藝術家[yì shù jiā]
verkisto;verk.0isto;艺员[yì yuán],藝員[yì yuán]
verkisto;verk.0isto;美术家[měi shù jiā],美術家[měi shù jiā]
verkisto;verk.0isto;演奏家[yǎn zòu jiā]
verkisto;verk.0isto;作者[zuò zhě]
verkisto;verk.0isto;笔者[bǐ zhě],筆者[bǐ zhě]
verko;verk.0o;作品[zuò pǐn]
verko;verk.0o;著作[zhù zuò]
verko;verk.0o;工艺品[gōng yì pǐn],工藝品[gōng yì pǐn]
verko;verk.0o;論著[lùn zhù],论著[lùn zhù]
verko;verk.0o;着作[zhù zuò],著作[zhù zuò]
referencverko;verk.referenc0o;参考书[cān kǎo shū],參考書[cān kǎo shū]
fadenvermoj;verm.faden0oj;線蟲動物門[xiàn chóng dòng wù mén],线虫动物门[xiàn chóng dòng wù mén]
fadenvermoj;verm.faden0oj;線蟲[xiàn chóng],线虫[xiàn chóng]
platvermoj;verm.plat0oj;扁形动物[biǎn xíng dòng wù],扁形動物[biǎn xíng dòng wù]
platvermoj;verm.plat0oj;扁形动物门[piān xíng dòng wù mén],扁形動物門[piān xíng dòng wù mén]
ringovermoj;verm.ringo0oj;环节动物门[huán jié dòng wù mén],環節動物門[huán jié dòng wù mén]
tervermo;verm.ter0o;蚓[yǐn]
tervermo;verm.ter0o;螾[yǐn]
zonovermoj;verm.zono0oj;蛭綱[zhì gāng],蛭纲[zhì gāng]
vermiĉelo;vermicxel.0o;粉丝[fěn sī],粉絲[fěn sī]
vermiĉelo;vermicxel.0o;粉条[fěn tiáo],粉條[fěn tiáo]
vermiljona;vermiljon.0a;中国红[Zhōng guó hóng],中國紅[Zhōng guó hóng]
vermiljona;;朱[zhū]
vermiljona;;朱紅[zhū hóng],朱红[zhū hóng]
vermiljono;vermiljon.0o;丹[dān]
Vermonto;vermont.0o;佛蒙特[Fó méng tè]
Vermonto;vermont.0o;佛蒙特州[Fó méng tè zhōu]
vermuto;vermut.0o.KUI;威末酒[wēi mò jiǔ]
verniero;vernier.0o;游标[yóu biāo],游標[yóu biāo]
verniero;vernier.0o;卡尺[kǎ chǐ]
verniero;vernier.0o;游标[yóu biāo],遊標[yóu biāo]
vernisi;vernis.0i;使上当[shǐ shàng dāng],使上當[shǐ shàng dāng]
vernisi;vernis.0i;塗漆[tú qī],涂漆[tú qī]
vernisi;vernis.0i;凡立水[fán lì shuǐ]
verniso;vernis.0o;油光漆[yóu guāng qī]
verniso;vernis.0o;光油塗層[guāng yóu tú céng],光油涂层[guāng yóu tú céng]
verniso;vernis.0o;凡立水[fán lì shuǐ]
ungoverniso;vernis.ungo0o;指甲油[zhǐ jia yóu]
Verono;veron.0o;維羅納[Wéi luó nà],维罗纳[Wéi luó nà]
versaĵo;vers.0ajxo;詩[shī],诗[shī]
versaĵo;vers.0ajxo;詩句[shī jù],诗句[shī jù]
versaĵo;vers.0ajxo;韵文[yùn wén],韻文[yùn wén]
versaĵo;vers.0ajxo;詩歌[shī gē],诗歌[shī gē]
versaĵo;vers.0ajxo;用詩表達[yòng shī biǎo dá],用诗表达[yòng shī biǎo dá]
versaĵo;vers.0ajxo;頌詞[sòng cí],颂词[sòng cí]
versero;vers.0ero;音步[yīn bù]
versisto;vers.0isto;作詩者[zuò shī zhě],作诗者[zuò shī zhě]
versisto;vers.0isto;韵诗作者[yùn shī zuò zhě],韻詩作者[yùn shī zuò zhě]
verso;vers.0o;詩詞[shī cí],诗词[shī cí]
verso;vers.0o;詩句[shī jù],诗句[shī jù]
verso;vers.0o;紋[wén],纹[wén]
unuverso;vers.unu0o;短笑話[duǎn xiào huà],短笑话[duǎn xiào huà]
Versajlo;versajl.0o.urbo;凡尔赛[fán ěr sài],凡爾賽[fán ěr sài]
versalo;versal.0o.TIP;大写字体[dà xiě zì tǐ],大寫字體[dà xiě zì tǐ]
versio;versi.0o;版[bǎn]
versio;versi.0o.eldono;版本[bǎn běn]
versio;versi.0o.versio;文本[wén běn]
verŝi;versx.0i;灌[guàn]
verŝi;versx.0i;浇[jiāo],澆[jiāo]
verŝi;versx.0i;注人[zhù rén]
verŝi;versx.0i;斟[zhēn]
verŝi;versx.0i;倾注[qīng zhù],傾注[qīng zhù]
Verŝisto;versx.V0isto;宝瓶[Bǎo píng],寶瓶[Bǎo píng]
Verŝisto;;水瓶座[Shuǐ píng zuò]
disverŝi;versx.dis0i;撒[sǎ]
elverŝi;versx.el0i;倾[qīng],傾[qīng]
elverŝi;versx.el0i;倒入[dǎo rù]
elverŝi;versx.el0i;浇注[jiāo zhù],澆注[jiāo zhù]
enverŝi;versx.en0i;汋[zhuó]
enverŝi;versx.en0i;倒进[dào jìn],倒進[dào jìn]
surverŝi;versx.pri0i;注人[zhù rén]
surverŝi;versx.pri0i;浇[jiāo],澆[jiāo]
surverŝi;versx.pri0i;淋[lín]
surverŝi;versx.pri0i;洒了水[sǎ liǎo shuǐ]
surverŝi;versx.pri0i;洒水[sǎ shuǐ]
sangoverŝado;versx.sango0o.masakro;流血[liú xiě]
sangoverŝado;versx.sango0o.masakro;血刃[xuè rèn]
superverŝi;versx.super0i;滔[tāo]
superverŝi;versx.super0i;洚[jiàng]
superverŝi;versx.super0i;溢出[yì chū]
superverŝi;versx.super0i;沒[mò],没[mò]
verto;vert.0o;头顶[tóu dǐng],頭頂[tóu dǐng]
verto;vert.0o;頂點[dǐng diǎn],顶点[dǐng diǎn]
verto;vert.0o;顛[diān],颠[diān]
vertago;vertag.0o;短腿猎犬[duǎn tuǐ liè quǎn],短腿獵犬[duǎn tuǐ liè quǎn]
vertebra;verteb.0a;脊椎[jǐ zhuī]
vertebraro;verteb.0aro;脊柱[jǐ zhù]
vertebraro;verteb.0aro;脊梁[jǐ liáng]
vertebraro;verteb.0aro;脊椎[jǐ zhuī]
vertebraro;verteb.0aro;骨干[gǔ gàn],骨幹[gǔ gàn]
vertebraro;verteb.0aro;膂[lǔ:]
vertebraro;verteb.0aro;脊椎骨[jǐ zhuī gǔ]
vertebraro;verteb.0aro;脊梁骨[jǐ liáng gǔ]
vertebro;verteb.0o;脊椎[jǐ zhuī]
vertebro;verteb.0o;椎[zhuī]
vertebro;verteb.0o;椎骨[zhuī gǔ]
vertebrulo;verteb.0ulo;脊椎动物[jǐ zhuī dòng wù],脊椎動物[jǐ zhuī dòng wù]
senvertebruloj;verteb.sen0uloj;无脊椎[wú jǐ zhuī],無脊椎[wú jǐ zhuī]
senvertebruloj;verteb.sen0uloj;无脊椎动物[wú jǐ zhuī dòng wù],無脊椎動物[wú jǐ zhuī dòng wù]
vertico;vertic.0o.grafeo;楞[léng]
vertico;vertic.0o.grafeo;角点[jiǎo diǎn],角點[jiǎo diǎn]
vertiĝi;vertigx.0i;眩晕[xuàn yùn],眩暈[xuàn yùn]
vertiĝi;vertigx.0i;令人眼花繚亂[lìng rén yǎn huā liáo luàn],令人眼花缭乱[lìng rén yǎn huā liáo luàn]
vertiĝi;vertigx.0i;晕高儿[yùn gāo r],暈高兒[yùn gāo r]
vertiĝi;vertigx.0i;头昏眼暗[tóu hūn yǎn àn],頭昏眼暗[tóu hūn yǎn àn]
vertiĝo;vertigx.0o;眩晕[xuàn yùn],眩暈[xuàn yùn]
vertiĝo;vertigx.0o;头昏[tóu hūn],頭昏[tóu hūn]
vertikala;vertik.0a;立式[lì shì]
vertikala;vertik.0a;竖[shù],豎[shù]
vertikala;vertik.0a;垂直[chuí zhí]
vertikala;vertik.0a;鉛垂的[qiān chuí de],铅垂的[qiān chuí de]
vertikala;vertik.0a;頂點的[dǐng diǎn de],顶点的[dǐng diǎn de]
vertikala;vertik.0a;立[lì]
vertikalo;;鉛垂線[qiān chuí xiàn],铅垂线[qiān chuí xiàn]
vertikalo;;竖[shù],豎[shù]
veruko;veruk.0o;瘊[hóu]
veruko;veruk.0o;疣[yóu]
veruko;veruk.0o;贅疣[zhuì yóu],赘疣[zhuì yóu]
verva;verv.0a;雄浑[xióng hún],雄渾[xióng hún]
verva;verv.0a;如火[rú huǒ]
verva;verv.0a;充满活力[chōng mǎn huó lì],充滿活力[chōng mǎn huó lì]
verva;verv.0a;生动活泼[shēng dòng huó po],生動活潑[shēng dòng huó po]
vervo;verv.0o.KOMUNE;热心[rè xīn],熱心[rè xīn]
vervo;verv.0o.KOMUNE;热风[rè fēng],熱風[rè fēng]
vespo;vesp.0o;黃蜂[huáng fēng],黄蜂[huáng fēng]
vespo;vesp.0o;馬蜂[mǎ fēng],马蜂[mǎ fēng]
vespo;vesp.0o;胡蜂[hú fēng]
vespedoj;vesped.0oj;胡蜂科[hú fēng kē]
Silvestra vespero;vesper.Novjara_0o;除夕之夜[chú xì zhī yè]
Silvestra vespero;vesper.Novjara_0o;除夕夜[chú xì yè]
Silvestra vespero;vesper.Novjara_0o;除夕晚[chú xì wǎn]
Silvestra vespero;vesper.Novjara_0o;新年前夕[xīn nián qián xì]
Silvestra vespero;vesper.Novjara_0o;岁除[suì chú],歲除[suì chú]
antaŭvespero;vesper.antaux0o;前夕[qián xì]
antaŭvespero;vesper.antaux0o;前夜[qián yè]
antaŭvespero;vesper.antaux0o;夕[xī]
antaŭvespero;vesper.antaux0o;暮[mù]
antaŭvespero;vesper.antaux0o;末期[mò qī]
sankta vespero;vesper.sankta0o;平安夜[píng ān yè]
sankta vespero;vesper.sankta0o;圣诞夜[shèng dàn yè],聖誕夜[shèng dàn yè]
sankta vespero;vesper.sankta0o;圣诞前夜[shèng dàn qián yè],聖誕前夜[shèng dàn qián yè]
sankta vespero;vesper.sankta0o;圣诞节前夕[shèng dàn jié qián xī],聖誕節前夕[shèng dàn jié qián xī]
vesperto;vesper1.0o;蝙[biān]
vesperto;vesper1.0o;蝙蝠[biān fú]
vesperto;vesper1.0o;蝠[fú]
vespertoj;;翼手目[yì shǒu mù]
vespro;vespr.0o;晚祷[wǎn dǎo],晚禱[wǎn dǎo]
vespro;vespr.0o;晚課[wǎn kè],晚课[wǎn kè]
vestaĵo;vest.0ajxo;衣衫[yī shān]
vestaĵo;vest.0ajxo;衣物[yī wù]
vestejo;vest.0ejo;更衣室[gēng yī shì]
vestejo;vest.0ejo;衣帽間[yī mào jiān],衣帽间[yī mào jiān]
vesti;vest.0i;穿上[chuān shang]
vesti;vest.0i;穿[chuān]
vesti;vest.0i;穿戴[chuān dài]
vesti;vest.0i;穿衣[chuān yī]
vesto;vest.0o;服装[fú zhuāng],服裝[fú zhuāng]
vesto;vest.0o;衣服[yī fu]
vesto;vest.0o;服[fú]
vesto;vest.0o;穿衣[chuān yī]
vesto;vest.0o;衣衫[yī shān]
vesto;vest.0o;裳[cháng]
laborvesto;vest.labor0o;工作服[gōng zuò fú]
noktovesto;vest.nokto0o;睡衣[shuì yī]
vesto;;衣[yī]
piedvesto;vest.pied0o;鞋子[xié zi]
piedvesto;vest.pied0o;鞋履[xié lǔ:]
piedvesto;vest.pied0o;鞋类[xié lèi],鞋類[xié lèi]
senvestigi;vest.sen0igi;脫衣服[tuō yī fú],脱衣服[tuō yī fú]
senvestigi;vest.sen0igi;宽衣解带[kuān yī jiě dài],寬衣解帶[kuān yī jiě dài]
senvestigi;vest.sen0igi;褫[chǐ]
senvestiĝi;vest.sen0igxi;脫衣服[tuō yī fú],脱衣服[tuō yī fú]
senvestiĝi;vest.sen0igxi;裎[chéng]
subvesto;vest.sub0o;內衣[nèi yī],内衣[nèi yī]
subvesto;vest.sub0o;裳[cháng]
subvesto;vest.sub0o;貼身衣[tiē shēn yī],贴身衣[tiē shēn yī]
subvesto;vest.sub0o;衬衣[chèn yī],襯衣[chèn yī]
supervesto;vest.super0o;外衣[wài yī]
supervesto;vest.super0o;大氅[dà chǎng]
supervesto;vest.super0o;大衣[dà yī]
supervesto;vest.super0o;氅[chǎng]
supervesto;vest.super0o;上衣[shàng yī]
survesto;vest.sur0o;大氅[dà chǎng]
survesto;vest.sur0o;氅[chǎng]
Vestfalio;vestfali.0o;威斯特法伦[wēi sī tè fǎ lún],威斯特法倫[wēi sī tè fǎ lún]
Vestfalio;vestfali.0o;西發里亞[xī fā lǐ yà]
Nordrejn-Vestfalio;vestfali.Nordrejn0o;北威州[Běi wēi zhōu]
Nordrejn-Vestfalio;vestfali.Nordrejn0o;北莱茵·威斯特法伦州[Běi lái yīn · Wēi sī tè fǎ lún zhōu],北萊茵·威斯特法倫州[Běi lái yīn · Wēi sī tè fǎ lún zhōu]
vestiblo;vestib.0o.ANA;套間[tào jiān],套间[tào jiān]
vestiblo;vestib.0o.ANA;玄关[xuán guān],玄關[xuán guān]
vestiblo;vestib.0o.ANA;前院[qián yuàn]
vestiĝo;vestigx.0o;遗迹[yí jī],遺跡[yí jī]
vestiĝo;vestigx.0o;遗址[yí zhǐ],遺址[yí zhǐ]
vestiĝo;vestigx.0o;古跡[gǔ jì],古迹[gǔ jì]
vestiĝo;vestigx.0o;遗迹[yí jì],遺跡[yí jì]
Vestminstro;vestminstr.0o;西敏[Xī mǐn]
veŝto;vesxt.0o;裲[liǎng]
vete;vet.0e.FIG;竞相[jìng xiāng],競相[jìng xiāng]
veti;vet.0i;賭約[dǔ yuē],赌约[dǔ yuē]
veti;vet.0i;投注[tóu zhù]
veti;vet.0i;打賭[dǎ dǔ],打赌[dǎ dǔ]
veti;vet.0i;賭[dǔ],赌[dǔ]
veti;vet.0i;賭博[dǔ bó],赌博[dǔ bó]
veto;vet.0o;打賭[dǎ dǔ],打赌[dǎ dǔ]
misvetero;veter.mis0o;恶劣天气[è liè tiān qì],惡劣天氣[è liè tiān qì]
misvetero;veter.mis0o;大发雷霆[dà fā léi tíng],大發雷霆[dà fā léi tíng]
misvetero;veter.mis0o;天气恶劣[tiān qì è liè],天氣惡劣[tiān qì è liè]
misvetero;veter.mis0o;成語大發雷霆[chéng yǔ dà fā léi tíng],成语大发雷霆[chéng yǔ dà fā léi tíng]
veterano;vetera.0o;榮民[róng mín],荣民[róng mín]
veterano;vetera.0o;老兵[lǎo bīng]
veterano;vetera.0o;退伍军人[tuì wǔ jūn rén],退伍軍人[tuì wǔ jūn rén]
veterinaro;veteri.0o;兽医[shòu yī],獸醫[shòu yī]
vetoi;veto.0i;否决[fǒu jué],否決[fǒu jué]
vetoo;veto.0o;否决权[fǒu jué quán],否決權[fǒu jué quán]
vetoo;veto.0o;否决[pǐ jué],否決[pǐ jué]
vetoo;veto.0o;否決[fǒu jué]
vetoo;veto.0o;否决票[fǒu jué piào],否決票[fǒu jué piào]
veturejo;vetur.0ejo.sxoseo;車行道[chē xíng dào],车行道[chē xíng dào]
veturejo;vetur.0ejo.sxoseo;机动车道[jī dòng chē dào],機動車道[jī dòng chē dào]
veturejo;vetur.0ejo.sxoseo;行車道[xíng chē dào],行车道[xíng chē dào]
veturejo;vetur.0ejo.sxoseo;路基[lù jī]
veturi;vetur.0i.TRA;徂[cú]
veturi;vetur.0i.TRA;旅行[lǔ: xíng]
veturigi;vetur.0igi.TRA;搬运[bān yùn],搬運[bān yùn]
veturigi;vetur.0igi.TRA;摙[liǎn]
veturigi;vetur.0igi.TRA;运输[yùn shū],運輸[yùn shū]
veturigi;vetur.0igi.TRA;运送[yùn sòng],運送[yùn sòng]
veturi;;乘車[chéng chē],乘车[chéng chē]
veturi;;駕車[jià chē],驾车[jià chē]
veturigisto;vetur.0igisto;駕駛員[jià shǐ yuán],驾驶员[jià shǐ yuán]
veturigisto;vetur.0igisto;司机[sī jī],司機[sī jī]
veturigisto;vetur.0igisto;馬車伕[mǎ chē fu],马车夫[mǎ chē fu]
veturilaro;vetur.0ilaro;全部車輛[quán bù chē liàng],全部车辆[quán bù chē liàng]
veturilaro;vetur.0ilaro;护航机组[hù háng jī zǔ],護航機組[hù háng jī zǔ]
veturilaro;vetur.0ilaro;护航船队[hù háng chuán duì],護航船隊[hù háng chuán duì]
veturilaro;vetur.0ilaro;护送车队[hù sòng chē duì],護送車隊[hù sòng chē duì]
ĉirkaŭveturi;vetur.cxirkaux0i.absolute;交馳[jiāo chí],交驰[jiāo chí]
ĉirkaŭveturi;vetur.cxirkaux0i.kun_objekto;兜圈子[dōu quān zi]
ĉirkaŭveturi;vetur.cxirkaux0i.kun_objekto;繞圈子[rào quān zi],绕圈子[rào quān zi]
ĉirkaŭveturi;vetur.cxirkaux0i.kun_objekto;环绕[huán rào],環繞[huán rào]
ĉirkaŭveturi;vetur.cxirkaux0i.kun_objekto;盘旋[pán xuán],盤旋[pán xuán]
veturi;;乘坐[chéng zuò]
veturi;;开车[kāi chē],開車[kāi chē]
elveturi;vetur.el0i.KOMUNE;开走[kāi zǒu],開走[kāi zǒu]
enveturi;vetur.en0i;縮回[suō huí],缩回[suō huí]
enveturi;vetur.en0i;塞入[sāi rù]
enveturi;vetur.en0i;跑入[pǎo rù]
glitveturilo;vetur.glit0ilo;橇[qiāo]
glitveturilo;vetur.glit0ilo;冰橇[bīng qiāo]
glitveturilo;vetur.glit0ilo;雪橇[xuě qiāo]
glitveturilo;vetur.glit0ilo;扒犁[pá li]
glitveturilo;vetur.glit0ilo;爬犁[pá lí]
spacveturilo;vetur.kosmo0ilo;飛船[fēi chuán],飞船[fēi chuán]
spacveturilo;vetur.kosmo0ilo;太空飛船[tài kōng fēi chuán],太空飞船[tài kōng fēi chuán]
spacveturilo;vetur.kosmo0ilo;航天器[háng tiān qì]
spacveturilo;vetur.kosmo0ilo;宇宙飛船[yǔ zhòu fēi chuán],宇宙飞船[yǔ zhòu fēi chuán]
petveturi;vetur.pet0i;便車[biàn chē],便车[biàn chē]
postveturilo;vetur.post0ilo;拖車[tuō chē],拖车[tuō chē]
postveturilo;vetur.post0ilo;挂车[guà chē],掛車[guà chē]
reveturi;vetur.re0i;駛回[shǐ huí],驶回[shǐ huí]
surveturi;vetur.sur0i.iun;撞倒[zhuàng dǎo]
surveturi;vetur.sur0i.iun;撞死[zhuàng sǐ]
ŝarĝveturilo;vetur.sxargx0ilo;載貨汽車[zài huò qì chē],载货汽车[zài huò qì chē]
ŝarĝveturilo;vetur.sxargx0ilo;大型貨車[dà xíng huò chē],大型货车[dà xíng huò chē]
ŝarĝveturilo;vetur.sxargx0ilo;載重汽車[zài zhòng qì chē],载重汽车[zài zhòng qì chē]
ŝarĝveturilo;vetur.sxargx0ilo;卡車[kǎ chē],卡车[kǎ chē]
traveturi;vetur.tra0i;通行[tōng xíng]
traveturi;vetur.tra0i;擐[huàn]
Vezero;vezer.0o;威悉河[wēi xī hé]
veziko;vezik.0o;凸泡[tū pào]
veziko;vezik.0o;水泡[shuǐ pào]
veziko;vezik.0o;胞囊[bāo náng]
veziko;vezik.0o;水疱[shuǐ pào],水皰[shuǐ pào]
veziko;vezik.0o;胱[guāng]
veziko;vezik.0o;脬[pāo]
veziko;vezik.0o;膀[páng]
haŭtveziko;vezik.hauxt0o;疱[pào],皰[pào]
haŭtveziko;vezik.hauxt0o;水泡[shuǐ pào]
naĝveziko;vezik.nagxo0o;鰾[biào],鳔[biào]
urinveziko;vezik.urina0o;膀胱[páng guāng]
urinveziko;vezik.urina0o;膀胱[pǎng guāng]
vi;vi.0;貴方[guì fāng],贵方[guì fāng]
vi;vi.0;倷[nǎi]
vi;vi.0;你[nǐ]
via;vi.0a;你的[nǐ de]
viadukto;viaduk.0o;高架桥[gāo jià qiáo],高架橋[gāo jià qiáo]
viandejo;viand.0ejo;肉販[ròu fàn],肉贩[ròu fàn]
hakviando;viand.hak0ajxo;肉糜[ròu mí]
hakviando;viand.hak0ajxo;肉餡[ròu xiàn],肉馅[ròu xiàn]
hakviando;viand.hak0ajxo;醢[hǎi]
hakviando;viand.hak0ajxo;絞肉[jiǎo ròu],绞肉[jiǎo ròu]
hakviando;viand.hak0ajxo;肉末[ròu mò]
hakviandaĵo;viand.hak0ajxo;肉饼[ròu bǐng]
hakviandaĵo;viand.hak0ajxo;肉圆[ròu yuán],肉圓[ròu yuán]
hakviandaĵo;viand.hak0ajxo;煎肉餅[jiān ròu bǐng],煎肉饼[jiān ròu bǐng]
viatiko;viatik.0o;最后晚餐[zuì hòu wǎn cān],最後晚餐[zuì hòu wǎn cān]
viatiko;viatik.0o;圣餐礼[shèng cān lǐ],聖餐禮[shèng cān lǐ]
vibri;vibr.0i;顫動[chàn dòng],颤动[chàn dòng]
vibri;vibr.0i;振动[zhèn dòng],振動[zhèn dòng]
vibri;vibr.0i;振荡[zhèn dàng],振蕩[zhèn dàng]
vibri;vibr.0i;震[zhèn]
vibri;vibr.0i;抖动[dǒu dòng],抖動[dǒu dòng]
vibri;vibr.0i;震盪[zhèn dàng],震荡[zhèn dàng]
vibri;vibr.0i;震荡[zhèn dàng],震蕩[zhèn dàng]
vibrigi;;震动[zhèn dòng],震動[zhèn dòng]
vibro;vibr.0o;振荡[zhèn dàng],振蕩[zhèn dàng]
vibro;vibr.0o;震盪[zhèn dàng],震荡[zhèn dàng]
vic-;vic.0.POL;副总[fù zǒng],副總[fù zǒng]
vice;vic.0e;接连[jiē lián],接連[jiē lián]
vice;vic.0e;一连[yī lián],一連[yī lián]
vice;vic.0e;挨次[āi cì]
vice;vic.0e;一字[yī zì]
vice;vic.0e;一字儿[yī zì r],一字兒[yī zì r]
vicigi;vic.0igi;挡[dàng],擋[dàng]
vicigi;vic.0igi.KOMUNE;列[liè]
viciĝi;vic.0igxi;排成行[pái chéng háng]
vico;vic.0o;行列[háng liè]
vico;vic.0o;行[háng]
vico;vic.0o;列[liè]
vico;vic.0o;排[pái]
viculo;vic.0ulo;副总[fù zǒng],副總[fù zǒng]
viculo;vic.0ulo;任副职者[rèn fù zhí zhě],任副職者[rèn fù zhí zhě]
vicumi;vic.0umi;排队[pái duì],排隊[pái duì]
alviciĝi;vic.al0igxi;附和[fù hè]
alviciĝi;vic.al0igxi;結盟[jié méng],结盟[jié méng]
alviciĝi;vic.al0igxi.KOMUNE;归附[guī fù],歸附[guī fù]
anservice;vic.anser0e;成一列縱隊[chéng yī liè zōng duì],成一列纵队[chéng yī liè zōng duì]
aritmetika vico;vic.aritmetika0o;算术数列[suàn shù shù liè],算術數列[suàn shù shù liè]
atendovico;vic.atendo0o;排队[pái duì],排隊[pái duì]
atendovico;vic.atendo0o;等候的队列[děng hòu de duì liè],等候的隊列[děng hòu de duì liè]
alviciĝi;;排队[pái duì],排隊[pái duì]
finilonga vico;vic.finia0o;有限級數[yǒu xiàn jí shù],有限级数[yǒu xiàn jí shù]
geometria vico;vic.geometria0o;几何级数[jǐ hé jí shù],幾何級數[jǐ hé jí shù]
laŭvice;vic.laux0e;輪番[lún fān],轮番[lún fān]
laŭvice;vic.laux0e;先后[xiān hòu],先後[xiān hòu]
laŭvice;vic.laux0e;依次[yī cì]
laŭvice;vic.laux0e;一递一个[yī dì yī gè],一遞一個[yī dì yī gè]
laŭvice;vic.laux0e;次第[cì dì]
laŭvice;vic.laux0e;陆陆续续[lù lù xù xù],陸陸續續[lù lù xù xù]
laŭvice;vic.laux0e;順次[shùn cì],顺次[shùn cì]
laŭvice;vic.laux0e;接二连三[jiē èr lián sān],接二連三[jiē èr lián sān]
laŭvice;vic.laux0e;相繼[xiāng jì],相继[xiāng jì]
survicigi;vic.sur0igi.KOMUNE;串[chuàn]
survicigi;vic.sur0igi.KOMUNE;紉[rèn],纫[rèn]
unuavice;vic.unua0e;在先[zài xiān]
unuavice;vic.unua0e;首先[shǒu xiān]
vicio;vici.0o;薇[wéi]
vicio;vici.0o;野豌豆[yě wān dòu]
vidado;vid.0ado;視覺[shì jué],视觉[shì jué]
vidado;vid.0ado;目光[mù guāng]
vidado;vid.0ado;視力[shì lì],视力[shì lì]
vidado;vid.0ado;眼界[yǎn jiè]
vidado;vid.0ado;眼神[yǎn shén]
vidado;vid.0ado;眼光[yǎn guāng]
vidaĵo;vid.0ajxo;外觀[wài guān],外观[wài guān]
vidaĵo;vid.0ajxo;風光[fēng guāng],风光[fēng guāng]
vidaĵo;vid.0ajxo;景象[jǐng xiàng]
vidaĵo;vid.0ajxo;戏[xì],戲[xì]
vidaĵo;vid.0ajxo;表演[biǎo yǎn]
vidalvide;vid.0al0e;对面[duì miàn],對面[duì miàn]
vidalvide;vid.0al0e;面对面[miàn duì miàn],面對面[miàn duì miàn]
vidalvide;vid.0al0e;相向[xiāng xiàng]
vidalvide;vid.0al0e;当面[dāng miàn],當面[dāng miàn]
vidalvide;vid.0al0e;相对[xiāng duì],相對[xiāng duì]
vidalvide;vid.0al0e;零距离[líng jù lí],零距離[líng jù lí]
videbla;vid.0ebla;能見度[néng jiàn dù],能见度[néng jiàn dù]
videbla;vid.0ebla;有形[yǒu xíng]
videbla;vid.0ebla;看得見[kàn dé jiàn],看得见[kàn dé jiàn]
videbla;vid.0ebla;显[xiǎn],顯[xiǎn]
videjo;vid.0ejo;視點[shì diǎn],视点[shì diǎn]
videjo;vid.0ejo;瞭望台[liào wàng tái],瞭望臺[liào wàng tái]
videjo;vid.0ejo;觀象臺[guān xiàng tái],观象台[guān xiàng tái]
videjo;vid.0ejo;觀景陽台[guān jǐng yáng tái],观景阳台[guān jǐng yáng tái]
videjo;vid.0ejo;瞭望台[liào wàng tái]
videjo;vid.0ejo;觀景處[guān jǐng chù],观景处[guān jǐng chù]
videjo;vid.0ejo;觀景台[guān jǐng tái],观景台[guān jǐng tái]
vidi;vid.0i;瞧見[qiáo jiàn],瞧见[qiáo jiàn]
vidi;vid.0i;看到[kàn dào]
vidi;vid.0i;見到[jiàn dào],见到[jiàn dào]
vidi;vid.0i;看見[kàn jiàn],看见[kàn jiàn]
vidi;vid.0i;觀看[guān kàn],观看[guān kàn]
vidigi;vid.0igi;摆明[bǎi míng],擺明[bǎi míng]
vidigi;vid.0igi;表现[biǎo xiàn],表現[biǎo xiàn]
vidigi;vid.0igi;表示[biǎo shì]
vidigi;vid.0igi;所示[suǒ shì]
vidigi;vid.0igi;出示[chū shì]
vidiĝi;vid.0igxi;呈现[chéng xiàn],呈現[chéng xiàn]
vidiĝi;vid.0igxi;見[xiàn],见[xiàn]
vidiĝi;vid.0igxi;出來[chū lái],出来[chū lái]
vidiĝi;vid.0igxi;泛起[fàn qǐ]
vidiĝi;vid.0igxi;显露[xiǎn lù],顯露[xiǎn lù]
vidiĝi;vid.0igxi;出现[chū xiàn],出現[chū xiàn]
vidiĝi;vid.0igxi;显得[xiǎn de],顯得[xiǎn de]
vidindaĵo;vid.0indajxo;名勝[míng shèng],名胜[míng shèng]
vidindaĵo;vid.0indajxo;名勝古跡[míng shèng gǔ jì],名胜古迹[míng shèng gǔ jì]
vidindaĵo;vid.0indajxo;旅游胜地[lǚ yóu shèng dì],旅遊勝地[lǚ yóu shèng dì]
vido;vid.0o;看法[kàn fǎ]
vido;vid.0o;風光[fēng guāng],风光[fēng guāng]
vido;vid.0o;眼神[yǎn shén]
vido;vid.0o;景致[jǐng zhì]
vido;vid.0o;目力[mù lì]
vido;vid.0o;觀點[guān diǎn],观点[guān diǎn]
vidkapablo;vid.0povo;視覺[shì jué],视觉[shì jué]
vidkapablo;vid.0povo;眼力[yǎn lì]
akravida;vid.akra0a;哲[zhé],喆[zhé]
akravida;vid.akra0a;明察秋毫[míng chá qiū háo]
antaŭvidebla;vid.antaux0ebla;可預見[kě yù jiàn],可预见[kě yù jiàn]
antaŭvidebla;vid.antaux0ebla;可預言[kě yù yán],可预言[kě yù yán]
antaŭvidema;vid.antaux0ema;先知先覺[xiān zhī xiān jué],先知先觉[xiān zhī xiān jué]
antaŭvidema;vid.antaux0ema;前瞻[qián zhān]
antaŭvidema;vid.antaux0ema.KOMUNE;能預料[néng yù liào],能预料[néng yù liào]
antaŭvidi;vid.antaux0i;預見[yù jiàn],预见[yù jiàn]
antaŭvidi;vid.antaux0i;預測[yù cè],预测[yù cè]
antaŭvidi;vid.antaux0i;逆料[nì liào]
antaŭvidi;vid.antaux0i;卜[bǔ]
aŭdvida;vid.auxd0a;声像[shēng xiàng],聲像[shēng xiàng]
aŭdvida;vid.auxd0a;直觀[zhí guān],直观[zhí guān]
aŭdvida;vid.auxd0a;音像[yīn xiàng]
aŭdvida;vid.auxd0a;視聽[shì tīng],视听[shì tīng]
ekvidi;vid.ek0i;瞥見[piē jiàn],瞥见[piē jiàn]
ekvidi;vid.ek0i;看見[kàn jiàn],看见[kàn jiàn]
ekvidi;vid.ek0i;看到[kàn dào]
ekvidi;vid.ek0i;望見[wàng jiàn],望见[wàng jiàn]
ekvidi;vid.ek0i;发觉[fā jué],發覺[fā jué]
ekvidi;vid.ek0i;覯[gòu],觏[gòu]
ekvidi;vid.ek0i;覺察[jué chá],觉察[jué chá]
ekvidi;vid.ek0i;察覺[chá jué],察觉[chá jué]
envido;vid.en0o;通达[tōng dá],通達[tōng dá]
ĝisrevidi;vid.gxisre0i;告辞[gào cí],告辭[gào cí]
ĝisrevidi;vid.gxisre0i;道別[dào bié],道别[dào bié]
ĝisrevidi;vid.gxisre0i;告別[gào bié],告别[gào bié]
ĝisrevidi;vid.gxisre0i;挥别[huī bié],揮別[huī bié]
ĝisrevidi;vid.gxisre0i;送別[sòng bié],送别[sòng bié]
ĝisrevidi;vid.gxisre0i;辞行[cí xíng],辭行[cí xíng]
intervidiĝi;vid.inter0igxi;相見[xiāng jiàn],相见[xiāng jiàn]
klarvida;vid.klar0a.PSI;明察秋毫[míng chá qiū háo]
klarvida;vid.klar0a.PSI;慧[huì]
klarvida;vid.klar0a.PSI;睿[ruì]
netravidebla;vid.netra0ebla;捉摸不定[zhuō mó bù dìng]
netravidebla;vid.netra0ebla;瓀[ruǎn]
netravidebla;vid.netra0ebla;混浊[hún zhuó],混濁[hún zhuó]
netravidebla;vid.netra0ebla;不能透过[bù néng tòu guò],不能透過[bù néng tòu guò]
netravidebla;vid.netra0ebla;不通透[bù tōng tòu]
netravidebla;vid.netra0ebla;透不过[tòu bù guò],透不過[tòu bù guò]
nigrevidulo;vid.nigre0ulo;忧时之士[yōu shí zhī shì],憂時之士[yōu shí zhī shì]
pretervidi;vid.preter0i;失掉[shī diào]
pretervidi;vid.preter0i;視而不見[shì ér bù jiàn],视而不见[shì ér bù jiàn]
revidi;vid.re0i.KOMUNE;团聚[tuán jù],團聚[tuán jù]
revidi;vid.re0i.KOMUNE;重逢[chóng féng]
revidi;vid.re0i.trakorekti;复审[fù shěn],復審[fù shěn]
revidi;vid.re0i.trakorekti;审阅[shěn yuè],審閱[shěn yuè]
travidebla;vid.tra0ebla;透明[tòu míng]
travidebla;;冏彻[jiǒng chè],冏徹[jiǒng chè]
travidi;vid.tra0i;看穿[kàn chuān]
travidi;vid.tra0i;看透[kàn tòu]
travidi;vid.tra0i;識破[shì pò],识破[shì pò]
videaĵo;vide.0ajxo;录制视频片断[lù zhì shì pín piàn duàn],錄製視頻片斷[lù zhì shì pín piàn duàn]
videaĵo;vide.0ajxo;录像[lù xiàng],錄像[lù xiàng]
videaĵo;vide.0ajxo;动态影像[dòng tài yǐng xiàng],動態影像[dòng tài yǐng xiàng]
videaĵo;vide.0ajxo;視頻消息[shì pín xiāo xí],视频消息[shì pín xiāo xí]
videaĵo;vide.0ajxo;視頻錄像[shì pín lù xiàng],视频录像[shì pín lù xiàng]
video;vide.0o;視頻[shì pín],视频[shì pín]
video;vide.0o;动态影像[dòng tài yǐng xiàng],動態影像[dòng tài yǐng xiàng]
video;vide.0o;視像[shì xiàng],视像[shì xiàng]
muzikvideo;vide.muzik0o;音乐电视[yīn yuè diàn shì],音樂電視[yīn yuè diàn shì]
muzikvideo;vide.muzik0o;音乐录影带[yīn yuè lù yǐng dài],音樂錄影帶[yīn yuè lù yǐng dài]
vidvino;vidv.0ino;孀[shuāng]
vidvino;vidv.0ino;嫠[lí]
vidvino;vidv.0ino;寡妇[guǎ fu],寡婦[guǎ fu]
vidvino;vidv.0ino;遗孀[yí shuāng],遺孀[yí shuāng]
vidvo;vidv.0o;孀[shuāng]
vidvo;vidv.0o;鰥[guān],鳏[guān]
Vieno;vien.0o;維也納[Wéi yě nà],维也纳[Wéi yě nà]
vifio;vifi.0o;无线热点[wú xiàn rè diǎn],無線熱點[wú xiàn rè diǎn]
vigili;vigil.0i;待命[dài mìng]
vigla;vigl.0a;活跃[huó yuè],活躍[huó yuè]
vigla;vigl.0a;活泼[huó po],活潑[huó po]
vigla;vigl.0a;热烈[rè liè],熱烈[rè liè]
vigla;vigl.0a;輕快[qīng kuài],轻快[qīng kuài]
vigla;vigl.0a;灵[líng],靈[líng]
vigla;vigl.0a;乖覺[guāi jué],乖觉[guāi jué]
vigla;vigl.0a.atenta;惺惺[xīng xīng]
vigla;vigl.0a.fresxa;活蹦乱跳[huó bèng luàn tiào],活蹦亂跳[huó bèng luàn tiào]
vigle;vigl.0e;大力[dà lì]
vigli;;专注[zhuān zhù],專注[zhuān zhù]
vigli;;守望[shǒu wàng]
vigli;;惺惺[xīng xīng]
vigliga;vigl.0iga.KOMUNE;食慾大開[shí yù dài kāi],食欲大开[shí yù dài kāi]
vigligi;vigl.0igi;活跃[huó yuè],活躍[huó yuè]
vigligi;vigl.0igi;搞活[gǎo huó]
vigligi;vigl.0igi.KOMUNE;激扬[jī yáng],激揚[jī yáng]
vigligi;vigl.0igi.KOMUNE;勉励[miǎn lì],勉勵[miǎn lì]
vigligi;vigl.0igi.KOMUNE;促动[cù dòng],促動[cù dòng]
vigliĝi;vigl.0igxi;振作[zhèn zuò]
vigliĝi;vigl.0igxi.KOMUNE;睡醒[shuì xǐng]
vigleco;vigl.0o;戒心[jiè xīn]
vigleco;vigl.0o;生气[shēng qì],生氣[shēng qì]
vigleco;vigl.0o;翛[shù]
malvigla;vigl.mal0a;怠惰[dài duò]
malvigla;vigl.mal0a;慢轉[màn zhuǎn],慢转[màn zhuǎn]
malvigla;vigl.mal0a;苶[nié]
malvigli;vigl.mal0i;犯困[fàn kùn]
malvigligi;vigl.mal0igi;使人疲劳[shǐ rén pí láo],使人疲勞[shǐ rén pí láo]
malvigligi;vigl.mal0igi;使困倦[shǐ kùn juàn]
malvigligi;vigl.mal0igi;使疲倦[shǐ pí juàn]
malvigligi;vigl.mal0igi;精疲力尽[jīng pí lì jìn],精疲力盡[jīng pí lì jìn]
malvigligi;vigl.mal0igi;疲倦[pí juàn]
malvigleco;vigl.mal0o;倦意[juàn yì]
malvigleco;vigl.mal0o;惯性原理[guàn xìng yuán lǐ],慣性原理[guàn xìng yuán lǐ]
revigligi;vigl.re0igi;搞活[gǎo huó]
revigliĝi;vigl.re0igxi;恢复[huī fù],恢復[huī fù]
revigliĝi;vigl.re0igxi;很快恢复过来[hěn kuài huī fù guò lái],很快恢復過來[hěn kuài huī fù guò lái]
vikio;viki.0o;維基[wéi jī],维基[wéi jī]
vikingo;viking.0o;維京人[Wéi jīng rén],维京人[Wéi jīng rén]
viktimigi;viktim.0igi;害人[hài rén]
viktimo;viktim.0o;伤亡[shāng wáng],傷亡[shāng wáng]
viktimo;viktim.0o;伤者[shāng zhě],傷者[shāng zhě]
viktimo;viktim.0o;受害人[shòu hài rén]
viktimo;viktim.0o;死难者[sǐ nán zhě],死難者[sǐ nán zhě]
viktimo;viktim.0o;遇难者[yù nàn zhě],遇難者[yù nàn zhě]
viktimo;viktim.0o;受害者[shòu hài zhě]
Viktoro;viktor.0o;維克多[wéi kè duō],维克多[wéi kè duō]
Viktoro;viktor.0o;維克托[Wéi kè tuō],维克托[Wéi kè tuō]
Viktorio;viktori.0o.cxefurbo;維多利亞[Wéi duō lì yà],维多利亚[Wéi duō lì yà]
Viktorio;viktori.0o.cxefurbo;維多利亞州[Wéi duō lì yà zhōu],维多利亚州[Wéi duō lì yà zhōu]
Viktorio;viktori.0o.lago;維多利亞湖[Wéi duō lì yà Hú],维多利亚湖[Wéi duō lì yà Hú]
vila;vil.0a;毵[sān],毿[sān]
vila;vil.0a;髟[biāo]
vilo;vil.0o;絨毛[róng máo],绒毛[róng máo]
vilo;vil.0o;長茸毛[zhǎng róng máo],长茸毛[zhǎng róng máo]
vilao;vila.0o;別墅[bié shù],别墅[bié shù]
vilao;vila.0o;墅[shù]
vilao;vila.0o;別莊[bié zhuāng],别庄[bié zhuāng]
vilaĝano;vilagx.0ano;村民[cūn mín]
vilaĝano;vilagx.0ano;裡人[lǐ rén],里人[lǐ rén]
vilaĝano;vilagx.0ano;乡下人[xiāng xià rén],鄉下人[xiāng xià rén]
vilaĝo;vilagx.0o;村庄[cūn zhuāng],村莊[cūn zhuāng]
vilaĝo;vilagx.0o;邑[yì]
vilaĝo;vilagx.0o;庄[zhuāng],莊[zhuāng]
vilaĝo;vilagx.0o;农村[nóng cūn],農村[nóng cūn]
vilaĝo;vilagx.0o;屯[tún]
vilaĝo;vilagx.0o;村子[cūn zi]
vilaĝo;vilagx.0o;村里[cūn lǐ]
vilaĝo;vilagx.0o;閈[hàn]
vilaĝo;vilagx.0o;庉[dùn]
vilaĝo;vilagx.0o;村[cūn]
vilaĝo;vilagx.0o;鄕[xiāng]
Vilniuso;viln.0o.cxefurbo;維爾紐斯[wéi ěr niǔ sī],维尔纽斯[wéi ěr niǔ sī]
vimeno;vimen.0o;柳条[liǔ tiáo],柳條[liǔ tiáo]
vimplo;vimpl.0o;旛[fān]
vinberujo;vin.0berarbo;小广播[xiǎo guǎng bō],小廣播[xiǎo guǎng bō]
vinberujo;vin.0berarbo;葡萄树[pú táo shù],葡萄樹[pú táo shù]
vinberujo;vin.0berarbo;葡萄[pú táo]
vinberĝardeno;vin.0bergxardeno;葡萄园[pú táo yuán],葡萄園[pú táo yuán]
vinberĝardeno;vin.0bergxardeno;葡萄山[pú táo shān]
vinberĝardeno;vin.0bergxardeno;葡萄种植园[pú táo zhòng zhí yuán],葡萄種植園[pú táo zhòng zhí yuán]
vinejo;vin.0ejo;酒肆[jiǔ sì]
vinisto;vin.0isto;葡萄农[pú táo nóng],葡萄農[pú táo nóng]
vinisto;vin.0isto;种采葡萄者[zhǒng cǎi pú táo zhě],種採葡萄者[zhǒng cǎi pú táo zhě]
mielvino;vin.miel0o;蜂蜜酒[fēng mì jiǔ]
palmvino;vin.palmo0o;棕榈汁[zōng lǘ zhī],棕櫚汁[zōng lǘ zhī]
palmvino;vin.palmo0o;棕榈酒[zōng lǘ jiǔ],棕櫚酒[zōng lǘ jiǔ]
pomvino;vin.pom0o;苹果酒[píng guǒ jiǔ],蘋果酒[píng guǒ jiǔ]
ŝaŭmvino;vin.sxauxm0o;起泡酒[qǐ pào jiǔ]
ŝaŭmvino;vin.sxauxm0o;香槟酒[xiāng bīn jiǔ],香檳酒[xiāng bīn jiǔ]
ŝaŭmvino;vin.sxauxm0o;香槟[xiāng bīn],香檳[xiāng bīn]
ŝaŭmvino;vin.sxauxm0o;含二氧化碳的酒[hán èr yǎng huà tàn de jiǔ]
ŝaŭmvino;;汽酒[qì jiǔ]
vinagro;vinagr.0o;白醋[bái cù]
vinagro;vinagr.0o;食醋[shí cù]
vinao;;尼亚[ní yà],尼亞[ní yà]
Vincento;vincent.0o;文森特[wén sēn tè]
vinĉo;vincx.0o;絞車[jiǎo chē],绞车[jiǎo chē]
vindaĵo;vind.0ajxo;尿布[niào bù]
vindaĵo;vind.0ajxo;尿片[niào piàn]
vindaĵo;vind.0ajxo;尿片[suī piàn]
vindaĵo;vind.0ajxo;褯[jiè]
vindaĵo;vind.0ajxo;襁褓[qiǎng bǎo]
vindaĵo;vind.0ajxo;裼[tì]
vindo;vind.0o;綁帶[bǎng dài],绑带[bǎng dài]
vindo;vind.0o;尿布[niào bù]
vindo;vind.0o;尿片[suī piàn]
vindo;vind.0o;襁褓[qiǎng bǎo]
vindo;vind.0o;裼[tì]
vindotablo;;尿垫[niào diàn],尿墊[niào diàn]
vindotuko;vind.0otuko;襁褓[qiǎng bǎo]
vindaso;vindas.0o;轆[lù],辘[lù]
vindaso;vindas.0o;轤[lú],轳[lú]
vindaso;vindas.0o;絞車[jiǎo chē],绞车[jiǎo chē]
Vindhuko;vindhuk.0o;温得和克[Wēn dé hé kè],溫得和克[Wēn dé hé kè]
Vindozo;vindoz.0o;視窗[Shì chuāng],视窗[Shì chuāng]
vinilo;vinil.0o;黑胶[hēi jiāo],黑膠[hēi jiāo]
vinkti;vinkt.0i.niti;使固定[shǐ gù dìng]
vinkti;vinkt.0i.niti;鉚[mǎo],铆[mǎo]
vintra;vintr.0a;寒冬[hán dōng]
vintra;vintr.0a;像冬天[xiàng dōng tiān]
vintro;vintr.0o;冬天[dōng tiān]
vintro;vintr.0o;冬季[dōng jì]
vintro;vintr.0o;冬[dōng]
vintro;vintr.0o;冬令[dōng lìng]
vintri;vintr.tra0i;蛰[zhé],蟄[zhé]
vintri;vintr.tra0i;越冬[yuè dōng]
vintri;vintr.tra0i;蛰[zhí],蟄[zhí]
viola;viol.0a.KOL;紫[zǐ]
viola;viol.0a.KOL;紫罗兰色[zǐ luó lán sè],紫羅蘭色[zǐ luó lán sè]
viola;viol.0a.KOL;堇色[jǐn sè]
viola;viol.0a.KOL;紫色[zǐ sè]
viola;viol.0a.KOL;紺[gàn],绀[gàn]
violego;viol.0ego;三色紫罗兰[sān sè zǐ luó lán],三色紫羅蘭[sān sè zǐ luó lán]
violego;viol.0ego;同性恋的男人[tóng xìng liàn de nán rén],同性戀的男人[tóng xìng liàn de nán rén]
violego;viol.0ego;脂粉气的男子[zhī fěn qì de nán zǐ],脂粉氣的男子[zhī fěn qì de nán zǐ]
violkolora;viol.0kolora;紫[zǐ]
violkolora;viol.0kolora;菫[jǐn]
violkolora;viol.0kolora;紫罗兰色[zǐ luó lán sè],紫羅蘭色[zǐ luó lán sè]
violkolora;viol.0kolora;堇色[jǐn sè]
violkolora;viol.0kolora;紫色[zǐ sè]
violkolora;viol.0kolora;紺[gàn],绀[gàn]
violkoloro;viol.0koloro;堇色[jǐn sè]
violkoloro;viol.0koloro;紫色[zǐ sè]
violo;viol.0o;紫罗兰色[zǐ luó lán sè],紫羅蘭色[zǐ luó lán sè]
violo;viol.0o;堇菜[jǐn cài]
transviola;viol.trans0a;紫外[zǐ wài]
violenta;violent.0a;強暴[qiáng bào],强暴[qiáng bào]
violenta;violent.0a;兇悍[xiōng hàn],凶悍[xiōng hàn]
violenta;violent.0a;兇猛[xiōng měng],凶猛[xiōng měng]
violento;violent.0o;強暴[qiáng bào],强暴[qiáng bào]
violento;violent.0o;暴力[bào lì]
violonisto;violon.0isto;小提琴手[xiǎo tí qín shǒu]
violonisto;violon.0isto;愛玩樂者[ài wán lè zhě],爱玩乐者[ài wán lè zhě]
violonisto;violon.0isto;拉小提琴者[lā xiǎo tí qín zhě]
violono;violon.0o;小提琴[xiǎo tí qín]
violono;violon.0o;梵哑铃[fàn yǎ líng],梵啞鈴[fàn yǎ líng]
violono;violon.0o;梵婀玲[fàn ē líng]
violonĉelo;violon1.0o;大提琴[dà tí qín]
vipi;vip.0i;鞭[biān]
vipi;vip.0i;扬鞭[yáng biān],揚鞭[yáng biān]
vipi;vip.0i;棰[chuí]
vipo;vip.0o;馬鞭[mǎ biān],马鞭[mǎ biān]
vipo;vip.0o;鞭子[biān zi]
vipo;vip.0o;皮鞭[pí biān]
vipo;vip.0o;鞭[biān]
vipo;vip.0o;鞭子[biān zǐ]
rajdvipo;;馬鞭[mǎ biān],马鞭[mǎ biān]
vipuro;vipur.0o;蝰蛇[kuí shé]
vipuro;vipur.0o.ZOO;阴险恶毒的人[yīn xiǎn è dú de rén],陰險惡毒的人[yīn xiǎn è dú de rén]
vira;vir.0a;阳刚[yáng gāng],陽剛[yáng gāng]
vira;vir.0a;阳性[yáng xìng],陽性[yáng xìng]
vira;vir.0a;男性[nán xìng]
vira;vir.0a;男子气[nán zǐ qì],男子氣[nán zǐ qì]
vira;vir.0a;雄[xióng]
vira;vir.0a;雄性[xióng xìng]
vira;vir.0a;男生[nán shēng]
vireco;vir.0eco;阳刚[yáng gāng],陽剛[yáng gāng]
vireco;vir.0eco;大丈夫气概[dài zhàng fu qì gài],大丈夫氣概[dài zhàng fu qì gài]
vireco;vir.0eco;男子气概[nán zǐ qì gài],男子氣概[nán zǐ qì gài]
virilo;vir.0ilo.AMOR;阳具[yáng jù],陽具[yáng jù]
virineco;vir.0ineco;女人味[nǚ rén wèi]
virineco;vir.0ineco;女人气质[nǚ rén qì zhí],女人氣質[nǚ rén qì zhí]
virinismo;vir.0inismo;女性主义[nǔ: xìng zhǔ yì],女性主義[nǔ: xìng zhǔ yì]
virinismo;vir.0inismo;女权主义[nǔ: quán zhǔ yì],女權主義[nǔ: quán zhǔ yì]
virinismo;vir.0inismo;妇女运动[fù nǔ: yùn dòng],婦女運動[fù nǔ: yùn dòng]
virinismo;vir.0inismo;女性主义[nǚ xìng zhǔ yì],女性主義[nǚ xìng zhǔ yì]
virinismo;vir.0inismo;女权主义[nǚ quán zhǔ yì],女權主義[nǚ quán zhǔ yì]
virino;vir.0ino;姬[jī]
virino;vir.0ino;妇[fù],婦[fù]
virino;vir.0ino;巾帼[jīn guó],巾幗[jīn guó]
virino;vir.0ino;女[nǔ:]
virino;vir.0ino;女人[nǔ: rén]
virino;vir.0ino;女同胞[nǔ: tóng bāo]
virino;vir.0ino;女子[nǔ: zǐ]
virino;vir.0ino;女性[nǔ: xìng]
virino;vir.0ino;女的[nǔ: de]
virino;vir.0ino;妇女[fù nǔ:],婦女[fù nǔ:]
viro;vir.0o;男士[nán shì]
viro;vir.0o;男同胞[nán tóng bāo]
viro;vir.0o;夫[fū]
viro;vir.0o;汉子[hàn zi],漢子[hàn zi]
viro;vir.0o;男的[nán de]
viro;vir.0o;男子[nán zǐ]
viro;vir.0o;男性[nán xìng]
virga;virg.0a;童身[tóng shēn]
virga;virg.0a;完璧之身[wán bì zhī shēn]
virgeco;virg.0eco;童身[tóng shēn]
virgulino;virg.0ulino;处女[chǔ nǚ],處女[chǔ nǚ]
virgulino;virg.0ulino;仙女座[xiān nǚ zuò]
virgulo;virg.0ulo;童男[tóng nán]
virgulo;virg.0ulo;处男[chǔ nán],處男[chǔ nán]
virgulino;;处女[chǔ nǔ:],處女[chǔ nǔ:]
virgulino;;黃花姑娘[huáng huā gū niang],黄花姑娘[huáng huā gū niang]
Virgulino;virg.V0ulino;处女座[Chǔ nǔ: zuò],處女座[Chǔ nǔ: zuò]
malvirgigi;virg.mal0igi;破瓜[pò guā]
malvirgigi;virg.mal0igi;开苞[kāi bāo],開苞[kāi bāo]
Virginio;virgini.0o;佛吉尼亚[Fú jí ní yà],佛吉尼亞[Fú jí ní yà]
Virginio;virgini.0o;弗吉尼亚州[Fú jí ní yà zhōu],弗吉尼亞州[Fú jí ní yà zhōu]
Virginio;virgini.0o;弗州[Fú zhōu]
Okcidentvirginio;virgini.okcidenta0o;西弗吉尼亚[Xī Fú jí ní yà],西弗吉尼亞[Xī Fú jí ní yà]
Okcidentvirginio;virgini.okcidenta0o;西弗吉尼亚州[Xī Fú jí ní yà zhōu],西弗吉尼亞州[Xī Fú jí ní yà zhōu]
virta;virt.0a;賢[xián],贤[xián]
virta;virt.0a;有德行[yǒu dé xíng]
virta;virt.0a;腆[tiǎn]
virta;virt.0a;懿[yì]
virta;virt.0a;賢淑[xián shū],贤淑[xián shū]
virto;virt.0o;美德[měi dé]
virto;virt.0o;德[dé]
virtulo;virt.0ulo;君子[jūn zǐ]
malvirta;virt.mal0a;莠[yǒu]
malvirto;virt.mal0o;恶习[è xí],惡習[è xí]
malvirtulo;virt.mal0ulo;坏人[huài rén],壞人[huài rén]
malvirtulo;virt.mal0ulo;色鬼[sè guǐ]
virtuala;virtua.0a;虚拟[xū nǐ],虛擬[xū nǐ]
virtuala;virtua.0a;假想[jiǎ xiǎng]
virtuala;virtua.0a;无形[wú xíng],無形[wú xíng]
virtuozo;virtuo.0o;演奏家[yǎn zòu jiā]
virtuozo;virtuo.0o;技艺名家[jì yì míng jiā],技藝名家[jì yì míng jiā]
kontraŭvirusilo;virus.kontraux0ilo;杀毒软件[shā dú ruǎn jiàn],殺毒軟件[shā dú ruǎn jiàn]
kontraŭvirusilo;virus.kontraux0ilo;杀毒[shā dú],殺毒[shā dú]
kontraŭvirusilo;virus.kontraux0ilo;防病毒[fáng bìng dú]
kontraŭvirusilo;virus.kontraux0ilo;反病毒[fǎn bìng dú]
kontraŭvirusilo;virus.kontraux0ilo;杀软[shā ruǎn],殺軟[shā ruǎn]
kontraŭvirusilo;virus.kontraux0ilo;防毒軟件[fáng dú ruǎn jiàn],防毒软件[fáng dú ruǎn jiàn]
viscero;viscer.0o;脏[zàng],臟[zàng]
viscero;viscer.0o;腑[fǔ]
viscero;viscer.0o;內臟[nèi zàng],内脏[nèi zàng]
visko;visk.0o;槲寄生[hú jì shēng]
viskio;viski.0o;威士忌[wēi shì jì]
viskio;viski.0o;威士忌酒[wēi shì jì jiǔ]
Viskonsino;viskonsin.0o;威斯康辛[Wēi sī kāng xīn]
Viskonsino;viskonsin.0o;威斯康星[Wēi sī kāng xīng]
Viskonsino;viskonsin.0o;威斯康星州[Wēi sī kāng xīng zhōu]
viskozo;viskoz.0o.KEM;黏胶[nián jiāo],黏膠[nián jiāo]
viskozo;viskoz.0o.KEM;黏胶液[nián jiāo yè],黏膠液[nián jiāo yè]
viskozo;viskoz.0o.KEM;粘胶纤维[zhān jiāo xiān wéi],粘膠纖維[zhān jiāo xiān wéi]
viskoza;viskoz1.0a.neflua;黏滑[nián huá]
viskoza;viskoz1.0a.neflua;黏滞[nián zhì],黏滯[nián zhì]
viskoza;viskoz1.0a.neflua;粘稠[nián chóu]
viskoza;viskoz1.0a.neflua;糊糊[hú hu]
viskoza;viskoz1.0a.neflua;半流的[bàn liú de]
viskoza;viskoz1.0a.neflua;稠厚的[chóu hòu de]
viskoza;viskoz1.0a.neflua;黏稠[nián chóu]
visterio;visteri.0o;紫藤[zǐ téng]
viŝi;visx.0i;揩拭[kāi shì]
viŝi;visx.0i;揩擦[kāi cā]
viŝi;visx.0i;擦抹[cā mǒ]
viŝi;visx.0i;擦掉[cā diào]
viŝi;visx.0i;拭除[shì chú]
viŝi;visx.0i;擦拭[cā shì]
viŝi;visx.0i;揾[wèn],搵[wèn]
viŝi;visx.0i;擦[cā]
viŝilo;visx.0ilo;巾[jīn]
deviŝi;visx.de0i;抹掉[mǒ diào]
deviŝi;visx.de0i;抹[mā]
deviŝi;visx.de0i;揩擦[kāi cā]
deviŝi;visx.de0i;擦刷[cā shuà]
deviŝi;visx.de0i;拭除[shì chú]
elviŝi;visx.el0i.MOV;抹掉[mǒ diào]
forviŝi;visx.for0i;抹掉[mǒ diào]
forviŝi;visx.for0i;幯[jié]
forviŝi;visx.for0i;揾[wèn],搵[wèn]
forviŝi;visx.for0i;删掉[shān diào],刪掉[shān diào]
glacoviŝilo;visx.glaco0ilo;雨刷[yǔ shuā]
neforviŝebla;visx.nefor0ebla;不可磨滅[bù kě mó miè],不可磨灭[bù kě mó miè]
neforviŝebla;visx.nefor0ebla;不可磨滅的[bù kě mó miè de],不可磨灭的[bù kě mó miè de]
neforviŝebla;visx.nefor0ebla;不能抹杀[bù néng mǒ shā],不能抹殺[bù néng mǒ shā]
neforviŝebla;visx.nefor0ebla;压不住[yā bu zhù],壓不住[yā bu zhù]
neforviŝebla;visx.nefor0ebla;抹不掉[mǒ bù diào]
neforviŝebla;visx.nefor0ebla;不能消除[bù néng xiāo chú]
polvoviŝilo;visx.polvo0ilo;笰[fú]
Viŝnuo;visxnu.0o;毗湿奴[pí shī nú],毗濕奴[pí shī nú]
vito;vit.0o;葡萄树[pú táo shù],葡萄樹[pú táo shù]
vitamino;vitamin.0o;維他命[wéi tā mìng],维他命[wéi tā mìng]
vitamino;vitamin.0o;維生素[wéi shēng sù],维生素[wéi shēng sù]
Vittenberg;vitenberg.0o.urbo;維滕貝格[wéi téng bèi gé],维滕贝格[wéi téng bèi gé]
Vittenberg;vitenberg.0o.urbo;維騰堡[wéi téng bǎo],维腾堡[wéi téng bǎo]
vitra;vitr.0a;玻璃似[bō li sì]
vitrego;vitr.0ego;橱窗[chú chuāng],櫥窗[chú chuāng]
vitrego;vitr.0ego;展覽櫥窗[zhǎn lǎn chú chuāng],展览橱窗[zhǎn lǎn chú chuāng]
vitro;vitr.0o;玻璃[bō li]
vitro;vitr.0o;玻[bō]
vitro;vitr.0o;璃[lí]
pligrandiga vitro;vitr.grandiga0o;放大鏡[fàng dà jìng],放大镜[fàng dà jìng]
pligrandiga vitro;vitr.grandiga0o;強力放大鏡[qiáng lì fàng dà jìng],强力放大镜[qiáng lì fàng dà jìng]
okulvitroj;vitr.okul0oj;眼鏡[yǎn jìng],眼镜[yǎn jìng]
okulvitroj;vitr.okul0oj;老花鏡[lǎo huā jìng],老花镜[lǎo huā jìng]
okulvitroj;vitr.okul0oj;玻璃鏡片[bō li jìng piàn],玻璃镜片[bō li jìng piàn]
viva;viv.0a;活着[huó zhe],活著[huó zhe]
viva;viv.0a;有生命[yǒu shēng mìng]
viva;viv.0a;有生气[yǒu shēng qì],有生氣[yǒu shēng qì]
viva;viv.0a;活生生[huó shēng shēng]
viva;viv.0a;神气[shén qì],神氣[shén qì]
viva;viv.0a;活态[huó tài],活態[huó tài]
viva;viv.0a;传神[chuán shén],傳神[chuán shén]
viva;viv.0a;存活[cún huó]
vivaĵo;viv.0ajxo;生灵[shēng líng],生靈[shēng líng]
vivaĵo;viv.0ajxo;创造物[chuàng zào wù],創造物[chuàng zào wù]
viveco;viv.0eco;生气[shēng qì],生氣[shēng qì]
viveco;viv.0eco;活力[huó lì]
viveco;viv.0eco;元气[yuán qì],元氣[yuán qì]
viveco;viv.0eco;生命力[shēng mìng lì]
viveco;viv.0eco;生意[shēng yì]
vivigi;viv.0igi;活跃[huó yuè],活躍[huó yuè]
vivigi;viv.0igi;搞活[gǎo huó]
vivipova;viv.0pova;能生存[néng shēng cún]
vivipova;viv.0pova;能生育[néng shēng yù]
vivipova;viv.0pova;能养活[néng yǎng huo],能養活[néng yǎng huo]
vivulo;viv.0ulo;生灵[shēng líng],生靈[shēng líng]
vivukrio;viv.0uo;讙[huān]
dumviva;viv.dum0a;終身[zhōng shēn],终身[zhōng shēn]
kunvivanto;viv.kun0anto.kamarado;伴侣[bàn lǔ:],伴侶[bàn lǔ:]
kunvivanto;viv.kun0anto.kamarado;老伴[lǎo bàn]
kunvivanto;viv.kun0anto.kamarado;伙伴[huǒ bàn]
kunvivanto;viv.kun0anto.kamarado;伴[bàn]
kunvivanto;viv.kun0anto.kamarado;俦[chóu],儔[chóu]
kunvivanto;viv.kun0anto.kamarado;俪[lì],儷[lì]
kunvivi;viv.kun0i;同居[tóng jū]
kunvivi;viv.kun0i;一起生活[yī qǐ shēng huó]
kunvivi;viv.kun0i;局住[jú zhù]
kunvivado;viv.kun0o;共同生活[gòng tóng shēng huó]
longviva;viv.long0a;長壽[cháng shòu],长寿[cháng shòu]
longviva;viv.long0a;耐用[nài yòng]
longviva;viv.long0a;壽命長[shòu mìng cháng],寿命长[shòu mìng cháng]
malviva;viv.mal0a;死了[sǐ le]
porvivo;viv.por0ajxo;贍養[shàn yǎng],赡养[shàn yǎng]
postvivi;viv.post0i;幸存[xìng cún]
postvivi;viv.post0i;生还[shēng huán],生還[shēng huán]
postvivi;viv.post0i;残存[cán cún],殘存[cán cún]
postvivi;viv.post0i;存[cún]
postvivi;viv.post0i;生存[shēng cún]
revivigi;viv.re0igi;再生[zài shēng]
reviviĝi;viv.re0igxi;复苏[fù sū],復蘇[fù sū]
reviviĝi;viv.re0igxi;苏生[sū shēng],蘇生[sū shēng]
reviviĝi;viv.re0igxi;起死回生[qǐ sǐ huí shēng]
reviviĝi;viv.re0igxi;复活[fù huó],復活[fù huó]
reviviĝo;viv.re0igxo;更生[gēng shēng]
reviviĝo;viv.re0igxo;复活[fù huó],復活[fù huó]
senviva;viv.sen0a;死寂[sǐ jí]
senviva;viv.sen0a;毫无生气[háo wú shēng qì],毫無生氣[háo wú shēng qì]
senviva;viv.sen0a;沒有生命[méi yǒu shēng mìng],没有生命[méi yǒu shēng mìng]
senvivaĵo;viv.sen0ajxo;玩艺[wán yì],玩藝[wán yì]
senviviĝi;viv.sen0igxi;丧命[sàng mìng],喪命[sàng mìng]
senviviĝi;viv.sen0igxi;丧生[sàng shēng],喪生[sàng shēng]
senviviĝi;viv.sen0igxi;丧身[sàng shēn],喪身[sàng shēn]
supervivi;viv.super0i;幸存[xìng cún]
supervivi;viv.super0i;生还[shēng huán],生還[shēng huán]
travivi;viv.tra0i.sperti;經歷[jīng lì],经历[jīng lì]
travivi;viv.tra0i.sperti;体验[tǐ yàn],體驗[tǐ yàn]
travivi;viv.tra0i.sperti;历练[lì liàn],歷練[lì liàn]
travivaĵo;viv.tra0o;經歷[jīng lì],经历[jīng lì]
travivaĵo;viv.tra0o;閱歷[yuè lì],阅历[yuè lì]
travivaĵo;viv.tra0o;見識[jiàn shi],见识[jiàn shi]
transvivi;viv.trans0i;經歷[jīng lì],经历[jīng lì]
transvivi;viv.trans0i;幸存[xìng cún]
transvivi;viv.trans0i;生还[shēng huán],生還[shēng huán]
vivero;viver.0o;麝香猫[shè xiāng māo],麝香貓[shè xiāng māo]
vivero;viver.0o;麝猫[shè māo],麝貓[shè māo]
vivero;viver.0o;灵猫[líng māo],靈貓[líng māo]
vivero;viver.0o;果子狸[guó zǐ māo]
vizo;viz.0o;签证[qiān zhèng],簽證[qiān zhèng]
vizaĝalvizaĝe;vizagx.0al0e;相向[xiāng xiàng]
vizaĝalvizaĝe;vizagx.0al0e;零距离[líng jù lí],零距離[líng jù lí]
vizaĝalvizaĝe;vizagx.0al0e;覿[dí],觌[dí]
vizaĝo;vizagx.0o;面容[miàn róng]
vizaĝo;vizagx.0o.ANA;脸面[liǎn miàn],臉面[liǎn miàn]
vizaĝo;vizagx.0o.ANA;脸庞[liǎn páng],臉龐[liǎn páng]
vizaĝo;vizagx.0o.ANA;面孔[miàn kǒng]
vizaĝo;vizagx.0o.ANA;脸孔[liǎn kǒng],臉孔[liǎn kǒng]
vizaĝo;vizagx.0o.ANA;脸部[liǎn bù],臉部[liǎn bù]
vizaĝo;vizagx.0o.ANA;面部[miàn bù]
vizaĝo;vizagx.0o.ANA;面容[miàn róng]
vizaĝo;vizagx.0o.ANA;气色[qì sè],氣色[qì sè]
vizaĝo;vizagx.0o.ANA;容貌[róng mào]
Vizbadeno;vizbaden.V0o;威斯巴登[wēi sī bā dēng]
vizii;vizi.0i;心血來潮[xīn xuè lái cháo],心血来潮[xīn xuè lái cháo]
vizio;vizi.0o.FIG;眼光[yǎn guāng]
vizio;vizi.0o.FIG;远见[yuǎn jiàn],遠見[yuǎn jiàn]
viziisto;vizi.0ulo.KOMUNE;夢想者[mèng xiǎng zhě],梦想者[mèng xiǎng zhě]
viziisto;vizi.0ulo.KOMUNE;好幻想的人[hǎo huàn xiǎng de rén]
viziisto;vizi.0ulo.KOMUNE;幻想家[huàn xiǎng jiā]
vizio;;影像[yǐng xiàng]
viziulo;vizi.0ulo.KOMUNE;預言家[yù yán jiā],预言家[yù yán jiā]
viziulo;vizi.0ulo.KOMUNE;优秀的策划者[yōu xiù de cè huà zhě],優秀的策劃者[yōu xiù de cè huà zhě]
viziulo;vizi.0ulo.KOMUNE;幕后操作的人[mù hòu cāo zuò de rén],幕後操作的人[mù hòu cāo zuò de rén]
viziero;vizier.0o;面罩[miàn zhào]
viziero;vizier.0o.kaska;后视[hòu shì],後視[hòu shì]
vizitadi;vizit.0adi;常去[cháng qù]
vizitadi;vizit.0adi;交往[jiāo wǎng]
vizitadi;vizit.0adi;來往[lái wǎng],来往[lái wǎng]
vizitanto;vizit.0anto;來訪者[lái fǎng zhě],来访者[lái fǎng zhě]
vizitanto;vizit.0anto;來賓[lái bīn],来宾[lái bīn]
vizitanto;vizit.0anto;訪客[fǎng kè],访客[fǎng kè]
viziti;vizit.0i;造訪[zào fǎng],造访[zào fǎng]
viziti;vizit.0i;探望[tàn wàng]
viziti;vizit.0i;参观[cān guān],參觀[cān guān]
viziti;vizit.0i;訪客[fǎng kè],访客[fǎng kè]
viziti;vizit.0i;訪[fǎng],访[fǎng]
viziti;vizit.0i;走訪[zǒu fǎng],走访[zǒu fǎng]
vizito;vizit.0o;來訪[lái fǎng],来访[lái fǎng]
vizito;vizit.0o;探訪[tàn fǎng],探访[tàn fǎng]
Vjentjano;vjentian.0o;永珍[yǒng zhēn]
Vjentjano;vjentian.0o;万象[wàn xiàng],萬象[wàn xiàng]
Vjetnamio;vjetnami.V0o;越南民主共和国[yuè nán mín zhǔ gòng hé guó],越南民主共和國[yuè nán mín zhǔ gòng hé guó]
voĉa;vocx.0a.FON;口头[kǒu tóu],口頭[kǒu tóu]
voĉdoni;vocx.0doni;投票[tóu piào]
voĉdoni;vocx.0doni;表决[biǎo jué],表決[biǎo jué]
voĉe;vocx.0e.KOMUNE;用声音[yòng shēng yīn],用聲音[yòng shēng yīn]
voĉi;vocx.0i;投票[tóu piào]
voĉi;vocx.0i;表决[biǎo jué],表決[biǎo jué]
voĉkordo;vocx.0kordo;发声器官[fā shēng qì guān],發聲器官[fā shēng qì guān]
voĉkordo;vocx.0kordo;发音器官[fā yīn qì guān],發音器官[fā yīn qì guān]
voĉo;vocx.0o;嗓[sǎng]
voĉo;vocx.0o;嗓門[sǎng mén],嗓门[sǎng mén]
voĉo;vocx.0o;嗓音[sǎng yīn]
voĉo;vocx.0o;声[shēng],聲[shēng]
voĉo;vocx.0o;声音[shēng yīn],聲音[shēng yīn]
duonvoĉe;vocx.duon0e;低低切切[dī dī qiè qiè]
duonvoĉe;vocx.duon0e;低声[dī shēng],低聲[dī shēng]
duonvoĉe;vocx.duon0e;小声[xiǎo shēng],小聲[xiǎo shēng]
duonvoĉe;vocx.duon0e;悄声[qiǎo shēng],悄聲[qiǎo shēng]
duonvoĉe;vocx.duon0e;低声细语[dī shēng xì yǔ],低聲細語[dī shēng xì yǔ]
klarigi la voĉon;vocx.klarigila0on;清嗓[qīng sǎng]
klarigi la voĉon;vocx.klarigila0on;清嗓子[qīng sǎng zi]
plurvoĉe;vocx.plur0e;复调[fù diào],復調[fù diào]
unuvoĉa;vocx.unu0a;全场一致[quán chǎng yī zhì],全場一致[quán chǎng yī zhì]
unuvoĉa;vocx.unu0a;满场一致[mǎn chǎng yī zhì],滿場一致[mǎn chǎng yī zhì]
unuvoĉa;vocx.unu0a;众口一词[zhòng kǒu yī cí],眾口一詞[zhòng kǒu yī cí]
unuvoĉa;vocx.unu0a;众口同声[zhòng kǒu tóng shēng],眾口同聲[zhòng kǒu tóng shēng]
vodko;vodk.0o.KUI;伏特加[fú tè jiā]
Voduismo;vodu.0ismo;伏都教[Fú dū jiào]
Voduismo;vodu.0ismo;巫毒显示芯片[wū dú xiǎn shì xìn piàn],巫毒顯示芯片[wū dú xiǎn shì xìn piàn]
Voduismo;vodu.0ismo;伏都教[fú dū jiào]
Voduismo;vodu.0ismo;巫毒教[Wū dú jiào]
Vogezoj;vogez.0oj;孚日[Fú rì]
vojeto;voj.0eto;小径[xiǎo jìng],小徑[xiǎo jìng]
voji;voj.0i;行走[xíng zǒu]
vojo;voj.0o;蹊径[xī jìng],蹊徑[xī jìng]
vojo;voj.0o;途径[tú jìng],途徑[tú jìng]
vojo;voj.0o;路程[lù chéng]
vojo;voj.0o;阡[qiān]
akvovojo;voj.akvo0o;水路[shuǐ lù]
akvovojo;voj.akvo0o;渠道[qú dào]
aŭtovojo;voj.auxto0o;高速公路[gāo sù gōng lù]
biciklovojo;voj.biciklo0o;单车径[dān chē jìng],單車徑[dān chē jìng]
biciklovojo;voj.biciklo0o;自行車道[zì xíng chē dào],自行车道[zì xíng chē dào]
ĉirkaŭvojo;voj.cxirkaux0o.TRA;繞道[rào dào],绕道[rào dào]
ĉirkaŭvoko;;弯路[wān lù],彎路[wān lù]
devojiĝi;voj.de0igxi;迷途[mí tú]
devojiĝi;voj.de0igxi;迷津[mí jīn]
devojiĝi;voj.de0igxi;偏离[piān lí],偏離[piān lí]
disvojiĝo;voj.dis0igxo;丫[yā]
disvojiĝo;voj.dis0igxo;岔[chà]
disvojiĝo;voj.dis0igxo;交叉路口[jiāo chā lù kǒu]
disvojiĝo;voj.dis0igxo;岔路口[chà lù kǒu]
disvojiĝo;voj.dis0igxo;桠[yā],椏[yā]
fervojisto;voj.fer0isto;鐵路工人[tiě lù gōng rén],铁路工人[tiě lù gōng rén]
fervojo;voj.fer0o.FER;鐵路[tiě lù],铁路[tiě lù]
fervojo;voj.fer0o.FER;鐵道[tiě dào],铁道[tiě dào]
fermita vojo;voj.fermita0o;閉環[bì huán],闭环[bì huán]
glitvojo;voj.glit0o;溜滑梯[liū huá tī]
glitvojo;voj.glit0o;滑梯[huá tī]
glitvojo;voj.glit0o;滑槽[huá cáo]
haŭlvojo;voj.hauxl0o;縴道[qiàn dào],纤道[qiàn dào]
kablovojo;voj.kablo0o.TRA;纜車[lǎn chē],缆车[lǎn chē]
piedvojo;voj.pied0o;步道[bù dào]
piedvojo;voj.pied0o;小径[xiǎo jìng],小徑[xiǎo jìng]
piedvojo;voj.pied0o;小道[xiǎo dào]
relvojo;voj.rel0o;軌道[guǐ dào],轨道[guǐ dào]
relvojo;voj.rel0o;鐵軌[tiě guǐ],铁轨[tiě guǐ]
relvojo;voj.rel0o;鐵路[tiě lù],铁路[tiě lù]
relvojo;voj.rel0o;鐵道[tiě dào],铁道[tiě dào]
relvojo;voj.rel0o;軌[guǐ],轨[guǐ]
Silka Vojo;voj.silka0o;丝绸之路[Sī chóu zhī Lù],絲綢之路[Sī chóu zhī Lù]
Silka Vojo;voj.silka0o;丝路[Sī Lù],絲路[Sī Lù]
survoji;voj.sur0i;上路[shàng lù]
envojiĝi;voj.sur0igxi;上路[shàng lù]
envojiĝi;voj.sur0igxi;启程[qǐ chéng],啟程[qǐ chéng]
ŝparvojo;voj.sxpar0o;捷径[jié jìng],捷徑[jié jìng]
ŝparvojo;voj.sxpar0o;近路[jìn lù]
ŝparvojo;voj.sxpar0o;快捷方式[kuài jié fāng shì]
vojaĝemulo;vojagx.0emulo;环球旅行家[huán qiú lǔ: háng jiā],環球旅行家[huán qiú lǔ: háng jiā]
vojaĝi;vojagx.0i;旅[lǔ:]
vojaĝi;vojagx.0i;旅游[lǔ: yóu],旅遊[lǔ: yóu]
vojaĝi;vojagx.0i;旅行[lǔ: xíng]
vojaĝi;vojagx.0i;出行[chū xíng]
vojaĝo;vojagx.0o;旅[lǔ:]
vojaĝo;vojagx.0o;旅游[lǔ: yóu],旅遊[lǔ: yóu]
vojaĝo;vojagx.0o;征程[zhēng chéng]
vojaĝo;vojagx.0o;旅程[lǔ: chéng]
vojaĝo;vojagx.0o;旅行[lǔ: xíng]
vojaĝo;vojagx.0o;旅途[lǔ: tú]
kunvojaĝi;vojagx.kun0i;伴随[bàn suí],伴隨[bàn suí]
rondvojaĝi;vojagx.rond0i;巡回[xún huí],巡迴[xún huí]
voki;vok.0i;唤[huàn],喚[huàn]
voki;vok.0i;召集[zhào jí]
voki;vok.0i;呼叫[hū jiào]
voki;vok.0i;喊[hǎn]
voki;vok.0i;偁[chēng]
voki;vok.0i;虖[hū]
voki;vok.0i;召見[zhào jiàn],召见[zhào jiàn]
voko;vok.0o;召唤[zhào huàn],召喚[zhào huàn]
voko;vok.0o;吆喝[yāo he]
alvoki;vok.al0i;拨打[bō dǎ],撥打[bō dǎ]
alvoki;vok.al0i;呼叫[hū jiào]
alvoki;vok.al0i;召唤[zhào huàn],召喚[zhào huàn]
alvoki;vok.al0i;呼唤[hū huàn],呼喚[hū huàn]
alvokiĝo;vok.al0igxo.KOMUNE;上訴[shàng sù],上诉[shàng sù]
elvoki;vok.el0i;勾起[gōu qǐ]
elvoki;vok.el0i;激起[jī qǐ]
elvoki;vok.el0i;勾出[gōu chū]
juĝeja vokisto;vok.jugxeja0isto;庭丁[tíng dīng]
kunvoki;vok.kun0i;召开[zhào kāi],召開[zhào kāi]
kunvoki;vok.kun0i;召[zhào]
kunvoki;vok.kun0i;召开会议[zhào kāi huì yì],召開會議[zhào kāi huì yì]
revoki;vok.re0i.KOMUNE;召回[zhào huí]
revoki;vok.re0i.KOMUNE;撤回[chè huí]
revoki;vok.re0i.KOMUNE;吊銷[diào xiāo],吊销[diào xiāo]
revoki;vok.re0i.KOMUNE;撤銷[chè xiāo],撤销[chè xiāo]
telefonvoki;vok.telefon0i;称为[chēng wéi],稱為[chēng wéi]
telefonvoki;vok.telefon0i;召唤[zhào huàn],召喚[zhào huàn]
telefonvoki;vok.telefon0i;呼叫[hū jiào]
vokalo;vokal.0o;母音[mǔ yīn]
vokalo;vokal.0o;元音[yuán yīn]
vokalo;vokal.0o;母音字母[mǔ yīn zì mǔ]
vokto;vokt.0o;法警[fǎ jǐng]
vokto;vokt.0o;地方長官[dì fang zhǎng guān],地方长官[dì fang zhǎng guān]
vola;vol.0a;故意[gù yì]
vola;vol.0a;自愿[zì yuàn],自願[zì yuàn]
vola;vol.0a;故意地[gù yì de]
vola;vol.0a;有意[yǒu yì]
vola;vol.0a;深思熟慮過[shēn sī shú lǜ guò],深思熟虑过[shēn sī shú lǜ guò]
volema;vol.0ema.cedema;热心[rè xīn],熱心[rè xīn]
volema;vol.0ema.cedema;甘愿[gān yuàn],甘願[gān yuàn]
vole-nevole;vol.0ene0e;曲意[qū yì]
voli;vol.0i;愿意[yuàn yì],願意[yuàn yì]
voli;vol.0i;将要[jiāng yào],將要[jiāng yào]
voli;vol.0i;想要[xiǎng yào]
voli;vol.0i;欲求[yù qiú]
volo;vol.0o;心志[xīn zhì]
volo;vol.0o;意志[yì zhì]
volo;vol.0o;意愿[yì yuàn],意願[yì yuàn]
volpovo;vol.0povo;意志力[yì zhì lì]
bonvolemo;vol.bon0emo;温容[wēn róng],溫容[wēn róng]
bonvoli;vol.bon0i;愿意[yuàn yì],願意[yuàn yì]
bonvolo;vol.bon0o.simpatio;善意[shàn yì]
malgraŭvola;vol.kontraux0a;曲意[qū yì]
laŭvole;vol.laux0e;任意[rèn yì]
laŭvole;vol.laux0e;信意[xìn yì]
laŭvole;vol.laux0e;如愿[rú yuàn],如願[rú yuàn]
laŭvole;vol.laux0e;胡乱[hú luàn],胡亂[hú luàn]
propravola;vol.liber0a;自愿[zì yuàn],自願[zì yuàn]
malvoli;vol.mal0i;不予[bù yú]
malvoli;vol.mal0i;拒[jù]
malvoli;vol.mal0i;推辞[tuī cí],推辭[tuī cí]
malvoli;vol.mal0i;不肯[bù kěn]
nevola;;不愿[bù yuàn],不願[bù yuàn]
pretervola;vol.preter0a;自发[zì fā],自發[zì fā]
pretervola;vol.preter0a;无意识[wú yì shí],無意識[wú yì shí]
pretervola;vol.preter0a;不覺[bù jué],不觉[bù jué]
senvola;vol.sen0a;不是故意[bú shì gù yì]
senvola;vol.sen0a;未寻求[wèi xún qiú],未尋求[wèi xún qiú]
senvola;vol.sen0a;无心[wú xīn],無心[wú xīn]
senvola;;无意[wú yì],無意[wú yì]
volapukaĵo;volapuk.0ajxo;叽里咕噜[jī li gū lū],嘰裡咕嚕[jī li gū lū]
volapukaĵo;volapuk.0ajxo;叽里呼噜[jī lǐ hū lū],嘰里呼嚕[jī lǐ hū lū]
Volapuko;volapuk.0o;沃拉普克語[wò lā pǔ kè yǔ],沃拉普克语[wò lā pǔ kè yǔ]
volbi;volb.0i;微凸[wēi tū]
volbi;volb.0i;拱型[gǒng xíng]
volbo;volb.0o;拱状[gǒng zhuàng],拱狀[gǒng zhuàng]
volbo;volb.0o;穹[qióng]
volbo;volb.0o;拱頂[gǒng dǐng],拱顶[gǒng dǐng]
volejbalo;volejbal.0o;排球[pái qiú]
Volfgango;volfgang.0o;沃尔夫冈[wò ěr fū gāng],沃爾夫岡[wò ěr fū gāng]
Volfgango;volfgang.0o;沃尔夫岗[wò ěr fū gǎng],沃爾夫崗[wò ěr fū gǎng]
volframo;volfram.0o;鎢[wū],钨[wū]
Volgo;volg.V0o;伏尔加河[Fú ěr jiā Hé],伏爾加河[Fú ěr jiā Hé]
Volgo;volg.V0o;窝瓦河[wō wǎ hé],窩瓦河[wō wǎ hé]
volonte;volont.0e;甘愿[gān yuàn],甘願[gān yuàn]
volonte;volont.0e;欣然[xīn rán]
volontulo;volont.0ulo;志愿者[zhì yuàn zhě],志願者[zhì yuàn zhě]
volontulo;volont.0ulo;志工[zhì gōng]
volontulo;volont.0ulo;自愿者[zì yuàn zhě],自願者[zì yuàn zhě]
malvolonte;volont.mal0e;不情愿[bù qíng yuàn],不情願[bù qíng yuàn]
malvolonte;volont.mal0e;非自愿[fēi zì yuàn],非自願[fēi zì yuàn]
malvolonte;volont.mal0e;忍痛[rěn tòng]
volto;volt.v0o;伏特[fú tè]
volto je metro;volt.v0ojemetro;伏特計[fú tè jì],伏特计[fú tè jì]
Voltero;volter.0o;伏尔泰[fú ěr tài],伏爾泰[fú ěr tài]
voltmetro;voltmetr.0o;电压表[diàn yā biǎo],電壓表[diàn yā biǎo]
volumo;volum.0o;冊[cè],册[cè]
volumo;volum.0o;卷[juàn]
volumo;volum.0o;集[jí]
volumenaĵo;;砂石[shā shí]
volumeno;volume.0o;体积[tǐ jī],體積[tǐ jī]
volumeno;volume.0o;容积[róng jī],容積[róng jī]
volumeno;volume.0o;容量[róng liàng]
volumeno;volume.0o;額[è],额[è]
volumeno;volume.0o.EKON;市场容量[shì chǎng róng liàng],市場容量[shì chǎng róng liàng]
volupta;volupt.0a;肉感[ròu gǎn]
voluptama;volupt.0ema;色眯眯[sè mī mī],色瞇瞇[sè mī mī]
volupto;volupt.0o;嗜慾[shì yù],嗜欲[shì yù]
volupto;volupt.0o;性慾[xìng yù],性欲[xìng yù]
volupto;volupt.0o;情慾[qíng yù],情欲[qíng yù]
volupto;volupt.0o;慾[yù],欲[yù]
voluto;volut.0o;旋曲[xuàn qǔ]
voluto;volut.0o;兴盛[xīng shèng],興盛[xīng shèng]
voluto;volut.0o;花体[huā tǐ],花體[huā tǐ]
volvaĵo;volv.0ajxo;卷[juǎn],捲[juǎn]
volvaĵo;volv.0ajxo;纏[chán],缠[chán]
volvi;volv.0i;打滚[dǎ gǔn],打滾[dǎ gǔn]
volvi;volv.0i;卷[juǎn],捲[juǎn]
volvi;volv.0i;卷起[juǎn qǐ],捲起[juǎn qǐ]
volvi;volv.0i;卷[juǎn]
volvi;volv.0i;縈[yíng],萦[yíng]
volvi;volv.0i;纏[chán],缠[chán]
volvi;volv.0i;蟠[pán]
ĉirkaŭvolvi;volv.cxirkaux0i;包住[bāo zhù]
ĉirkaŭvolvi;volv.cxirkaux0i;包裹[bāo guǒ]
ĉirkaŭvolvi;volv.cxirkaux0i;打包[dǎ bāo]
ĉirkaŭvolvi;volv.cxirkaux0i;焘[dào],燾[dào]
ĉirkaŭvolvi;volv.cxirkaux0i;笼罩[lǒng zhào],籠罩[lǒng zhào]
disvolvi;volv.dis0i;开展[kāi zhǎn],開展[kāi zhǎn]
disvolvi;volv.dis0i;拓[tuò]
disvolvi;volv.dis0i;衍[yǎn]
disvolviĝi;volv.dis0igxi;变[biàn],變[biàn]
elvolvanto;volv.el0anto;渐开线[jiān kāi xiàn],漸開線[jiān kāi xiàn]
elvolvato;volv.el0ato;渐屈线[jiàn qū xiàn],漸屈線[jiàn qū xiàn]
elvolvi;volv.el0i;拓[tuò]
elvolvi;volv.el0i;衍[yǎn]
elvolvi;volv.el0i;开展[kāi zhǎn],開展[kāi zhǎn]
volvekovri;volv.en0i;包住[bāo zhù]
volvekovri;volv.en0i;笼罩[lǒng zhào],籠罩[lǒng zhào]
volvekovri;volv.en0i;焘[dào],燾[dào]
volvekovri;volv.en0i;包裹[bāo guǒ]
rulvolvaĵo;volv.rul0ajxo;卷[juǎn],捲[juǎn]
rulvolvaĵo;volv.rul0ajxo;滚子[gǔn zi],滾子[gǔn zi]
rulvolvaĵo;volv.rul0ajxo;滑輪[huá lún],滑轮[huá lún]
rulvolvaĵo;volv.rul0ajxo;脚轮[jiǎo lún],腳輪[jiǎo lún]
vomi;vom.0i;呕[ǒu],嘔[ǒu]
vomi;vom.0i;吐[tù]
vomi;vom.0i;呕吐[ǒu tù],嘔吐[ǒu tù]
vomi;vom.0i;喷发[pēn fā],噴發[pēn fā]
vomi;vom.0i;吐[tǔ]
vomi;vom.0i;吐出[tù chū]
vombato;vombat.0o;袋熊[dài xióng]
vomito;vomit.0o;黃熱病[huáng rè bìng],黄热病[huáng rè bìng]
vono;von.0o;韓元[Hán yuán],韩元[Hán yuán]
vono;von.0o;韓圓[Hán yuán],韩圆[Hán yuán]
vori;vor.0i;吞食[tūn shí]
vori;vor.0i;狼吞虎咽[láng tūn hǔ yàn]
vori;vor.0i;貪吃[tān chī],贪吃[tān chī]
vori;vor.0i;吞噬[tūn shì]
vori;vor.0i;吞沒[tūn mò],吞没[tūn mò]
vori;vor.0i;吞吃[tūn chī]
vortfarado;vort.0farado;組字[zǔ zì],组字[zǔ zì]
vortfarado;vort.0farado;組詞[zǔ cí],组词[zǔ cí]
envortigi;vort.0igi;片語[piàn yǔ],片语[piàn yǔ]
envortigi;vort.0igi;表达[biǎo dá],表達[biǎo dá]
envortigi;vort.0igi;抒发[shū fā],抒發[shū fā]
envortigi;vort.0igi;抒[shū]
envortigi;vort.0igi;制訂[zhì dìng],制订[zhì dìng]
valizvorto;vort.0okunfando;混成詞[hùn chéng cí],混成词[hùn chéng cí]
vortprovizo;vort.0oprovizo;詞彙[cí huì],词汇[cí huì]
vortprovizo;vort.0oprovizo;詞辭[cí cí],词辞[cí cí]
vortumi;vort.0umi;片語[piàn yǔ],片语[piàn yǔ]
vortumi;vort.0umi;撰写[zhuàn xiě],撰寫[zhuàn xiě]
vortumo;vort.0umo;用詞[yòng cí],用词[yòng cí]
vortumo;vort.0umo;提法[tí fǎ]
vortumo;vort.0umo;遣詞[qiǎn cí],遣词[qiǎn cí]
a-vorto;vort.a0o;形容詞[xíng róng cí],形容词[xíng róng cí]
alivorte;vort.ali0e;换句话说[huàn jù huà shuō],換句話說[huàn jù huà shuō]
alivorte;vort.ali0e;换言之[huàn yán zhī],換言之[huàn yán zhī]
alivorte;vort.ali0e;也就是說[yě jiù shì shuō],也就是说[yě jiù shì shuō]
e-vorto;vort.e0o;副詞[fù cí],副词[fù cí]
evitvorto;vort.evit0o;委婉[wěi wǎn]
evitvorto;vort.evit0o;委婉詞[wěi wǎn cí],委婉词[wěi wǎn cí]
evitvorto;vort.evit0o;婉辞[wǎn cí],婉辭[wǎn cí]
evitvorto;vort.evit0o;婉詞[wǎn cí],婉词[wǎn cí]
evitvorto;vort.evit0o;委婉語[wěi wǎn yǔ],委婉语[wěi wǎn yǔ]
evitvorto;vort.evit0o;諱稱[huì chēng],讳称[huì chēng]
evitvorto;vort.evit0o;委婉[wēi wǎn]
evitvorto;vort.evit0o;婉稱[wǎn cí]
fakvorto;vort.fak0o;詞語[cí yǔ],词语[cí yǔ]
fakvortaro;;专业词汇[zhuān yè cí huì],專業詞彙[zhuān yè cí huì]
kapvorto;vort.kap0o;尾白[wěi bái]
kapvorto;vort.kap0o;发言的简要提纲[fā yán de jiǎn yào tí gāng],發言的簡要提綱[fā yán de jiǎn yào tí gāng]
kapvorto;vort.kap0o;詞目[cí mù],词目[cí mù]
laŭvorte;vort.laux0e;逐字逐句[zhú zì zhú jù]
laŭvorte;vort.laux0e;一字不差[yī zì bù chā]
laŭvorte;vort.laux0e;按照字面[àn zhào zì miàn]
laŭvorte;;字面[zì miàn]
nevortigebla;vort.ne0igebla;无法表达[wú fǎ biǎo dá],無法表達[wú fǎ biǎo dá]
nevortigebla;vort.ne0igebla;言不可传[yán bù kě chuán],言不可傳[yán bù kě chuán]
nevortigebla;vort.ne0igebla;不可言传[bù kě yán chuán],不可言傳[bù kě yán chuán]
nevortigebla;vort.ne0igebla;不能用語言表達[bù néng yòng yǔ yán biǎo dá],不能用语言表达[bù néng yòng yǔ yán biǎo dá]
nevortigebla;vort.ne0igebla;难言[nán yán],難言[nán yán]
o-vorto;vort.o0o;名詞[míng cí],名词[míng cí]
pasvorto;vort.pas0o;口令[kǒu lìng]
pasvorto;vort.pas0o;通关密语[tōng guān mì yǔ],通關密語[tōng guān mì yǔ]
pasvorto;vort.pas0o;密码[mì mǎ],密碼[mì mǎ]
pruntvorto;vort.prunt0o;借詞[jiè cí],借词[jiè cí]
senvorte;vort.sen0e;侐[xù]
senvorte;vort.sen0e;宓[mì]
unuvorte;vort.unu0e;总之[zǒng zhī],總之[zǒng zhī]
vortico;vortic.0o;涡流[wō liú],渦流[wō liú]
vortico;vortic.0o;旋涡[xuán wō],旋渦[xuán wō]
vortico;vortic.0o;涡旋[wō xuán],渦旋[wō xuán]
vosto;vost.0o;尾[wěi]
vosto;vost.0o;尾巴[wěi ba]
vosto;vost.0o;氂[máo]
harvosto;vost.har0o;馬尾巴[mǎ wěi ba],马尾巴[mǎ wěi ba]
harvosto;vost.har0o;氂[máo]
ruĝvostulo;vost.rugx0ulo;雷德斯达特[léi dé sī dá tè],雷德斯達特[léi dé sī dá tè]
senvostuloj;vost.sen0uloj;无尾目[wú wěi mù],無尾目[wú wěi mù]
voti;vot.0i;誓[shì]
voti;vot.0i;发愿[fā yuàn],發願[fā yuàn]
voti;vot.0i;起誓[qǐ shì]
voti;vot.0i;发誓[fā shì],發誓[fā shì]
voti;vot.0i;誓言[shì yán]
voto;vot.0o;誓約[shì yuē],誓约[shì yuē]
voto;vot.0o;誓[shì]
voto;vot.0o;誓言[shì yán]
voto;vot.0o;許願[xǔ yuàn],许愿[xǔ yuàn]
vrako;vrak.0o;残骸[cán hái],殘骸[cán hái]
vrako;vrak.0o;健康受损的人[jiàn kāng shòu sǔn de rén],健康受損的人[jiàn kāng shòu sǔn de rén]
vrako;vrak.0o;失事船只[shī shì chuán zhī]
vrako;vrak.0o;遗骸[yí hái],遺骸[yí hái]
vrako;vrak.0o;沉船[chén chuán]
vrako;vrak.0o;遇难船[yù nán chuán],遇難船[yù nán chuán]
vringi;vring.0i;压榨[yā zhà],壓榨[yā zhà]
vringi;vring.0i;手扭[shǒu niǔ]
vringi;vring.0i;拧挤[níng jǐ],擰擠[níng jǐ]
vringi;vring.0i;絞乾[jiǎo gān],绞干[jiǎo gān]
elvringi;vring.el0i;榨取[zhà qǔ]
elvringi;vring.el0i;压榨[yā zhà],壓榨[yā zhà]
Vroclavo;vroclav.0o.urbo;弗罗茨瓦夫[fú luó cí wǎ fū],弗羅茨瓦夫[fú luó cí wǎ fū]
vuali;vual.0i;幔子[màn zi]
vuali;vual.0i;羃[mì]
vualo;vual.0o;面紗[miàn shā],面纱[miàn shā]
senvuala;vual.sen0a;不加粉飾[bù jiā fěn shì],不加粉饰[bù jiā fěn shì]
senvuala;vual.sen0a;坦率[tǎn shuài]
senvuala;vual.sen0a;仅仅地[jǐn jǐn de],僅僅地[jǐn jǐn de]
senvuala;vual.sen0a;坦率地[tǎn shuài de]
senvuala;vual.sen0a;坦白來說[tǎn bái lái shuō],坦白来说[tǎn bái lái shuō]
senvualigi;vual.sen0igi;說破[shuō pò],说破[shuō pò]
senvualigi;vual.sen0igi;透露[tòu lù]
senvualigi;vual.sen0igi;揭破[jiē pò]
senvualigi;vual.sen0igi;揭穿[jiē chuān]
senvualigi;vual.sen0igi;揭开[jiē kāi],揭開[jiē kāi]
senvualigi;vual.sen0igi;泄露[xiè lù]
senvualigi;vual.sen0igi;公諸於眾[gōng zhū yú zhòng],公诸于众[gōng zhū yú zhòng]
Vulfilo;vulfil.0o;乌尔菲拉[wū ěr fēi lā],烏爾菲拉[wū ěr fēi lā]
vulgara;vulgar.0a;俗气[sú qì],俗氣[sú qì]
vulgara;vulgar.0a;卑[bēi]
vulgara;vulgar.0a;恶俗[è sú],惡俗[è sú]
vulgara;vulgar.0a;俚[lǐ]
vulgara;vulgar.0a;不雅[bù yǎ]
vulgara;vulgar.0a;低俗[dī sú]
malvulgara;vulgar.mal0a;講究[jiǎng jiu],讲究[jiǎng jiu]
malvulgara;vulgar.mal0a;典雅[diǎn yǎ]
malvulgara;vulgar.mal0a;大方[dà fang]
malvulgara;vulgar.mal0a;彬[bīn]
malvulgara;vulgar.mal0a;脫俗[tuō sú],脱俗[tuō sú]
Vulgato;vulgat.0o;武加大譯本[wǔ jiā dà yì běn],武加大译本[wǔ jiā dà yì běn]
vulkano;vulkan.0o;火山[huǒ shān]
vulkano;vulkan.0o;火神[huǒ shén]
vulkanizi;vulkan1.0i;硫化[liú huà]
vulpo;vulp.0o;狐狸[hú li]
Vulpino;vulp.V0ino;狐狸座[Hú li zuò]
vulturo;vultur.0o.akcipitredo;老雕[lǎo diāo],老鵰[lǎo diāo]
vulturo;vultur.0o.akcipitredo;雕[diāo],鵰[diāo]
vulturo;vultur.0o.akcipitredo;鷲鳥[jiù niǎo],鹫鸟[jiù niǎo]
vulvo;vulv.0o;外阴[wài yīn],外陰[wài yīn]
vulvo;vulv.0o;女阴[nǔ: yīn],女陰[nǔ: yīn]
vulvo;vulv.0o;阴户[yīn hù],陰戶[yīn hù]
vulvo;vulv.0o;阴道口[yīn dào kǒu],陰道口[yīn dào kǒu]
vulvo;vulv.0o;阴门[yīn mén],陰門[yīn mén]
vulvo;vulv.0o;女阴[nǚ yīn],女陰[nǚ yīn]
vulvo;vulv.0o;女性外生殖器[nǚ xìng wài shēng zhí qì]
vulvo;vulv.0o;女性阴部[nǚ xìng yīn bù],女性陰部[nǚ xìng yīn bù]
vulvo;vulv.0o;屄屄[bī bī]
vunda loko;vund.0aloko;痛处[tòng chù],痛處[tòng chù]
vunda loko;vund.0aloko.ebla;弱点[ruò diǎn],弱點[ruò diǎn]
vunda loko;vund.0aloko.ebla;缺点[quē diǎn],缺點[quē diǎn]
vunda loko;vund.0aloko.ebla;軟肋[ruǎn lèi],软肋[ruǎn lèi]
vunda loko;vund.0aloko.ebla;軟肋[ruǎn lè],软肋[ruǎn lè]
vundi;vund.0i;伤[shāng],傷[shāng]
vundi;vund.0i;惎[jì]
vundi;vund.0i;刿[guì],劌[guì]
vundi;vund.0i;伤员[shāng yuán],傷員[shāng yuán]
vundiĝi;vund.0igxi;摔伤[shuāi shāng],摔傷[shuāi shāng]
vundoloko;vund.0loko;痛处[tòng chù],痛處[tòng chù]
vundo;vund.0o;伤[shāng],傷[shāng]
vundo;vund.0o;伤口[shāng kǒu],傷口[shāng kǒu]
vundo;vund.0o;外伤[wài shāng],外傷[wài shāng]
vundo;vund.0o;创伤[chuāng shāng],創傷[chuāng shāng]
vundo;vund.0o;创[chuāng],創[chuāng]
vundo;vund.0o;痍[yí]
brulvundi;vund.brul0i;烫伤[tàng shāng],燙傷[tàng shāng]
frostovundo;vund.frosto0o;冻伤[dòng shāng],凍傷[dòng shāng]
frostovundo;vund.frosto0o;瘃[zhú]
frostovundo;vund.frosto0o;冻疮[dòng chuāng],凍瘡[dòng chuāng]
frostovundo;vund.frosto0o;霜害[shuāng hài]
gratvundi;vund.grat0i;划[huá],劃[huá]
skrapvundo;vund.skrap0o;磨伤[mó shāng],磨傷[mó shāng]
tranĉvundi;vund.trancx0i;割[gē]
tranĉvundi;vund.trancx0i;划[huá],劃[huá]
gratvundi;;划伤[huá shāng],劃傷[huá shāng]
tranĉvundo;vund.trancx0o;伤口[shāng kǒu],傷口[shāng kǒu]
tranĉvundo;vund.trancx0o;刀口[dāo kǒu]
tranĉvundo;vund.trancx0o;栔[qì]
tranĉvundo;vund.trancx0o;刀伤[dāo shāng],刀傷[dāo shāng]
Virtembergo;vurtemberg.0o;符腾堡[Fú téng bǎo],符騰堡[Fú téng bǎo]
Badeno-Virtembergo;vurtemberg.Baden0o;巴登符滕堡州[bā dēng fú téng bǎo zhōu]
Badeno-Virtembergo;vurtemberg.Baden0o;巴登符腾堡[bā dēng fú téng bǎo],巴登符騰堡[bā dēng fú téng bǎo]
vuvuzelo;vuvuzel.0o;呜呜祖拉[wū wū zǔ lā],嗚嗚祖拉[wū wū zǔ lā]
vuvuzelo;vuvuzel.0o;嗡嗡祖拉[wēng wēng zǔ lā]
Badeno-Virtembergo;;巴符州[bā fú zhōu]
