Habsburgoj;habsburg.0oj.dinastio;奥地利哈布斯堡王朝[ào dì lì hā bù sī bǎo wáng cháo]
Habsburgoj;habsburg.0oj.dinastio;哈布斯堡王朝[hā bù sī bǎo wáng cháo]
Hadeso;hades.0o;哈底斯[hā dǐ sī]
hadiso;hadis.0o;圣训[shèng xùn]
hadrono;hadron.0o;強子[qiáng zǐ]
hafnio;hafni.0o;鉿[hā]
Hago;hag.H0o;海牙[hǎi yá]
haĝo;hagx.0o;朝覲[cháo jǐn]
haĝulo;hagx.0ulo;哈只[hā zhī]
Haitio;haiti.0o.sxtato;海地[hǎi dì]
Hajderabado;hajderabad.0o;海得拉巴[hǎi dé lā bā]
Hajderabado;hajderabad.0o;海得拉巴[hǎi de lā bā]
Hajfongo;hajfong.0o.havenurbo;海防[hǎi fáng]
Hajfongo;hajfong.0o.havenurbo;海防市[hǎi fáng shì]
hajko;hajk.0o;俳句[pái jù]
hajli;hajl.0i;下雹[xià báo]
hajli;hajl.0i;下冰雹[xià bīng báo]
hajlo;hajl.0o;霰弹[xiàn dàn]
hajlo;hajl.0o;雹[báo]
hajlo;hajl.0o;雹子[báo zi]
haki;hak.0i.trancxi;侵截[qīn jié]
haki;hak.0i.trancxi;鋤地[chú dì]
haki;hak.0i.trancxi;剁碎[duò suì]
haki;hak.0i.trancxi;鐝[jué]
haki;hak.0i.trancxi;劈[pī]
haki;hak.0i.trancxi;切碎[qiē suì]
haki;hak.0i.trancxi;砍[kǎn]
hakilo;hak.0ilo.klingo;鈇[fū]
hakilo;hak.0ilo.klingo;斨[qiāng]
hakilo;hak.0ilo.klingo;斧子[fǔ zǐ]
batalhakilo;;鈅[yuè]
batalhakilo;;戉[yuè]
dehaki;;砍下[kǎn xià]
dehaki;;斩[zhǎn]
halo;hal.0o;庭[tíng]
halo;hal.0o;殿堂[diàn táng]
enirhalo;;門廳[mén tīng]
enirhalo;;大堂[dà táng]
sporthalo;;室內體育場[shì nèi tǐ yù chǎng]
sporthalo;;运动馆[yùn dòng guǎn]
sporthalo;;体育馆[tǐ yù guǎn]
haladzo;haladz.0o;汗[hàn]
haladzo;haladz.0o;氛[fēn]
haladzo;;烟[yān]
haladzo;;烟气[yān qì]
haladzo;;烟雾[yān wù]
halebardo;haleba.0o;戵[qú]
halebardo;haleba.0o;戟[jǐ]
halebardo;haleba.0o;大刀[dà dāo]
haleluja;halelu.0;哈利路亚[hā lì lù yà]
haleluja;halelu.0;哈裡路亞[hā lǐ lù yà]
Halepo;halep.0o;阿勒頗[ā lēi pō]
haliaeto;haliaet.0o;海鵰[hǎi diāo]
Halifakso;halifaks.0o;哈利法克斯[hā lì fǎ kè sī]
halioto;haliot.0o;鮑魚[bào yú]
haloo;;晕轮效应[yūn lún xiào yìng]
halogeno;haloge.0o;卤族化合物[lǔ zú huà hé wù]
Haloveno;haloven.0o;万圣节前夜[wàn shèng jié qián yè]
Haloveno;haloven.0o;万圣夜[wàn shèng yè]
Haloveno;haloven.0o;大瓜節[dà guā jié]
haltejo;halt.0ejo;站[zhàn]
haltejo;halt.0ejo;停靠站[tíng kào zhàn]
haltejo;halt.0ejo;巴士站[bā shì zhàn]
haltejo;halt.0ejo;泊車場所[bó chē chǎng suǒ]
haltejo;halt.0ejo;出租車候車處[chū zū chē hòu chē chù]
haltejo;halt.0ejo;停車場[tíng chē chǎng]
haltejo;halt.0ejo;断点[duàn diǎn]
halti;;停車[tíng chē]
halti;;停止[tíng zhǐ]
halti;;停下來[tíng xia lai]
halti;;止[zhǐ]
halti;;煞[shā]
haltigi;halt.0igi;捉拿[zhuō ná]
haltigi;;信守[xìn shǒu]
haltigi;;含[hán]
haltigilo;halt.0igilo;刹挚[chà zhì]
haltigilo;halt.0igilo;刹车闸[shā chē zhá]
haltigilo;halt.0igilo;制动机构[zhì dòng jī gòu]
haltigilo;halt.0igilo;牛蝇[niú yíng]
haltigilo;halt.0igilo;牛虻[niú méng]
haltigilo;halt.0igilo;蜚[fěi]
haltigilo;halt.0igilo;制动器[zhì dòng qì]
halto;halt.0o;小站[xiǎo zhàn]
halto;halt.0o;拿着[ná zhe]
halto;halt.0o;停頓[tíng dùn]
halto;halt.0o;頑固[wán gù]
antaŭhaltigi;halt.antaux0igi;毖[bì]
antaŭhaltigi;halt.antaux0igi;杜[dù]
aŭtobushaltejo;halt.auxtobus0ejo;停站[tíng zhàn]
aŭtobushaltejo;halt.auxtobus0ejo;汽車站[qì chē zhàn]
aŭtobushaltejo;halt.auxtobus0ejo;公共汽車站[gōng gòng qì chē zhàn]
aŭtobushaltejo;halt.auxtobus0ejo;車站[chē zhàn]
bushaltejo;halt.bus0ejo;停站[tíng zhàn]
bushaltejo;halt.bus0ejo;汽車站[qì chē zhàn]
bushaltejo;halt.bus0ejo;公共汽車站[gōng gòng qì chē zhàn]
bushaltejo;halt.bus0ejo;車站[chē zhàn]
metrohaltejo;halt.metro0ejo;地鐵車站[dì tiě chē zhàn]
metrohaltejo;halt.metro0ejo;地鐵站[dì tiě zhàn]
nehaltigebla;;势不可挡[shì bù kě dàng]
nehaltigebla;;銳不可當[ruì bù kě dāng]
nehaltigebla;;不能抵抗[bù néng dǐ kàng]
nehaltigebla;;不可阻挡[bù kě zǔ dǎng]
nehaltigebla;;留不住[liú bú zhù]
nehaltigebla;;好玩儿[hǎo wán r]
senhalta;halt.sen0a;一口气地[yī kǒu qì de]
senhalta;halt.sen0a;不輟[bù chuò]
senhalta;halt.sen0a;寻[xún]
senhalta;halt.sen0a;接二连三[jiē èr lián sān]
haltero;halter.0o;哑铃[yǎ líng]
halucino;haluci.0o;幻覺[huàn jué]
halucino;haluci.0o;夢幻[mèng huàn]
halucinacio;halucinaci.0o;幻覺[huàn jué]
hamamelido;hamamelid.0o;金縷梅科[jīn lǚ méi kē]
Hamburgo;hamburg.H0o;汉堡市[hàn bǎo shì]
hamburgero;hamburger.0o;汉堡包[hàn bǎo bāo]
hamburgero;hamburger.0o;汉堡[hàn bǎo]
Hameleno;hamelen.0o;哈梅恩[hā méi ēn]
Hamleto;hamlet.0o;哈姆莱特[hā mǔ lái tè]
Hamleto;hamlet.0o;哈姆雷特[hā mǔ léi tè]
Novhampŝiro;;新罕布夏州[xīn hǎn bù xià zhōu]
Novhampŝiro;;新罕布什尔州[xīn hǎn bù shí ěr zhōu]
hamstri;hamstr.0i;囤积[tún jī]
hamstro;hamstr.0o;仓鼠[cāng shǔ]
Hamurabo;hamurab.0o;汉谟拉比[hàn mó lā bǐ]
handbalisto;handbal.0isto;巴掌[bā zhǎng]
handbalo;handbal.0o;手球[shǒu qiú]
handikapi;handikap.0i;受歧視[shòu qí shì]
handikapi;handikap.0i;受到亏待[shòu dào kuī dài]
handikapi;handikap.0i;笥[sì]
handikapo;handikap.0o;不公平[bù gōng píng]
handikapo;handikap.0o;不公正[bù gōng zhèng]
handikapo;handikap.0o;歧視[qí shì]
handikapo;handikap.0o;身心障碍者[shēn xīn zhàng ài zhě]
handikapo;handikap.0o;残疾[cán jí]
Hangĝoŭo;;杭州湾跨海大桥[háng zhōu wān kuà hǎi dà qiáo]
Hangĝoŭo;;杭州市[háng zhōu shì]
Hanibalo;hanibal.0o;汉尼拔[hàn ní bá]
Hanojo;hanoj.0o;河內市[hé nèi shì]
Hanojo;hanoj.0o;河內[hé nèi]
Hanovro;hanovr.0o.urbo;汉诺威[hàn nuò wēi]
hanso;hans.0o;汉萨同盟[hàn sà tóng méng]
hanti;hant.0i;侵袭[qīn xí]
hararo;har.0aro;髪[fà]
hararo;har.0aro;头发[tóu fa]
harego;har.0ego;刚毛[gāng máo]
harego;har.0ego;鬣[liè]
harŝprucaĵo;;发胶[fà jiāo]
harŝprucaĵo;;喷发胶[pēn fà jiāo]
harligo;har.0ligo;发辫[fǎ biàn]
harligo;har.0ligo;辫[biàn]
harligo;har.0ligo;辫子[biàn zi]
harligo;har.0ligo;馬尾辮[mǎ wěi biàn]
haro;har.0o;髪[fà]
haro;har.0o;发[fà]
harplektaĵo;har.0plektajxo;发辫[fǎ biàn]
harplektaĵo;har.0plektajxo;辫[biàn]
harplektaĵo;har.0plektajxo;辫子[biàn zi]
harplektaĵo;har.0plektajxo;馬尾辮[mǎ wěi biàn]
harstariga;har.0stariga;恐惧[kǒng jù]
harstariga;har.0stariga;发指[fǎ zhǐ]
harstariga;har.0stariga;駭人聽聞[hài rén tīng wén]
kolhararo;har.kol0aro;鬣[liè]
kolharoj;;馬鬃[mǎ zōng]
liphararo;har.lip0aro;胡[hú]
liphararo;har.lip0aro;髭须[zī xū]
okulharo;har.okul0o;睫[jié]
senhara;har.sen0a;痜[tū]
senhara;har.sen0a;未修飾[wèi xiū shì]
senhara;har.sen0a;不毛[bù máo]
senhara;har.sen0a;无毛[wú máo]
senhara;har.sen0a;禿[tū]
senhara;har.sen0a;兀[wù]
vangharoj;har.vang0oj;腮須[sāi xū]
vangharoj;har.vang0oj;髥[rán]
vangharoj;har.vang0oj;髯[rán]
vangharoj;har.vang0oj;胡须[hú xū]
Hararo;harar.0o;哈拉雷[hā la léi]
Harco;harc.0o;哈茨山[hā cí shān]
hardado;hard.0ado.KOMUNE;养成习惯[yǎng chéng xí guàn]
hardado;hard.0ado.KOMUNE;強化[qiáng huà]
hardi;hard.0i.FIG;焠[cuì]
hardi;hard.0i.FIG;实体化[shí tǐ huà]
hardiĝi;hard.0igxi.KOMUNE;使硬化[shǐ yìng huà]
hardiĝi;hard.0igxi.KOMUNE;磨炼[mó liàn]
harditeco;hard.0iteco;严重性[yán zhòng xìng]
hardeco;hard.0iteco;硬度[yìng dù]
haremo;harem.0o;閨房里的妻妾群[guī fáng lǐ de qī qiè qún]
haremo;harem.0o;閨房[guī fáng]
Hariano;harian.0o;哈裡亞納邦[hā lǐ yà nà bāng]
haringo;haring.0o;鯡魚[fèi yú]
haringo;haring.0o;青魚[qīng yú]
haringo;haring.0o;鰽[qiú]
Harlemo;harlem.H0o;哈琳[hā lín]
Harlemo;harlem.H0o;哈莱姆区[hā lái mǔ qū]
harmono;harmon.0o;倍頻[bèi pín]
harmonia;harmon1.0a;龢[hé]
harmonia;harmon1.0a;諧波[xié bō]
harmonia;harmon1.0a;雝[yōng]
harmonia;harmon1.0a;諧[xié]
harmonia;harmon1.0a;喈[jiē]
harmonia;harmon1.0a;勰[xié]
harmonia;harmon1.0a;投洽[tóu qià]
harmonia;harmon1.0a;和美[hé měi]
harmonia;harmon1.0a;廱[yōng]
harmonia;harmon1.0a;邕[yōng]
harmonia;harmon1.0a;融洽[róng qià]
harmonia;harmon1.0a;和諧的[hé xié de]
harmonia;harmon1.0a;睦和[mù hé]
harmonia;harmon1.0a;协和[xié hé]
harmonia;harmon1.0a;雍[yōng]
harmonii;harmon1.0i;和睦相处[hé mù xiāng chǔ]
harmonii;harmon1.0i;龤[xié]
harmoniigi;harmon1.0igi;諧調[xié tiáo]
harmoniigi;harmon1.0igi;协调[xié tiáo]
harmoniigi;harmon1.0igi;調和[tiáo hè]
harmonio;harmon1.0o;雍[yōng]
harmonio;harmon1.0o;和睦[hé mù]
harmonio;harmon1.0o;和諧[hé xié]
malharmonio;harmon1.mal0o;不諧和音[bù xié hè yīn]
malharmonio;harmon1.mal0o;刺耳的声音[cì ěr de shēng yīn]
malharmonio;harmon1.mal0o;不調和[bù tiáo hé]
malharmonio;harmon1.mal0o;不一致[bù yī zhì]
harmoniko;harmon2.0o.SCI;和声[hé shēng]
buŝharmoniko;harmon2.busx0o;口琴[kǒu qín]
frapharmoniko;harmon2.frap0o;木琴[mù qín]
tirharmoniko;harmon2.tir0o;手風琴[shǒu fēng qín]
harniso;harnis.0o;挽具[wǎn jù]
harpo;harp.0o;竖琴[shù qín]
harpio;harpi.0o.ZOO;角雕[jiǎo diāo]
harpuni;harpun.0i;魚叉[yú chā]
hasta;hast.0a;慌张地[huāng zhāng de]
hasta;hast.0a;貿然[mào rán]
hasta;hast.0a;仓猝[cāng cù]
hasta;hast.0a;匆[cōng]
hasta;hast.0a;急促[jí cù]
hasta;hast.0a;孟浪[mèng làng]
hasta;hast.0a;慌忙[huāng máng]
hastema;;孟浪[mèng làng]
hastema;;性急[xìng jí]
hastema;;易怒[yì nù]
hastema;;輕率[qīng shuài]
hasti;hast.0i;头在前[tóu zài qián]
hasti;hast.0i;头朝下[tóu cháo xià]
hasti;hast.0i;过于匆忙[guò yú cōng máng]
hasti;hast.0i;髞[zào]
hastigi;hast.0igi;催促[cuī cù]
hastigi;hast.0igi;鞭策[biān cè]
hastigi;hast.0igi;鞭茦[biān cè]
hastigi;hast.0igi;推[tuī]
malhasta;hast.mal0a;安閒[ān xián]
malhasta;hast.mal0a;悠然[yōu rán]
malhasta;hast.mal0a;逍[xiāo]
malhasta;hast.mal0a;慢条斯理[màn tiáo sī lǐ]
malhasta;hast.mal0a;悠[yōu]
malhasta;hast.mal0a;劮[yì]
haŝiŝo;hasxisx.0o;大麻[dà má]
hati;hat.0i;憎[zēng]
hati;hat.0i;恨死[hèn sǐ]
hati;hat.0i;堲[jí]
hati;hat.0i;忌恨[jì hèn]
hati;hat.0i;厌恨[yàn hèn]
haŭbizo;hauxbi.0o;榴弹炮[liú dàn pào]
haŭli;hauxl.0i;拽[yè]
haŭli;hauxl.0i;搲[wà]
haŭli;hauxl.0i;拖带[tuō dài]
haŭlisto;;縴夫[qiàn fū]
haŭso;hauxs.0o.borsa;牛市[niú shì]
haŭli;;縴夫[qiān fū]
malhaŭso;hauxs.mal0o.borsa;長時間的強烈下跌[cháng shí jiān de qiáng liè xià diē]
haŭsero;hauxser.0o;纜索[lǎn suǒ]
haŭsero;hauxser.0o;纜[lǎn]
haŭsero;hauxser.0o;纜繩[lǎn shéng]
haŭto;hauxt.0o;皮肤[pí fū]
haŭto;hauxt.0o;膜[mó]
haŭto;hauxt.0o;体被[tǐ bèi]
anserhaŭto;hauxt.anser0o;雞皮疙瘩[jī pí gē da]
senhaŭtigi;;去皮[qù pí]
senhaŭtigi;;剝皮[bō pí]
havebla;hav.0ebla.KOMUNE;可处理[kě chǔ lǐ]
havebla;hav.0ebla.KOMUNE;可支配[kě zhī pèi]
havebla;hav.0ebla.KOMUNE;可使用[kě shǐ yòng]
havebla;hav.0ebla.KOMUNE;液[yè]
havebla;;可买到[kě mǎi dào]
havema;hav.0ema.KOMUNE;猪一般地[zhū yì bān de]
havema;hav.0ema.KOMUNE;貪得無厭[tān dé wú yàn]
havema;hav.0ema.KOMUNE;不知足[bù zhī zú]
havema;hav.0ema.KOMUNE;愛財[ài cái]
havenda;hav.0enda;必要[bì yào]
havenda;hav.0enda;枢[shū]
havigi;hav.0igi;搞到[gǎo dào]
havigi;hav.0igi;設法獲得[shè fǎ huò dé]
havigi;hav.0igi;努力取得[nǔ lì qǔ dé]
havigi;hav.0igi;謀得[móu dé]
havigi;hav.0igi;弄到[nòng dào]
havigi;hav.0igi;张罗[zhāng luó]
bonhavo;hav.bon0o.EKON;权衡[quán héng]
bonhavo;hav.bon0o.EKON;储蓄[chǔ xù]
bonhavo;hav.bon0o.EKON;充値[chōng zhí]
bonhavo;hav.bon0o.EKON;銀行結余[yín háng jié yú]
bonhavo;hav.bon0o.EKON;銀行存款[yín háng cún kuǎn]
bonhava;;欣欣向榮[xīn xīn xiàng róng]
bonhava;;兴旺[xīng wàng]
bonhava;;优裕[yōu yù]
bonhavo;hav.bon0o.eco;小康[xiǎo kāng]
bonhavo;hav.bon0o.eco;兴旺[xīng wàng]
ekhavi;hav.ek0i;受[shòu]
ekhavi;hav.ek0i;領[lǐng]
ekhavi;hav.ek0i;拿到[ná dào]
ekhavi;hav.ek0i;收到[shōu dào]
ekhavi;hav.ek0i;利[lì]
ekhavi;hav.ek0i;进[jìn]
enhaveco;hav.en0eco;容納能力[róng nà néng lì]
enhavi;hav.en0i.aro;鋡[hán]
enhavi;hav.en0i.aro;量入[liàng rù]
enhavi;hav.en0i.aro;戒除[jiè chú]
enhavi;hav.en0i.aro;包含[bāo hán]
enhavi;hav.en0i.aro;包括有[bāo kuò yǒu]
enhavi;hav.en0i.aro;內裝有[nèi zhuāng yǒu]
enhavi;hav.en0i.aro;內含[nèi hán]
enhavi;hav.en0i.aro;藴[yùn]
enhavo;hav.en0o;內含物品[nèi hán wù pǐn]
enhavo;hav.en0o;內容[nèi róng]
enhavo;hav.en0o;含量[hán liàng]
kunhavi;hav.kun0i.disponi;携带[xié dài]
kunhavi;hav.kun0i.disponi;怀有[huái yǒu]
kunhavi;hav.kun0i.disponi;随带[suí dài]
kunhavi;hav.kun0i.disponi;随身[suí shēn]
nehavo;hav.ne0o;貧困[pín kùn]
nemalhavebla;hav.nemal0ebla.KOMUNE;必要[bì yào]
nemalhavebla;hav.nemal0ebla.KOMUNE;枢[shū]
senhavigi;hav.sen0igi;饒有興趣[ráo yǒu xìng qù]
senhavigi;hav.sen0igi;預先處理[yù xiān chǔ lǐ]
senhavigi;hav.sen0igi;扣押[kòu yā]
senhavigi;hav.sen0igi;侵吞[qīn tūn]
senhavigi;hav.sen0igi;剪短[jiǎn duǎn]
senhavigi;hav.sen0igi;剝奪[bō duó]
senhaviĝi;hav.sen0igxi.KOMUNE;失落[shī luò]
senhaviĝi;hav.sen0igxi.KOMUNE;丟失[diū shī]
senhaviĝi;hav.sen0igxi.KOMUNE;輸[shū]
senhaviĝi;hav.sen0igxi.KOMUNE;损失[sǔn shī]
senhaviĝi;hav.sen0igxi.KOMUNE;遗[yí]
senhaviĝi;hav.sen0igxi.KOMUNE;失[shī]
senhaviĝi;hav.sen0igxi.KOMUNE;损[sǔn]
senhaviĝi;hav.sen0igxi.KOMUNE;无望[wú wàng]
senhavulo;hav.sen0ulo;穷棒子[qióng bàng zi]
senenhava;hav.senen0a;虚[xū]
senenhava;hav.senen0a;空車[kōng chē]
senenhava;hav.senen0a;空空[kōng kōng]
senenhava;hav.senen0a;空[kòng]
senenhava;hav.senen0a;空虚[kōng xū]
surhavi;hav.sur0i;身着[shēn zhuó]
surhavi;hav.sur0i;戴着[dài zhuó]
Havajo;havaj.0o;夏威夷[xià wēi yí]
Havajo;havaj.0o;檀香山[tán xiāng shān]
Havajo;havaj.0o;夏威夷州群岛[xià wēi yí zhōu qún dǎo]
Havano;havan.H0o;哈瓦那[hā wǎ nà]
haveno;haven.0o;港[gǎng]
haveno;haven.0o;津步[jīn bù]
haveno;haven.0o;港口[gǎng kǒu]
fiŝhaveno;haven.fisx0o;渔港[yú gǎng]
flughaveno;haven.flug0o;空港[kōng gǎng]
flughaveno;haven.flug0o;航空站[háng kōng zhàn]
flughaveno;haven.flug0o;航空港[háng kōng gǎng]
marhaveno;haven.mar0o;海港[hǎi gǎng]
marhaveno;haven.mar0o;港口[gǎng kǒu]
hazardo;hazard.0o;偶然事件[ǒu rán shì jiàn]
hazardo;hazard.0o;偶然的机会[ǒu rán de jī huì]
hazardo;hazard.0o;巧合[qiǎo hé]
hazardo;hazard.0o;巧劲儿[qiǎo jìn r]
hazardo;hazard.0o;偶然[ǒu rán]
hazardo;hazard.0o;万一[wàn yī]
hazardo;hazard.0o;意外[yì wài]
hazardo;hazard.0o;不测[bù cè]
hebeta;hebet.0a.PSI;麻木[má mù]
hebeta;hebet.0a.PSI;麻[má]
hebeta;hebet.0a.PSI;痲[má]
hebrea lingvo;hebre.0alingvo;希伯來[Xī bó lái]
hebrea lingvo;hebre.0alingvo;希伯莱[Xī bó lái]
hebrea lingvo;hebre.0alingvo;希伯來[xī bó lái]
hebrea lingvo;hebre.0alingvo;希伯莱语[xī bó lái yǔ]
hebrea lingvo;hebre.0alingvo;希伯來語[xī bó lái yǔ]
hebrea lingvo;hebre.0alingvo;希伯來語[Xī bó lái yǔ]
hebrea lingvo;hebre.0alingvo;希伯莱文[Xī bó lái wén]
hebrea lingvo;hebre.0alingvo;希伯莱语[Xī bó lái yǔ]
hebrea lingvo;hebre.0alingvo.moderna;希伯莱文[xī bó lái wén]
hebrea lingvo;hebre.0alingvo;希伯莱文[xī bó lái wén]
hebreo;hebre.0o;希伯來人[xī bó lái rén]
hebreo;hebre.0o;希伯來人[Xī bó lái rén]
hedero;heder.0o;常春藤[cháng chūn téng]
hedero;heder.0o;常青藤[cháng qīng téng]
hedisaro;hedisa.0o;蒢[chú]
hedonismo;hedonism.0o;享乐主义[xiǎng lè zhǔ yì]
hedonisto;hedonist.0o;享乐主义者[xiǎng lè zhǔ yì zhě]
hedonisto;hedonist.0o.FIL;享乐主义者[xiǎng lè zhǔ yì zhě]
Hefesto;hefest.0o;赫斐斯托斯[hè fěi sī tuō sī]
Hefesto;hefest.0o;赫淮斯托斯[hè huái sī tuō sī]
hegemonii;hegemo.0i;主宰[zhǔ zǎi]
hegemonio;hegemo.0o;霸权[bà quán]
hegemonio;hegemo.0o;霸权主义[bà quán zhǔ yì]
heĝo;hegx.0o;栵[lì]
heĝo;hegx.0o;树篱[shù lí]
heĝo;hegx.0o;柵籬[zhà lí]
heĝo;hegx.0o;篱垣[lí yuán]
hejmama;hejm.0ama;家族性[jiā zú xìng]
hejmeca;hejm.0eca;悠然自得[yōu rán zì dé]
hejmi;hejm.0i;在家[zài jiā]
hejmiĝi;hejm.0igxi;落戶[luò hù]
hejmiĝi;hejm.0igxi;安家[ān jiā]
hejmiĝi;hejm.0igxi;定居[dìng jū]
hejmo;hejm.0o;家园[jiā yuán]
hejmo;hejm.0o;故乡[gù xiāng]
hejmo;hejm.0o;家宅[jiā zhái]
hejmo;hejm.0o;居处[jū chù]
hejme;hejm.0e.en_hejmo;家裡[jiā lǐ]
fikshejma;hejm.fiks0a;朴实的[pǔ shí de]
fikshejma;hejm.fiks0a;久坐不走[jiǔ zuò bú zǒu]
rehejmiĝi;hejm.re0igxi;回家[huí jiā]
senhejmulo;hejm.sen0ulo;无家可归者[wú jiā kě guī zhě]
senhejmulo;hejm.sen0ulo;流浪汉[liú làng hàn]
senhejmulo;hejm.sen0ulo;游民[yóu mín]
senhejmulo;hejm.sen0ulo;流民[liú mín]
hejti;hejt.0i;加热[jiā rè]
hejtilo;hejt.0ilo;暖气[nuǎn qì]
hejtilo;hejt.0ilo;暖气机[nuǎn qì jī]
hejtilo;hejt.0ilo;暖炉[nuǎn lú]
hejtilo;hejt.0ilo;暖气装置[nuǎn qì zhuāng zhì]
centra hejtado;hejt.centra_0ado;暖气[nuǎn qì]
Hekato;hekat.0o;赫卡忒[Hè kǎ tè]
heksaedro;heksae.0o;六面体[liù miàn tǐ]
heksagono;heksagon.0o;六角[liù jiǎo]
heksagono;heksagon.0o;六角形[liù jiǎo xíng]
heksagono;heksagon.0o;六边形[liù biān xíng]
hektaro;hektar.0o;公頃[gōng qǐng]
hektika;hektik.0a;忙乱[máng luàn]
hektogramo;hektog.0o;兡[bǎi]
hektogramo;hektog.0o;公两[gōng liǎng]
hektolitro;hektol.0o;竡[bǎi]
hektolitro;hektol.0o;公石[gōng dàn]
hektolitro;hektol.0o;百升[bǎi shēng]
hektometro;hektom.0o;粨[bǎi mǐ]
hektometro;hektom.0o;公引[gōng yǐn]
hektometro;hektom.0o;粨[bǎi]
Hektoro;hektor.0o;埃克托[Aī kè tuō]
Hektoro;hektor.0o;赫克托[hè kè tuō]
Hektoro;hektor.0o;赫克托耳[hè kè tuō ěr]
hela;hel.0a.blankeca;晑[xiǎng]
hela;hel.0a.blankeca;昺[bǐng]
hela;hel.0a.lumplena;通明[tōng míng]
hela;hel.0a.lumplena;光亮[guāng liàng]
hela;hel.0a.lumplena;紑[fóu]
hela;hel.0a.lumplena;光明[guāng míng]
hela;hel.0a.lumplena;煌[huáng]
hela;hel.0a.lumplena;明亮[míng liàng]
hela;hel.0a.sonora;晑[xiǎng]
heleco;hel.0eco;亮度[liàng dù]
heleco;hel.0eco;光度[guāng dù]
heleco;hel.0eco;輝煌[huī huáng]
heligi;hel.0igi;照射[zhào shè]
heligi;hel.0igi;照亮[zhào liàng]
heligi;hel.0igi;迪[dí]
heligi;hel.0igi;点亮[diǎn liàng]
malhela;hel.mal0a;冥[míng]
malhela;hel.mal0a;昏暗[hūn àn]
malhela;hel.mal0a;乌[wū]
malhela;hel.mal0a;悜[chěng]
helenismo;helen.0ismo;希腊主义[xī là zhǔ yì]
helenismo;helen.0ismo;希腊化时代[xī là huà shí dài]
Sankta Heleno;helen1.Sankta_0o;圣赫勒拿岛[shèng hè lè ná dǎo]
Sankta Heleno;helen1.Sankta_0o.patrino;圣赫勒拿岛[shèng hè lè ná dǎo]
helianto;helian.0o;葵[kuí]
helianto;helian.0o;葵花[kuí huā]
helianto;helian.0o;向日葵[xiàng rì kuí]
helianto;helian.0o;向阳花[xiàng yáng huā]
helianto;helian.0o;朝阳花[cháo yáng huā]
helianto;helian.0o;轉日蓮[zhuǎn rì lián]
tubera helianto;helian.tubera0o;洋姜[yáng jiāng]
tubera helianto;helian.tubera0o;菊芋[jú yù]
helico;helic.0o;推进器[tuī jìn qì]
helico;helic.0o;螺旋[luó xuán]
helico;helic.0o;螺旋形[luó xuán xíng]
helico;helic.0o;螺旋線[luó xuán xiàn]
heliko;helik.0o.ascii;小老鼠[xiǎo lǎo shǔ]
heliko;helik.0o.ascii;老鼠号[lǎo shǔ hào]
heliko;helik.0o.genro;法国田螺[fǎ guó tián luó]
heliko;helik.0o.konkhava;蜗牛[wō niú]
heliko;helik.0o.konkhava;蜗[wō]
heliko;helik.0o.konkhava;蛳[sī]
heliko;helik.0o.konkhava;蜗牛[guā niú]
helikoptero;heliko.0o;直升机[zhí shēng jī]
helikoptero;heliko.0o;直升飛機[zhí shēng fēi jī]
heliocentrismo;heliocentr.0ismo;日心說[rì xīn shuō]
Helioso;helios1.0o;太阳神[tài yáng shén]
Helioso;helios1.0o;赫利俄斯[hè lì é sī]
heliotropo;heliot1.0o;雞血石[jī xuè shí]
helio;helium.0o;氦[hài]
helio;helium.0o;氦气[hài qì]
helmo;helm.0o;盔[kuī]
helmo;helm.0o;胄[zhòu]
helmo;helm.0o;头盔[tóu kuī]
help!;help.0;救命[jiù mìng]
helpa;help.0a;有帮助[yǒu bāng zhù]
helpa;help.0a;有助[yǒu zhù]
helpa;help.0a;济[jì]
helpa;help.0a;中用[zhōng yòng]
helpanto;help.0anto;助手[zhù shǒu]
helpanto;help.0anto;壁助[bì zhù]
helpanto;help.0anto;帮手[bāng shǒu]
helpema;help.0ema;乐善好施[lè shàn hào shī]
helpema;help.0ema;乐于助人[lè yú zhù rén]
helpi;help.0i;助[zhù]
helpi;help.0i;济[jì]
helpi;help.0i;佽[cì]
helpi;help.0i;援[yuán]
helpi;help.0i;帮忙[bāng máng]
helpi;help.0i;协[xié]
helpi;help.0i;扶持[fú chí]
helpi;help.0i;掖[yè]
helpi;help.0i;救援[jiù yuán]
helpi;help.0i;协助[xié zhù]
helpi;help.0i;帮助[bāng zhù]
helpi al si;help.0ialsi;自拔[zì bá]
helpilo;help.0ilo;輔助工具[fǔ zhù gōng jù]
helpilo;help.0ilo.KOMUNE;輔助工具[fǔ zhù gōng jù]
helpo;help.0o;援助[yuán zhù]
helpo;help.0o;救助[jiù zhù]
helpo;help.0o;帮助[bāng zhù]
antaŭmalhelpi;help.antauxmal0i;防止[fáng zhǐ]
antaŭmalhelpi;help.antauxmal0i;防杜[fáng dù]
homhelpa;help.hom0a;人道主义[rén dào zhǔ yì]
homhelpa;help.hom0a;慈善[cí shàn]
malhelpa;help.mal0a;有阻碍[yǒu zǔ ài]
malhelpa;help.mal0a;于事无补[yú shì wú bǔ]
malhelpa;help.mal0a;行动不便[xíng dòng bù biàn]
malhelpa;help.mal0a;阻碍地[zǔ ài de]
malhelpaĵo;help.mal0ajxo;障碍[zhàng ài]
malhelpaĵo;help.mal0ajxo;障碍物[zhàng ài wù]
malhelpaĵo;help.mal0ajxo;絆腳石[bàn jiǎo shí]
malhelpaĵo;help.mal0ajxo;跳栏[tiào lán]
malhelpaĵo;help.mal0ajxo;阻塞[zǔ sè]
malhelpaĵo;help.mal0ajxo;拦路虎[lán lù hǔ]
malhelpi;help.mal0i;阻碍[zǔ ài]
malhelpi;help.mal0i;碍[ài]
malhelpi;help.mal0i;制止[zhì zhǐ]
malhelpi;help.mal0i;妨[fáng]
malhelpi;help.mal0i;妨碍[fáng ài]
malhelpi;help.mal0i;遏[è]
malhelpo;help.mal0o;障碍[zhàng ài]
malhelpo;help.mal0o;阻碍[zǔ ài]
monhelpo;help.mon0o;补贴[bǔ tiē]
monhelpo;help.mon0o;資助[zī zhù]
senhelpa;help.sen0a;无奈[wú nài]
senhelpa;help.sen0a;无措[wú cuò]
senhelpa;help.sen0a;无援[wú yuán]
senhelpa;help.sen0a;无能为力[wú néng wéi lì]
senhelpa;help.sen0a;需要帮助[xū yào bāng zhù]
senhelpa;help.sen0a;束手无策[shù shǒu wú cè]
senhelpa;help.sen0a;孤苦[gū kǔ]
Helsinko;helsink.0o;赫尔辛基[hè ěr xīn jī]
Helsinko;helsink.0o;赫尔辛基[Hè ěr xīn jī]
hematito;hemati.0o;血师[xuè shī]
hematito;hemati.0o;須丸[xū wán]
hematomo;hematom.0o;血肿[xuè zhǒng]
hematomo;hematom.0o;瘀斑[yū bān]
hematomo;hematom.0o;瘀[yū]
hemerokalo;hemero.0o;黃花菜[huáng huā cài]
hemerokalo;hemero.0o;萱[xuān]
hemerokalo;hemero.0o;金針菜[jīn zhēn cài]
hemerokalo;hemero.0o;萱草[xuān cǎo]
hemikranio;hemikr.0o;偏头痛[piān tóu tòng]
hemiplegio;hemiplegi.0o;半身不遂[bàn shēn bù suí]
hemisfera;hemisf.0a;半球形[bàn qiú xíng]
hemisfero;hemisf.0o;半球[bàn qiú]
hemisfero;hemisf.0o;半球体[bàn qiú tǐ]
hemofilio;hemofili.0o;血友病[xiě yǒu bìng]
hemoglobino;hemogl.0o;血色素[xuè sè sù]
hemoglobino;hemogl.0o;血紅素[xuè hóng sù]
hemoglobino;hemogl.0o;血紅蛋白[xuè hóng dàn bái]
hemoglobino;hemogl.0o;高鐵血紅蛋白[gāo tiě xuè hóng dàn bái]
hemoglobino;hemogl.0o;血紅素[xiě hóng sù]
hemoglobino;hemogl.0o;血赤素[xuě chì sù]
hemoptizo;hemoptiz.0o;咯血[luò xuè]
hemoragia;hemora.0a;出血性[chū xuè xìng]
hemoragio;hemora.0o;出血[chū xuè]
hemorojdoj;hemoro.0oj;痔[zhì]
hemorojdoj;hemoro.0oj;痔疮[zhì chuāng]
hemorojdoj;hemoro.0oj;痔疮[zhì chuang]
heni;hen.0i;嘶鳴[sī míng]
heni;hen.0i;像馬一樣嘶叫[xiàng mǎ yí yàng sī jiào]
heni;hen.0i;嘶叫[sī jiào]
henaarbo;hena.0arbo.BOT;指甲花[zhǐ jia huā]
hepato;hepat.0o;肝[gān]
hepato;hepat.0o;肝脏[gān zàng]
Heraklo;herakl1.0o;重型机器[zhòng xíng jī qì]
Heraklo;herakl1.0o;海格力斯[hǎi gé lì sī]
heraldiko;herald.0o;紋章學[wén zhāng xué]
trudherbo;herb.0acxo;野草[yě cǎo]
trudherbo;herb.0acxo;杂草[zá cǎo]
herbejo;herb.0ejo;草地[cǎo dì]
herbejo;herb.0ejo;草坪[cǎo píng]
herbero;herb.0ero;莛[tíng]
herbo;herb.0o;草[cǎo]
herbo;herb.0o;青草[qīng cǎo]
herbo;herb.0o;綠草[lù: cǎo]
herboriĉa;herb.0oricxa;如草[rú cǎo]
herboriĉa;herb.0oricxa;像草[xiàng cǎo]
herboriĉa;herb.0oricxa;多草[duō cǎo]
herboriĉa;herb.0oricxa;草做[cǎo zuò]
herboriĉa;herb.0oricxa;富含汁液[fù hán zhī yè]
herboriĉa;herb.0oricxa;幼弱[yòu ruò]
aromherbo;herb.arom0o;芞[qì]
aromherbo;herb.arom0o;芗[xiāng]
aromherbo;herb.arom0o;香草[xiāng cǎo]
kuracherbo;herb.kurac0o;草药[cǎo yào]
kuracherbo;herb.kurac0o;萴[zé]
kuracherbo;herb.kurac0o;中草药[zhōng cǎo yào]
kuracherbo;herb.kurac0o;药草[yào cǎo]
panherbo;herb.pan0o;粮食[liáng shi]
panherbo;herb.pan0o;穀類[gǔ lèi]
panherbo;herb.pan0o;穀物[gǔ wù]
panherbo;herb.pan0o;禾[hé]
panherbo;herb.pan0o;麥[mài]
herco;herc.0o;赫[hè]
Hercegovino;hercegov.H0o;黑塞哥維那[Hēi sài gē wéi nà]
Hercegovino;hercegov.H0o;黑塞哥維那[Hēi sè gē wéi nà]
Hercegovino;hercegov.H0o;赫塞哥維納[Hè sè gē wéi nà]
Hercegovino;hercegov.H0o;赫塞哥維納[hè sāi gē wéi nà]
hereda;hered.0a;世袭[shì xí]
hereda;hered.0a;遗传[yí chuán]
heredaĵo;hered.0ajxo;遗产[yí chǎn]
heredanto;hered.0anto;繼承人[jì chéng rén]
heredanto;hered.0anto;储[chǔ]
heredanto;hered.0anto;嗣子[sì zǐ]
heredanto;hered.0anto;子嗣[zǐ sì]
heredeco;hered.0eco;遗传[yí chuán]
heredeco;hered.0eco.GNT;遗传[yí chuán]
heredi;hered.0i;繼承[jì chéng]
heredi;hered.0i;承受[chéng shòu]
heredi;hered.0i;胤[yìn]
heredi;hered.0i;繼[jì]
heredi;hered.0i;嗣位[sì wèi]
heredi;hered.0i;繼述[jì shù]
heredigi;hered.0igi;詒[yí]
heredigi;hered.0igi;貽[yí]
heredigi;hered.0igi;遗留[yí liú]
heredigi;hered.0igi;授业[shòu yè]
heredigi;hered.0igi;遗赠[yí zèng]
herezi;herez.0i;离经叛道[lí jīng pàn dào]
herezo;herez.0o;妖言[yāo yán]
herezo;herez.0o;异教[yì jiào]
herezo;herez.0o;异端[yì duān]
herezo;herez.0o;野狐禅[yě hú chán]
herezulo;herez.0ulo;异端者[yì duān zhě]
herezulo;herez.0ulo;妖言[yāo yán]
herezulo;herez.0ulo;异教[yì jiào]
herezulo;herez.0ulo;异教徒[yì jiào tú]
herezulo;herez.0ulo;异端邪说[yì duān xié shuō]
herezulo;herez.0ulo;离经叛道者[lí jīng pàn dào zhě]
Herkuleso;herkul.0o;大力士[dà lì shì]
Herkulo;herkul.0o.FIG;大力士[dà lì shì]
Herkulo;herkul.H0o.AST;武仙座[Wǔ xiān zuò]
Herkulo;herkul.0o.mita;大力神[Dà lì shén]
hermafrodita;hermaf.0a;两性[liǎng xìng]
hermafrodito;hermaf.0o;雌雄同体[cí xióng tóng tǐ]
hermafrodito;hermaf.0o;雌雄同体人[cí xióng tóng tǐ rén]
hermafrodito;hermaf.0o;两性人[liǎng xìng rén]
hermafrodito;hermaf.0o;两性动物[liǎng xìng dòng wù]
Hermano;herman.0o;赫尔曼[hè ěr màn]
hermeneŭtiko;hermeneuxtik.0o;解释学[jiě shì xué]
hermeneŭtiko;hermeneuxtik.0o;詮釋學[quán shì xué]
Hermeso;hermes.0o;赫尔墨斯[Hè ěr mò sī]
Hermeso;hermes.0o;赫耳墨斯[hè ěr mò sī]
Hermeso;hermes.0o;赫耳墨斯[Hè ěr mò sī]
hernio;herni.0o;疝[shàn]
hernio;herni.0o;疝气[shàn qì]
heroaĵo;hero.0ajxo;英烈[yīng liè]
heroaĵo;hero.0ajxo;壮举[zhuàng jǔ]
heroeco;hero.0eco;豪气[háo qì]
heroeco;hero.0eco;英勇[yīng yǒng]
heroino;hero.0ino;傑[jié]
heroino;hero.0ino;女中豪傑[nǚ zhōng háo jié]
heroino;hero.0ino;女英雄[nǚ yīng xióng]
heroino;hero.0ino;巾帼英雄[jīn guó yīng xióng]
heroino;heroin.0o;海洛因[hǎi luò yīn]
heroino;heroin.0o;海洛英[hǎi luò yīng]
heroo;hero.0o;英雄[yīng xióng]
heroo;hero.0o;豪傑[háo jié]
heroo;hero.0o;壮士[zhuàng shì]
heroo;hero.0o;主人公[zhǔ rén gōng]
Herodo;herod.0o;希律王[xī lü wáng]
Herodo;herod.0o;黑落德[Hēi luò dé]
Herodo;herod.0o;大希律王[dà xī lü wáng]
Herodoto;herodot.0o;希罗多德[xī luó duō dé]
heroldi;herold.0i;先声[xiān shēng]
heroldo;herold.0o;先声[xiān shēng]
herpeto;herpet.0o;单纯皰疹病毒[dān chún pào zhěn bìng dú]
herpeto;herpet.0o;疱疹[pào zhěn]
herpeto;herpet.0o;疱疹病毒科[pào zhěn bìng dú kē]
herpeto;herpet.0o;类疱疹病毒[lèi pào zhěn bìng dú]
herpeto;herpet.0o;单纯疱疹病毒[dān chún pào zhěn bìng dú]
herpeto;herpet.0o;带状疱疹[dài zhuàng pào zhěn]
herso;hers.0o;吊闸[diào zhá]
heso;hes.0o;海森[hǎi sēn]
heterogena;hetero.0a;异质[yì zhì]
heterogena;hetero.0a;异类[yì lèi]
heterogena;hetero.0a;駁雜[bó zá]
heterogeneco;hetero.0eco;异质性[yì zhì xìng]
heŭristiko;heuxristik.0o;启发法[qǐ fā fǎ]
heŭristiko;heuxristik.0o;經驗法則[jīng yàn fǎ zé]
heŭristiko;heuxristik.0o;經驗規律[jīng yàn guī lü]
Heziodo;heziod.0o;赫西奥德[hè xī ào dé]
hezita;hezit.0a;犹豫不决[yóu yù bù jué]
hezita;hezit.0a;犹豫[yóu yù]
hezita;hezit.0a;踟[chí]
hezita;hezit.0a;犹豫地[yóu yù de]
hezita;hezit.0a;迟疑地[chí yí de]
hezita;hezit.0a;踯[zhí]
hezita;hezit.0a;佪[huái]
hezita;hezit.0a;儃[chán]
hezitema;hezit.0ema;佪[huái]
hezitema;hezit.0ema;徬[páng]
heziti;hezit.0i;躅[zhú]
heziti;hezit.0i;迟疑[chí yí]
heziti;hezit.0i;躇[chú]
heziti;hezit.0i;踌躇[chóu chú]
heziti;hezit.0i;踌躇不前[chóu chú bù qián]
heziti;hezit.0i;犯嘀咕[fàn dí gu]
heziti;hezit.0i;犹疑[yóu yí]
heziti;hezit.0i;畏避[wèi bì]
heziti;hezit.0i;趄[jū]
heziti;hezit.0i;碍口[ài kǒu]
hezito;hezit.0o;犹豫[yóu yù]
senhezita;hezit.sen0a;果断[guǒ duàn]
senhezita;hezit.sen0a;毫不踌躇地[háo bù chóu chú de]
senhezita;hezit.sen0a;不加思索[bù jiā sī suǒ]
senhezita;hezit.sen0a;立即[lì jí]
senhezita;hezit.sen0a;坚决[jiān jué]
hiacinto;hiacin.0o;風信子[fēng xìn zǐ]
hiato;hiat.0o;空窗期[kōng chuāng qī]
hiato;hiat.0o;間隙[jiàn xì]
hibaĉo;hibacx.0o;火盆[huǒ pén]
hibisko;hibisk.0o;芙蓉[fú róng]
hibisko;hibisk.0o;木槿[mù jǐn]
hibisko;hibisk.0o;木槿属[mù jǐn shǔ]
hibisko;hibisk.0o;蕣[shùn]
hibrida;hibrid.0a;混血[hùn xuè]
hibrida;hibrid.0a;混种[hùn zhǒng]
hibrida;hibrid.0a;混合[hùn hé]
hibrido;hibrid.0o;杂种[zá zhǒng]
hida;hid.0a;狰[zhēng]
hida;hid.0a;令人不适[lìng rén bù shì]
Virhidro;hidr.Vir0o;水蛇座[Shuǐ shé zuò]
hidranto;hidrant.0o;消防栓[xiāo fáng shuān]
hidranto;hidrant.0o;消火栓[xiāo huǒ shuān]
hidrargo;hidrar.0o;水銀[shuǐ yín]
hidrargo;hidrar.0o;汞[gǒng]
hidrargo;hidrar.0o;汞[hòng]
hidrato;hidrat.0o;水合物[shuǐ hé wù]
karbonhidrato;hidrat.karbon0o;碳水化合物[tàn shuǐ huà hé wù]
karbonhidrato;hidrat.karbon0o;醣[táng]
karbonhidrato;hidrat.karbon0o;醣类[táng lèi]
karbonhidrato;hidrat.karbon0o;糖类[táng lèi]
hidraŭlika;hidrau.0a;液力[yè lì]
hidraŭlika;hidrau.0a;水力[shuǐ lì]
hidraŭlika;hidrau.0a;液压[yè yā]
hidraŭlika;hidrau.0a;油压[yóu yā]
hidraŭlika;hidrau.0a;由液压控制[yóu yè yā kòng zhì]
hidraŭliko;hidrau.0o;水力学[shuǐ lì xué]
hidraŭliko;hidrau.0o;液压技术[yè yā jì shù]
hidredoj;hidred.0oj;水螅[shuǐ xī]
hidroaeroplano;hidroa.0o;水上飛機[shuǐ shàng fēi jī]
hidrocefalo;hidroc.0o;脑水肿[nǎo shuǐ zhǒng]
hidrocefalo;hidroc.0o;脑积水[nǎo jī shuǐ]
hidrodinamiko;hidrodinamik.0o;流体力学[liú tǐ lì xué]
hidrodinamiko;hidrodinamik.0o;水动力学[shuǐ dòng lì xué]
hidrofobio;hidrof.0o;瘈[jì]
hidrofobio;hidrof.0o;恐水症[kǒng shuǐ zhèng]
hidrofobio;hidrof.0o;恐水病[kǒng shuǐ bìng]
hidrogeno;hidrog.0o;氢[qīng]
hidrogeno;hidrog.0o;氢气[qīng qì]
hidrogeno;hidrog.0o;气脆[qì cuì]
hidrokarbido;hidrok.0o;烃[tīng]
hidrokarbido;hidrok.0o;碳氢化合物[tàn qīng huà hé wù]
hidrokarbido;hidrok.0o;碳化氢[tàn huà qīng]
hidroksido;hidroksid.0o;氢氧化物[qīng yǎng huà wù]
hidroksido;hidroksid.0o;氢氧化盐[qīng yǎng huà yán]
hidrologio;hidrologi.0o;水文[shuǐ wén]
hidrologio;hidrologi.0o;水文学[shuǐ wén xué]
hidro;;九头蛇[jiǔ tóu shé]
hidroplano;hidrop.0o;水上飛機[shuǐ shàng fēi jī]
hidropso;hidrops.0o;水肿[shuǐ zhǒng]
hidrostatiko;hidros.0o;流体静力学[liú tǐ jìng lì xué]
hidrostatiko;hidros.0o;静水力学[jìng shuǐ lì xué]
hidrostatiko;hidros.0o;静水学[jìng shuǐ xué]
hidroterapio;hidrot.0o;水疗[shuǐ liáo]
hidrozooj;hidroz.0oj;水螅綱[shuǐ xī gāng]
hieno;hien.0o;鬣狗[liè gǒu]
hienedoj;hiened.0oj;鬣狗[liè gǒu]
hierarkio;hierar.0o;层级[céng jí]
hierarkio;hierar.0o;阶层[jiē céng]
hierarkio;hierar.0o;等級制度[děng jí zhì dù]
hierarkio;hierar.0o;僧侣政治[sēng lǚ zhèng zhì]
hieraŭa;hierau.0a;昨[zuó]
hieraŭa;hierau.0a;昨天[zuó tiān]
hieraŭa;hierau.0a;昨日[zuó rì]
hieraŭo;hierau.0o;前一天[qián yī tiān]
antaŭhieraŭ;hierau.antaux0;前日[qián rì]
antaŭhieraŭ;hierau.antaux0;前天[qián tiān]
hieroglifo;hierog.0o;象形文字[xiàng xíng wén zì]
Hieronimo;hieronim.H0o;杰罗姆[jié luō mǔ]
hifo;hif.0o;菌丝[jūn sī]
higiena;higien.0a.rilata;卫生[wèi shēng]
higiena;higien.0a.saniga;卫生的[wèi shēng de]
higieno;higien.0o;卫生[wèi shēng]
higieno;higien.0o;衞生[wèi shēng]
higieno;higien.0o;卫生学[wèi shēng xué]
higrometro;higrom.0o;湿度计[shī dù jì]
higroskopo;higros.0o;湿度计[shī dù jì]
hihi;hihi.0;呵呵[hē hē]
hihi;hihi.0;嘻嘻[xī xī]
hiki;hik.0i;呃逆[è nì]
hiki;hik.0i;瘚[jué]
hiki;hik.0i;餩[è]
hiki;hik.0i;呃[è]
hiki;hik.0i;打嗝[dǎ gé]
Himalajo;himalaj.H0o;喜馬拉雅[Xǐ mǎ lā yǎ]
Himalajo;himalaj.H0o;喜馬拉雅[xǐ mǎ lā yǎ]
Himalajo;himalaj.H0o;喜馬拉雅山[xǐ mǎ lā yǎ shān]
Himalajo;himalaj.H0o;喜馬拉雅山脈[xǐ mǎ lā yǎ shān mài]
Himalajo;himalaj.H0o;喜馬拉雅山[Xǐ mǎ lā yǎ shān]
Himalajo;himalaj.H0o;喜馬拉雅山脈[Xǐ mǎ lā yǎ shān mài]
himeno;himen.0o.ANA;处女膜[chǔ nǔ: mó]
himeno;himen.0o.ANA;处女膜[chǔ nǚ mò]
himenopteroj;himeno.0oj;膜翅目[mó chì mù]
himnaro;himn.0aro;宗教詩歌集[zōng jiào shī gē jí]
himno;himn.0o;贊歌[zàn gē]
himno;himn.0o;讚美詩[zàn měi shī]
himno;himn.0o;上帝讚美詩[shàng dì zàn měi shī]
himno;himn.0o;国歌[guó gē]
himno;himn.0o;頌[sòng]
himno;himn.0o;圣歌[shèng gē]
himno;himn.0o;圣诗[shèng shī]
hino;hin.0o;驢騾[lú: luó]
Hinajano;hinajan.0o;下乘[xià chéng]
Hinajano;hinajan.0o;小乘[xiǎo chéng]
Hinajano;hinajan.0o;小乘佛教[xiǎo chéng fó jiào]
hindeŭropa;hind.0euxropa;印欧文[Yìn Oū wén]
hindeŭropa;hind.0euxropa;印欧语[Yìn Oū yǔ]
hindeŭropa;hind.0euxropa;印欧语言[Yìn Oū yǔ yán]
hindo;hind.0o;印度人[yìn dù rén]
Hindujo;hind.H0ujo;印度[Yìn dù]
Hindio;hindi.0o;印度[Yìn dù]
Hindio;hindi.0o;天竺[tiān zhú]
Hindio;hindi.0o;西竺国[xī zhú guó]
Hindio;hindi.0o;身毒[yuán dú]
Hindio;hindi.0o;印度[yìn dù]
hinduismo;hindu.0ismo;印度教[Yìn dù jiào]
hinduismo;hindu.0ismo;婆罗门教[pó luó mén jiào]
hinduo;hindu.0o;印度教徒[Yìn dù jiào tú]
Hindukuŝo;hindukusx.H0o;兴都库什[xīng dū kù shí]
Hindukuŝo;hindukusx.H0o;兴都库什山脉[xīng dū kù shí shān mài]
Hindustano;;印度斯坦[Yìn dù sī tǎn]
hinĝo;hingx.0o;枢[shū]
hinĝo;hingx.0o;門樞[mén shū]
hiperbolo;hiperb.0o;双曲线[shuāng qū xiàn]
hiperbolo;hiperb.0o;双曲函数[shuāng qǔ hán shù]
hiper-;;极超[jí chāo]
hiper-;;超級[chāo jí]
hiperboloido;hiperb1.0o;双曲面[shuāng qū miàn]
hiperebeno;hipere.0o;超平面[chāo píng miàn]
hiperiko;hiperi.0o;貫葉連翹[guàn yè lián qiáo]
hiperikacoj;;金丝桃[jīn sī táo]
hiperteksto;hipertekst.0o;超文本[chāo wén běn]
hiperteksto;hipertekst.0o;超文件[chāo wén jiàn]
hiperteksto;hipertekst.0o;網頁格式[wǎng yè gé shì]
hiperteksto;hipertekst.0o;超文本系統[chāo wén běn xì tǒng]
hipertiroidismo;hipertiroidism.0o;甲亢[jiǎ kàng]
hipertiroidismo;hipertiroidism.0o;甲状腺功能亢进[jiǎ zhuàng xiàn gōng néng kàng jìn]
hiphopo;hiphop.0o;嘻哈[xī hā]
hiphopo;hiphop.0o;嬉蹦文化[xī bèng wén huà]
hipio;hipi.0o;嬉皮士[xī pí shì]
hipio;hipi.0o;嬉皮[xī pí]
hipnoto;hipnot.0o;催眠[cuī mián]
hipnoto;hipnot.0o;催眠状态[cuī mián zhuàng tài]
hipocikloido;hipoci.0o;圆内旋轮线[yuán nèi xuán lún xiàn]
hipocikloido;hipoci.0o;双纽线[shuāng niǔ xiàn]
hipocikloido;hipoci.0o;圆内螺线[yuán nèi luó xiàn]
hipodromo;hipodr.0o;賽馬場[sài mǎ chǎng]
hipofeo;hipofe.0o.arbedo;沙棘[shā jí]
hipofizo;hipofiz.0o;脑下垂体[nǎo xià chuí tǐ]
hipogloso;hipoglos.0o;比目魚[bǐ mù yú]
hipogloso;hipoglos.0o;大比目魚[dà bǐ mù yú]
hipogrifo;hipogrif.0o;駿鷹[jùn yīng]
hipokondrio;hipohx.0o;疑病症[yí bìng zhèng]
hipokondrio;hipohx.0o;慮病症[lù: bìng zhèng]
hipoĥondriulo;hipohx.0ulo;疑病症患者[yí bìng zhēng huàn zhě]
hipokaŝtano;hipoka.0o;桫[suō]
hipokampo;hipokamp.0o;海馬[hǎi mǎ]
hipokrita;hipokr.0a;虚伪[xū wěi]
hipokrita;hipokr.0a;假惺惺[jiǎ xīng xīng]
hipokrita;hipokr.0a;伪善[wěi shàn]
hipokrita;hipokr.0a;假仁假义[jiǎ rén jiǎ yì]
hipokritaĵo;hipokr.0ajxo;假意[jiǎ yì]
hipokritaĵo;hipokr.0ajxo;口是心非[kǒu shì xīn fēi]
hipokriteco;hipokr.0eco;伪善[wěi shàn]
hipokriti;hipokr.0i;佯[yáng]
hipokriti;hipokr.0i.ion;佯[yáng]
hipokriti;hipokr.0i.ion;不老实[bù lǎo shí]
hipokriti;hipokr.0i.ion;两面[liǎng miàn]
hipokriti;hipokr.0i.ion;心口不一[xīn kǒu bù yī]
hipokriti;hipokr.0i.ion;装假[zhuāng jiǎ]
hipokritulo;hipokr.0ulo;伪君子[wěi jūn zǐ]
hipokritulo;hipokr.0ulo;假正經[jiǎ zhèng jīng]
hipokritulo;hipokr.0ulo;伪善者[wèi shàn zhě]
malhipokriteco;hipokr.mal0eco;德性[dé xìng]
malhipokriteco;hipokr.mal0eco.PSI;真挚[zhēn zhì]
malhipokriteco;hipokr.mal0eco.PSI;真誠[zhēn chéng]
malhipokriteco;hipokr.mal0eco.PSI;諴[xián]
Hipokrato;hipokrat.0o;希波克拉底[xī bō kè lā dǐ]
hipoksio;hipoksi.0o;缺氧[quē yǎng]
hiponimo;hiponim.0o;下义词[xià yì cí]
hipopotamo;hipopo.0o;河馬[hé mǎ]
hipopotamedoj;hipopo1.0oj;河馬科[hé mǎ kē]
hipoteki;hipote.0i;抵[dǐ]
hipoteki;hipote.0i;典質[diǎn zhì]
hipoteko;hipote.0o;按揭[àn jiē]
hipoteko;hipote.0o;抵押[dǐ yā]
hipoteko;hipote.0o;抵押貸款[dǐ yā dài kuǎn]
hipotenuzo;hipote1.0o;絃[xián]
hipotenuzo;hipote1.0o;斜边[xié biān]
hipoteza;hipote2.0a;假定[jiǎ dìng]
hipoteza;hipote2.0a;假想[jiǎ xiǎng]
hipotezi;hipote2.0i;假定[jiǎ dìng]
hipotezo;hipote2.0o;假定[jiǎ dìng]
hipotezo;hipote2.0o;假想[jiǎ xiǎng]
hipotezo;hipote2.0o;假設[jiǎ shè]
hipotezo;hipote2.0o;假說[jiǎ shuō]
hipotezo;hipote2.0o;統假設[tǒng jiǎ shè]
hipstero;hipster.0o;小清新[xiǎo qīng xīn]
hiragano;hiragana.0o.TIP;平假名[píng jiǎ míng]
hiraganao;hiragana.0o.TIP;平假名[píng jiǎ míng]
Hiroŝimo;hirosxim.0o.havenurbo;广岛[Guǎng dǎo]
Hiroŝimo;hirosxim.0o.havenurbo;广岛[guǎng dǎo]
Hiroŝimo;hirosxim.0o.havenurbo;广岛市[guǎng dǎo shì]
hirudo;hirud.0o;蛭[zhì]
hirudo;hirud.0o;蚂蟥[mǎ huáng]
hirudo;hirud.0o;水蛭[shuǐ zhì]
hirudo;hirud.0o;馬鱉[mǎ biē]
hirudo;hirud.0o;吸血者[xī xuè zhě]
hirudo;hirud.0o;蟥[huáng]
hirudo;hirud.0o;吸血虫[xī xiě chóng]
hirudo;hirud.0o;高利貸者[gāo lì dài zhě]
hirudo;hirud.0o;榨取他人金錢者[zhà qǔ tā rén jīn qián zhě]
hirundo;hirund.0o.KOMUNE;燕子[yàn zi]
hirundo;hirund.0o.KOMUNE;鳦[yǐ]
hirundo;hirund.0o.KOMUNE;鷾[yì]
hirundo;hirund.0o.KOMUNE;燕[yàn]
noktohirundo;hirund.nokto0o;夜鷹[yè yīng]
hirundedoj;hirund1.0oj;燕科[yān kē]
hisi;his.0i;扬帆[yáng fān]
hisi;his.0i;开船[kāi chuán]
hiskiamo;hiskia.0o;菪[dàng]
hisopo;hisop.0o;牛膝草[niú xī cǎo]
hispana;hispan.0a.lingvo;西語[xī yǔ]
hispana;hispan.0a.lingvo;西班牙語[Xī bān yá yǔ]
hispana;hispan.0a.lingvo;西文[Xī wén]
hispano;hispan.0o;西班牙人[Xī bān yá rén]
hispano;hispan.0o;西班牙人[xī bān yá rén]
Hispanujo;hispan.H0ujo;西班牙[Xī bān yá]
Hispanujo;hispan.H0ujo;日斯巴尼亞[rì sī bā ní yà]
Hispanujo;hispan.H0ujo;日国[rì guó]
Hispanio;hispani.H0o;西班牙[Xī bān yá]
Hispaniolo;hispaniol.0o;伊斯帕尼奥拉岛[yī sī pà ní ào lā dǎo]
Hispaniolo;hispaniol.0o;伊斯帕尼奥拉[Yī sī pà ní ào lā]
Hispaniolo;hispaniol.0o;海地岛[Hǎi dì Dǎo]
histo;hist.0o;組織[zǔ zhī]
histamino;histamin.0o;組織胺[zǔ zhī àn]
histamino;histamin.0o;組織胺[zǔ zhī ān]
histamino;histamin.0o;組胺[zǔ ān]
histeria;hister.0a;歇斯底里[xiē sī dǐ lǐ]
histeria;hister.0a;癔病[yì bìng]
histeria;hister.0a;脏躁[zàng zào]
histeria;hister.0a;狂乱[kuáng luàn]
histerie;hister.0e;歇斯底里[xiē sī dǐ lǐ]
histerie;hister.0e;癔病[yì bìng]
histerio;hister.0o;歇斯底里[xiē sī dǐ lǐ]
histerio;hister.0o;脏躁[zàng zào]
histerio;hister.0o;癪[jī]
histerio;hister.0o;癔病[yì bìng]
histerio;hister.0o;癔[yì]
histologio;histologi.0o;組織學[zǔ zhī xué]
historia;histor.0a;历史上[lì shǐ shàng]
historia;histor.0a;历史性[lì shǐ xìng]
historiisto;histor.0isto;历史学家[lì shǐ xué jiā]
historiisto;histor.0isto;史学家[shǐ xué jiā]
historiisto;histor.0isto;历史家[lì shǐ jiā]
historio;histor.0o;历史学[lì shǐ xué]
historio;histor.0o;史[shǐ]
historio;histor.0o;历史[lì shǐ]
malsanhistorio;histor.malsan0o;病史[bìng shǐ]
malsanhistorio;histor.malsan0o;病历[bìng lì]
antaŭhistorio;histor.pra0o;史前[shǐ qián]
antaŭhistorio;histor.pra0o;史前史[shǐ qián shǐ]
vivhistorio;histor.viv0o;传[zhuàn]
vivhistorio;histor.viv0o;列传[liè zhuàn]
vivhistorio;histor.viv0o;传记[zhuàn jì]
vorthistorio;histor.vort0o;語源[yǔ yuán]
vorthistorio;histor.vort0o;字源[zì yuán]
vorthistorio;histor.vort0o;詞源[cí yuán]
vorthistorio;histor.vort0o;語源學[yǔ yuán xué]
historiografio;historiografi.0o;史官[shǐ guān]
histriko;histri.0o;豪猪[háo zhū]
histriko;histri.0o;箭猪[jiàn zhū]
histriono;histri1.0o.amuzisto;小丑[xiǎo chǒu]
histrikedoj;histri2.0oj;箭猪[jiàn zhū]
histrikedoj;histri2.0oj;豪猪[háo zhū]
Hitlero;hitler.0o.diktatoro;希特勒[Xī tè lè]
hitita;hitit.0a.hxetida;赫梯[hè tī]
hitita;hitit.0a.hxetida;赫梯王国[hè tī wáng guó]
oh;ho.0;咳[hāi]
oh;ho.0;喔[ō]
oh;ho.0;嗬[hē]
hobia;;业余[yè yú]
hobio;hobi.0o;愛好[ài hào]
hobio;hobi.0o;癖好[pǐ hào]
hobio;hobi.0o;嗜好[shì hào]
hobio;hobi.0o;业余爱好[yè yú ài hǎo]
hobio;hobi.0o;业余生活爱好[yè yú shēng huó ài hǎo]
hobio;hobi.0o;兴趣[xìng qù]
hobiulo;hobi.0ulo;票友[piào yǒu]
hobiulo;hobi.0ulo;业余[yè yú]
hobiulo;hobi.0ulo;俗家[sú jiā]
hobiulo;hobi.0ulo;非专业人员[fēi zhuān yè rén yuán]
hobiulo;hobi.0ulo;愛好者[ài hǎo zhě]
hobiulo;hobi.0ulo;业馀者[yè yú zhě]
hobiulo;hobi.0ulo;外行[wài háng]
hodiaŭ;hodiau.0;今日[jīn rì]
hodiaŭ;hodiau.0;今天[jīn tiān]
hodiaŭ;hodiau.0;本日[běn rì]
hodiaŭ;hodiau.0;今[jīn]
hodiaŭ;hodiau.0;今朝[jīn zhāo]
hodiaŭ;hodiau.0;今儿[jīn r]
hodiaŭ;hodiau.0;如今[rú jīn]
hodiaŭ;hodiau.0;当今[dāng jīn]
hodiaŭa;hodiau.0a;当今[dāng jīn]
hodiaŭo;hodiau.0o;今日[jīn rì]
hojli;hojl.0i;狂吠[kuáng fèi]
hojli;hojl.0i;嚎[háo]
hojli;hojl.0i;号叫[háo jiào]
hojli;hojl.0i;狼嗥[láng háo]
hokŝnuro;hok.0fadeno0sxnuro;釣絲[diào sī]
hoki;hok.0i.krocxi;引上鉤[yǐn shàng gōu]
hoki;hok.0i.krocxi;掛…於鉤上[guà … yú gōu shàng]
hoko;hok.0o;剳[dá]
hoko;hok.0o;鉅[jù]
hoko;hok.0o;鉤[gōu]
hoko;hok.0o;鉤子[gōu zi]
fiŝhoki;hok.fisx0i;垂釣[chuí diào]
fiŝhoki;hok.fisx0i;釣[diào]
fiŝhoki;hok.fisx0i;釣魚[diào yú]
pordhoko;hok.pord0o;門鉸[mén jiǎo]
pordhoko;hok.pord0o;枢[shū]
pordhoko;hok.pord0o;門樞[mén shū]
hokeilo;hoke.0ilo;曲棍[qū gùn]
hokeo;hoke.0o;曲棍球[qū gùn qiú]
glacihokeo;;冰球[bīng qiú]
halo;hal.0o;大厅[dà tīng]
halo;hal.0o;厅[tīng]
hola;hola.0;嘿[hēi]
hola;hola.0;喂[wèi]
Holando;holand.H0o;荷[Hé]
Holando;holand.H0o;荷兰[Hé lán]
Holando;holand.H0o;菏兰[Hé lán]
Nord-Holando;holand.NordH0o;北荷兰[Běi Hé lán]
Nord-Holando;holand.NordH0o;北荷兰省[běi hé lán shěng]
Sud-Holando;holand.SudH0o;南荷兰[Nán Hé lán]
Sud-Holando;holand.SudH0o;南荷兰[nán hé lán]
Sud-Holando;holand.SudH0o;南荷兰省[nán hé lán xǐng]
holdo;hold.0o;貨物室[huò wù shì]
holdo;hold.0o;貨艙[huò cāng]
holdo;hold.0o;貨間[huò jiān]
holivudo;holivud.0o;好莱坞[Hǎo lái wù]
holivudo;holivud.0o;好菜坞[hǎo cài wù]
holivudo;holivud.0o;好莱坞[hǎo lái wū]
holmio;holmi.0o;鈥[huǒ]
holmio;holmi.0o;錵[huā]
hologramo;hologram.0o.FOT;全息照相[quán xī zhào xiāng]
hologramo;hologram.0o.FOT;三維圖[sān wéi tú]
hologramo;hologram.0o.FOT;全息图[quán xī tú]
hologramo;hologram.0o.FOT;全息图象[quán xī tú xiàng]
hologramo;hologram.0o.FOT;全息照片[quán xī zhào piàn]
hologramo;hologram.0o.FOT;立体照相[lì tǐ zhào xiàng]
holograafio;;全息摄影[quán xī shè yǐng]
holograafio;;全息摄影术[quán xī shè yǐng shù]
holokaŭsto;holokauxst.0o;种族灭绝[zhǒng zú miè jué]
holokaŭsto;holokauxst.0o;集体屠杀[jí tǐ tú shā]
holokaŭsto;holokauxst.0o;犹太人大屠杀[yóu tài rén dà tú shā]
holomorfa;holomo.0a;全純[quán chún]
holoturio;holoturi.0o;海参[hǎi shēn]
Holstinio;holstini.0o;霍尔斯坦[huò ěr sī tǎn]
Ŝlesvig-Holstinio;holstini.Sxlesvig0o;石勒苏益格‐荷尔斯泰因州[shí lè sū yì gé ‐ hé ěr sī tài yīn zhōu]
Ŝlesvig-Holstinio;holstini.Sxlesvig0o;石勒苏益格荷尔斯泰因州[shí lè sū yì gé hé ěr sī tài yīn zhōu]
Ŝlesvig-Holstinio;holstini.Sxlesvig0o;石荷州[shí hé zhōu]
homa;hom.0a;用人力[yòng rén lì]
homa;hom.0a;从人的角度看[cōng rén de jiǎo dù kàn]
homa;hom.0a;通人情[tōng rén qíng]
homama;hom.0ama;仁慈[rén cí]
homama;hom.0ama;慈善[cí shàn]
homeca;hom.0eca.morale;用人力[yòng rén lì]
homeca;hom.0eca.morale;具有人类特点[jù yǒu rén lèi tè diǎn]
homeca;hom.0eca.morale;从人的角度看[cōng rén de jiǎo dù kàn]
homeca;hom.0eca.morale;通人情[tōng rén qíng]
homeca;hom.0eca.morale;人一样[rén yī yàng]
homeco;hom.0eco.morala;人道[rén dào]
homeco;hom.0eco.morala;为人[wéi rén]
homeco;hom.0eco.morala;为人的资格[wéi rén de zī ge]
homido;hom.0ido.infano;囝[jiǎn]
homido;hom.0ido.infano;孩[hái]
homido;hom.0ido.infano;少儿[shào ér]
homino;hom.0ino;女人[nǚ rén]
homino;hom.0ino;女子[nǚ zǐ]
homino;hom.0ino;女性[nǚ xìng]
homino;hom.0ino;妇女[fù nǚ]
ĉiuhoma;hom.cxiu0a;普遍[pǔ biàn]
kunhomo;hom.kun0o;同胞[tóng bāo]
malhoma;hom.mal0a;残忍[cán rěn]
malhoma;hom.mal0a;非人[fēi rén]
homplena;hom.mult0a;人口稠密[rén kǒu chóu mì]
neĝhomo;hom.negx0o;雪人[xuě rén]
neĝhomo;hom.negx0o;堆雪人[duī xuě rén]
prahomo;hom.pra0o;原始人[yuán shǐ rén]
senhoma;hom.sen0a;无人[wú rén]
senhomejo;hom.sen0ejo;废地[fèi dì]
senhomejo;hom.sen0ejo;荒野[huāng yě]
senhomejo;hom.sen0ejo;废墟[fèi xū]
senhomejo;hom.sen0ejo;荒漠[huāng mò]
senhomejo;hom.sen0ejo;荒地[huāng dì]
senhomigi;hom.sen0igi;减少人口[jiǎn shǎo rén kǒu]
superhoma;hom.super0a;超乎常人的[chāo hū cháng rén de]
superhomo;hom.super0o;超人[chāo rén]
superhomo;hom.super0o;超人說[chāo rén shuǒ]
homedoj;homed.0oj;类人猿[lèi rén yuán]
homedoj;homed.0oj;人科[rén kē]
homeomorfio;homeom.0o;已扩张[yǐ kuò zhāng]
homeomorfio;homeom.0o;同胚[tóng pēi]
homeopatio;homeop.0o;順勢療法[shùn shì liáo fǎ]
Homero;homer.0o;荷馬[Hé mǎ]
homofobio;homofo.0o;同性恋恐惧症[tóng xìng liàn kǒng jù zhèng]
homofobio;homofo.0o;恐同症[kǒng tóng zhèng]
homogena;homoge.0a;同質[tóng zhì]
homogena;homoge.0a;均勻[jūn yún]
homogeneco;homoge.0eco;齊性[qí xìng]
homogeneco;homoge.0eco;均勻性[jūn yún xìng]
malhomogeneco;homoge.mal0eco;不均勻[bù jūn yún]
homologa;homolo.0a;同源[tóng yuán]
homologa;homolo.0a;类似器官[lèi sì qì guān]
homomorfio;homomo.0o;同态[tóng tài]
homonimeco;homoni.0eco;同音异议词[tóng yīn yì yì cí]
homonimo;homoni.0o;同音詞[tóng yīn cí]
homonimio;homonimi.0o;同音异议词[tóng yīn yì yì cí]
homotetiaĵo;homote.0ajxo;等軸雙曲線[děng zhóu shuāng qū xiàn]
homotetio;homote.0o;等軸雙曲線[děng zhóu shuāng qū xiàn]
Honduro;hondur.H0o;宏都拉斯[Hóng dū lā sī]
Honduro;hondur.H0o;洪都拉斯[Hóng dū lā sī]
Honduro;hondur.H0o;洪都拉斯[hóng dū lā sī]
honesta;honest.0a;廉[lián]
honesta;honest.0a;廉洁[lián jié]
honesta;honest.0a;正直[zhèng zhí]
honesta;honest.0a;誠實[chéng shí]
honesta;honest.0a;忠厚[zhōng hòu]
honesta;honest.0a;讜[dǎng]
honesta;honest.0a;悫[què]
honesta;honest.0a;顜[jiǎng]
honesta;honest.0a;实诚[shí chéng]
honesta;honest.0a;惇[dūn]
honesta;honest.0a;正派[zhèng pài]
malhonesta;honest.mal0a.rigora;不正当[bù zhèng dàng]
malhonesta;honest.mal0a.rigora;歪[wāi]
malhonesta;honest.mal0a.rigora;缺德[quē dé]
malhonestaĵo;honest.mal0ajxo;謊[huǎng]
malhonestaĵo;honest.mal0ajxo;詐欺[zhà qī]
malhonestaĵo;honest.mal0ajxo;弊[bì]
Hongkongo;honkong.0o;香港[Xiāng gǎng]
honora;honor.0a;可敬[kě jìng]
honora;honor.0a;尊貴[zūn guì]
honora;honor.0a;光彩[guāng cǎi]
honora;honor.0a;崇[chóng]
honori;honor.0i;榮[róng]
honori;honor.0i;榮幸[róng xìng]
honori;honor.0i;尊崇[zūn chóng]
honori;honor.0i;尊敬[zūn jìng]
honori;honor.0i;使高貴[shǐ gāo guì]
honoriga;honor.0iga;祗[zhī]
honorinda;honor.0inda;可敬[kě jìng]
honoro;honor.0o;尊严[zūn yán]
honoro;honor.0o;榮耀[róng yào]
honoro;honor.0o;榮譽[róng yù]
honoro;honor.0o;榮幸[róng xìng]
malhonora;honor.mal0a;不礼貌[bù lǐ mào]
malhonora;honor.mal0a;无耻[wú chǐ]
senhonorigi;honor.mal0isen0igi;可恥[kě chǐ]
senhonorigi;honor.mal0isen0igi;玷辱[diàn rǔ]
malhonoro;honor.mal0o;辱[rǔ]
malhonoro;honor.mal0o;恥辱[chǐ rǔ]
honorario;honora.0o;酬金[chóu jīn]
honorario;honora.0o;謝儀[xiè yí]
honorario;honora.0o;謝禮[xiè lǐ]
honorario;honora.0o;稿費[gǎo fèi]
Honŝuo;honsxu.0o.insulo;本州[Běn zhōu]
hontema;hont.0ema;腼腆[miǎn tiǎn]
hontema;hont.0ema;愐[miǎn]
hontema;hont.0ema;忸怩[niǔ ní]
hontema;hont.0ema;怩[ní]
honti;hont.0i;沒臉[méi liǎn]
honti;hont.0i;羞惭[xiū cán]
honti;hont.0i;瞢[méng]
honti;hont.0i;惭愧[cán kuì]
honti;hont.0i;难为情[nán wéi qíng]
honti;hont.0i;忝[tiǎn]
honti;hont.0i;感到羞愧[gǎn dào xiū kuì]
honti;hont.0i;惭[cán]
hontigi;hont.0igi;使感到羞愧[shǐ gǎn dào xiū kuì]
hontigi;hont.0igi;势感到可耻[shì gǎn dào kě chǐ]
hontigi;hont.0igi;可恥[kě chǐ]
hontigi;hont.0igi;应受谴责[yìng shòu qiǎn zé]
hontigi;hont.0igi;使困窘[shǐ kùn jiǒng]
hontigi;hont.0igi;过不去[guò bu qù]
hontindaĵo;hont.0indajxo;恥[chǐ]
hontindaĵo;hont.0indajxo;謑[xì]
hontindaĵo;hont.0indajxo;恥辱[chǐ rǔ]
hontindaĵo;hont.0indajxo;辱[rǔ]
honto;hont.0o;恥[chǐ]
honto;hont.0o;恥辱[chǐ rǔ]
honto;hont.0o;羞恥[xiū chǐ]
honto;hont.0o;詬[gòu]
honto;hont.0o;謑[xì]
honto;hont.0o;赧[nǎn]
honto;hont.0o;辱[rǔ]
honto;hont.0o;羞愧[xiū kuì]
sekshonto;hont.seks0emo;羞恥[xiū chǐ]
senhonta;hont.sen0a;皮脸[pí liǎn]
senhonta;hont.sen0a;覥[tiǎn]
senhonta;hont.sen0a;无耻[wú chǐ]
senhonta;hont.sen0a;淫秽[yín huì]
senhonta;hont.sen0a;不恥[bù chǐ]
senhonta;hont.sen0a;不要脸[bù yào liǎn]
senhonta;hont.sen0a;侮辱性[wǔ rù xìng]
senhonta;hont.sen0a;沒羞沒臊[méi xiū méi sào]
senhonta;hont.sen0a;脸皮厚[liǎn pí hòu]
senhontulo;hont.sen0ulo;无赖[wú lài]
hopi;hop.0i;跳[tiào]
hopi;hop.0i;蹦[bèng]
hopi;hop.0i;蹦跳[bèng tiào]
hopi;hop.0i;独脚跳[dú jiǎo tiào]
hopi;hop.0i;跃[yuè]
hopi;hop.0i;跳跃[tiào yuè]
hopi;hop.0i;单脚跳[dān jiǎo tiào]
hopludo;hop.0ludo.SPO;跳房子[tiào fáng zi]
horlibro;hor.0aro;时刻表[shí kè biǎo]
horlibro;hor.0aro;时程[shí chéng]
horlibro;hor.0aro;时间表[shí jiān biǎo]
hore;hor.0e;每小時一次的[měi xiǎo shí yī cì de]
hore;hor.0e;每小时一次[měi xiǎo shí yī cì]
horo;hor.0o;小时[xiǎo shí]
horo;hor.0o;鐘頭[zhōng tóu]
horo;hor.0o;鐘點[zhōng diǎn]
ĉiuhore;hor.cxiu0e;每小時一次的[měi xiǎo shí yī cì de]
ĉiuhore;hor.cxiu0e;每小时一次[měi xiǎo shí yī cì]
horduono;hor.duon0o;半小时[bàn xiǎo shí]
kvaronhoro;hor.kvaron0o;刻[kè]
kvaronhoro;hor.kvaron0o;一刻鐘[yī kè zhōng]
kvaronhoro;hor.kvaron0o;一刻[yí kè]
kvaronhoro;hor.kvaron0o;十五分鐘[shí wǔ fèn zhōng]
premhoro;hor.prem0o;高峰期[gāo fēng qī]
premhoro;hor.prem0o;上下班时间[shàng xià bān shí jiān]
hordo;hord.0o;驫[biāo]
hordo;hord.0o;鍵箱[jiàn xiāng]
Ora hordo;hord.Ora0o;金帐汗国[Jīn zhàng Hán guó]
Ora hordo;hord.Ora0o;金帐汗国[jīn zhàng hàn guó]
hordeo;horde.0o;大麥[dà mài]
hordeo;horde.0o;牟[móu]
hordeo;horde.0o;麰[móu]
horizonto;horizo.0o;天边[tiān biān]
horizonto;horizo.0o;天际[tiān jì]
horizonto;horizo.0o;地平線[dì píng xiàn]
horizonto;horizo.0o;眼界[yǎn jiè]
horizontala;horizo1.0a;横[héng]
horizontala;horizo1.0a;卧式[wò shì]
horizontala;horizo1.0a;水平[shuǐ píng]
horizontalo;horizo1.0o;水平線[shuǐ píng xiàn]
horloĝisto;horlog.0isto;表的制造人[biǎo de zhì zào rén]
horloĝisto;horlog.0isto;鐘表匠[zhōng biǎo jiàng]
Horloĝo;horlog.H0o;时钟座[Shí zhōng zuò]
akvohorloĝo;horlog.akvo0o;滴漏計時器[dī lòu jì shí qì]
akvohorloĝo;horlog.akvo0o;漏壶[lòu hú]
atoma horloĝo;horlog.atom0o;原子鐘[yuán zǐ zhōng]
atomhorloĝo;horlog.atom0o;原子鐘[yuán zǐ zhōng]
bracelethorloĝo;horlog.bracelet0o;腕表[wàn biǎo]
bracelethorloĝo;horlog.bracelet0o;表[biǎo]
bracelethorloĝo;horlog.bracelet0o;手表[shǒu biǎo]
brakhorloĝo;horlog.brak0o;腕表[wàn biǎo]
brakhorloĝo;horlog.brak0o;表[biǎo]
brakhorloĝo;horlog.brak0o;手表[shǒu biǎo]
stophorloĝo;horlog.klik0o;秒表[miǎo biǎo]
stophorloĝo;horlog.klik0o;停表[tíng biǎo]
stophorloĝo;horlog.klik0o;跑表[pǎo biǎo]
stophorloĝo;horlog.klik0o;馬表[mǎ biǎo]
stophorloĝo;horlog.klik0o;計時計[jì shí jì]
stophorloĝo;horlog.klik0o;跑錶[pǎo biǎo]
murhorloĝo;horlog.mur0o;鐘[zhōng]
murhorloĝo;horlog.mur0o;挂钟[guà zhōng]
poŝhorloĝo;horlog.posx0o;怀表[huái biǎo]
poŝhorloĝo;horlog.posx0o;表[biǎo]
poŝhorloĝo;horlog.posx0o;怀錶[huái biǎo]
poŝhorloĝo;horlog.posx0o;袋錶[dài biǎo]
sabla horloĝo;horlog.sablo0o;沙漏[shā lòu]
sabla horloĝo;horlog.sablo0o;沙鐘[shā zhōng]
sabla horloĝo;horlog.sablo0o;砂玻璃[shā bō li]
sablohorloĝo;horlog.sablo0o;沙漏[shā lòu]
sablohorloĝo;horlog.sablo0o;沙鐘[shā zhōng]
sablohorloĝo;horlog.sablo0o;砂玻璃[shā bō li]
sunhorloĝo;horlog.sun0o;晷[guǐ]
sunhorloĝo;horlog.sun0o;日規[rì guī]
sunhorloĝo;horlog.sun0o;日晷[rì guǐ]
vekhorloĝo;horlog.vek0o;闹钟[nào zhōng]
hormono;hormon.0o;激素[jī sù]
hormono;hormon.0o;荷尔蒙[hé ěr méng]
hormono;hormon.0o;賀爾蒙[hè ěr méng]
hormono;hormon.0o;激素类[jī sù lèi]
horora;horor.0a;可怕[kě pà]
horora;horor.0a;了不得[liǎo bu de]
horora;horor.0a;触目惊心[chù mù jīng xīn]
horora;horor.0a;駭人聽聞[hài rén tīng wén]
horora;horor.0a;恐怖[kǒng bù]
hororfilmo;horor.0filmo;恐怖电影[kǒng bù diàn yǐng]
hororfilmo;horor.0filmo;恐怖片[kǒng bù piàn]
horori;horor.0i;顫[chàn]
hororigi;horor.0igi;吓坏[xià huài]
hororigi;horor.0igi;惊吓[jīng xià]
hororigi;horor.0igi;吓傻[xià shǎ]
hororigi;horor.0igi;瘆[shèn]
hororo;horor.0o;恐怖[kǒng bù]
hororo;horor.0o;怖[bù]
horoskopo;horosk.0o;运势[yùn shì]
horoskopo;horosk.0o;占星[zhān xīng]
horoskopo;horosk.0o;命相[mìng xiàng]
horoskopo;horosk.0o;八字[bā zì]
horoskopo;horosk.0o;占星术[zhān xīng shù]
horoskopo;horosk.0o;星象学[xīng xiàng xué]
horoskopo;horosk.0o;天宫图[tiān gōng tú]
horto;hort.0o;果园[guǒ yuán]
hortensio;horten.0o;繡球花[xiù qiú huā]
hortikulturisto;hortikultur.0isto;园丁[yuán dīng]
hortikulturisto;hortikultur.0isto;园艺家[yuán yì jiā]
hortikulturisto;hortikultur.0isto;花匠[huā jiàng]
hortikulturisto;hortikultur.0isto;花商[huā shāng]
hortikulturisto;hortikultur.0isto;花工[huā gōng]
hortikulturisto;hortikultur.0isto;卖花人[mài huā rén]
hortikulturo;hortikultur.0o;园艺[yuán yì]
hortikulturo;hortikultur.0o;园艺学[yuán yì xué]
hortulano;hortul.0o;圃鵐[pǔ wú]
hoso;hos.0o;軟管[ruǎn guǎn]
hospico;hospic.0o;安宁病房[ān níng bìng fáng]
hospico;hospic.0o;安养院[ān yǎng yuàn]
hospico;hospic.0o;收容所[shōu róng suǒ]
hospitalo;hospit.0o;医院[yī yuàn]
enhospitaligi;;住院治疗[zhù yuàn zhì liáo]
hoto;hot.0;咑[dā]
hot;hot.0;咑[dā]
hotelmastro;hotel.0estro.posedanto;客栈老板[kè zhàn lǎo bǎn]
hotelmastro;hotel.0estro.posedanto;旅店經理[lǚ diàn jīng lǐ]
hotelmastro;hotel.0estro.posedanto;旅館主人[lǚ guǎn zhǔ rén]
hotelmastro;hotel.0estro.posedanto;旅館老闆[lǚ guǎn lǎo bǎn]
hotelestro;hotel.0estro.posedanto;旅店經理[lǚ diàn jīng lǐ]
hotelestro;hotel.0estro.posedanto;旅館老闆[lǚ guǎn lǎo bǎn]
hotelo;hotel.0o;酒店[jiǔ diàn]
hotelo;hotel.0o;飯店[fàn diàn]
hotelo;hotel.0o;宾馆[bīn guǎn]
hotelo;hotel.0o;旅社[lǔ: shè]
hotelo;hotel.0o;旅館[lǔ: guǎn]
hotelo;hotel.0o;客栈[kè zhàn]
hotelo;hotel.0o;招待所[zhāo dài suǒ]
hotelo;hotel.0o;大飯店[dà fàn diàn]
Huberto;hubert.0o;胡伯特[hú bó tè]
huĉino;hucxin.0o;胡琴[hú qin]
Hudsono;hudson.0o;哈德逊河[Hā dé xùn Hé]
hufo;huf.0o;蹄[tí]
hufo;huf.0o;蹢[dí]
hufo;huf.0o;蹄子[tí zi]
hufo;huf.0o;馬腳蹄[mǎ jiǎo tí]
hufumo;huf.0umo;馬蹄鐵[mǎ tí tiě]
hufumo;huf.0umo;鐵掌[tiě zhǎng]
hufumo;huf.0umo;馬掌[mǎ zhǎng]
neparhufuloj;huf.nepar0uloj;奇蹄目[jī tí mù]
parhufuloj;huf.par0uloj;偶蹄目[ǒu tí mù]
unuhufuloj;huf.unu0uloj;馬科[mǎ kē]
hugenoto;hugenot.0o;雨格諾派[yǔ gé nuò pài]
hulo;hul.0o.KOMUNE;澜[lán]
hulo;hul.0o.MAR;船身[chuán shēn]
huligano;huligan.0o;古惑仔[gǔ huò zǎi]
huligano;huligan.0o;小混混[xiǎo hùn hùn]
huligano;huligan.0o;阿飛[ā fēi]
huligano;huligan.0o;流氓[liú máng]
huligano;huligan.0o;痞子[pǐ zi]
humo;hum.0o;腐殖質[fǔ zhí zhì]
humana;human.0a;人道[rén dào]
humana;human.0a;仁[rén]
humana;human.0a;仁惠[rén huì]
humana;human.0a;慈[cí]
humana;human.0a;有人情[yǒu rén qíng]
humaneco;human.0eco;人道[rén dào]
humaneco;human.0eco;仁[rén]
humanismo;human.0ismo;人道主义[rén dào zhǔ yì]
humanismo;human.0ismo;人文主义[rén wén zhǔ yì]
nehumana;human.mal0a;残忍[cán rěn]
nehumana;human.mal0a;非人[fēi rén]
humanistiko;humanistik.0o;人文科学[rén wén kē xué]
humanitara;humanitar.0a;人道主义[rén dào zhǔ yì]
humero;humer.0o;肱骨[gōng gǔ]
humero;humer.0o;肱[gōng]
humero;humer.0o;肱部[gōng bù]
humida;humid.0a;滋润[zī rùn]
humida;humid.0a;浥[yì]
humida;humid.0a;潮湿[cháo shī]
humida;humid.0a;湿润[shī rùn]
humida;humid.0a;润泽[rùn zé]
humida;humid.0a;湿[shī]
humida;humid.0a;洳[rù]
humideco;humid.0o;湿度[shī dù]
humideco;humid.0o;澍[shù]
humideco;humid.0o;墒[shāng]
humido;humid.0o;湿度[shī dù]
humido;humid.0o;澍[shù]
humila;humil.0a;謙卑[qiān bēi]
humila;humil.0a;謙遜[qiān xùn]
humila;humil.0a;謙虛[qiān xū]
humila;humil.0a;使卑下[shǐ bēi xià]
humila;humil.0a;使苦恼[shǐ kǔ nǎo]
humileco;humil.0eco;謙卑[qiān bēi]
humileco;humil.0eco;謙遜[qiān xùn]
humiligi;humil.0igi;㧑损[huī sǔn]
humiligi;humil.0igi;使丟臉[shǐ diū liǎn]
humiligi;humil.0igi;使苦恼[shǐ kǔ nǎo]
humiligi;humil.0igi;侮辱[wǔ rǔ]
humiligi;humil.0igi;凌辱[líng rǔ]
humiligo;humil.0igo;欺辱[qī rǔ]
humiligo;humil.0igo;羞辱[xiū rǔ]
humiligo;humil.0igo;屈辱[qū rǔ]
humiligo;humil.0igo;丟臉[diū liǎn]
humiligo;humil.0igo;恥辱[chǐ rǔ]
humiligo;humil.0igo;抛脸[pāo liǎn]
malhumila;humil.mal0a;傲慢[ào màn]
malhumila;humil.mal0a;高傲[gāo ào]
malhumila;humil.mal0a;傲[ào]
malhumila;humil.mal0a;驕[jiāo]
malhumila;humil.mal0a;自大[zì dà]
malhumila;humil.mal0a;牛气[niú qi]
malhumila;humil.mal0a;奡[ào]
malhumila;humil.mal0a;驕矜[jiāo jīn]
malhumila;humil.mal0a;憍[jiāo]
malhumila;humil.mal0a;牛屄[niú bī]
malhumila;humil.mal0a;嚣张[xiāo zhāng]
malhumileco;humil.mal0eco;驕傲[jiāo ào]
malhumileco;humil.mal0eco;架子[jià zi]
malhumileco;humil.mal0eco;气焰[qì yàn]
humori;humor.0i.animstate;屈尊[qū zūn]
humori;humor.0i.animstate;屈就[qū jiù]
humoro;humor.0o.animstato;心境[xīn jìng]
humoro;humor.0o.animstato;心緒[xīn xù]
humoro;humor.0o.animstato;脾气[pí qi]
humoro;humor.0o.animstato;心情[xīn qíng]
humoro;humor.0o.animstato;情志[qíng zhì]
humoro;humor.0o.animstato;情緒[qíng xù]
bonhumora;humor.bon0a;高兴[gāo xìng]
bonhumora;humor.bon0a;高高兴兴[gāo gāo xìng xìng]
bonhumora;humor.bon0a;好气[hǎo qì]
mishumora;humor.malbon0a;不爽[bù shuǎng]
mishumora;humor.malbon0a;心緒不佳[xīn xù bù jiā]
humura;humur.0a;幽默[yōu mò]
humura;humur.0a;風趣[fēng qù]
humura;humur.0a;詼諧[huī xié]
humura;humur.0a;戏虐[xì nüè]
humuri;humur.0i;說著玩[shuō zhe wán]
humuri;humur.0i;开玩笑[kāi wán xiào]
humuro;humur.0o;幽默[yōu mò]
humuro;humur.0o;風趣[fēng qù]
humuro;humur.0o;幽默感[yōu mò gǎn]
humuro;humur.0o;笑林[xiào lín]
humuso;humus.0o;鷹嘴豆泥[yīng zuǐ dòu ní]
huno;hun.0o;匈人[xiōng rén]
hundejo;hund.0ejo;狗屋[gǒu wū]
hundido;hund.0ido;小狗[xiǎo gǒu]
hundo;hund.0o;犬[quǎn]
hundo;hund.0o;狗[gǒu]
Ĉashundoj;hund.Cxas0oj;猎犬座[Liè quǎn zuò]
Granda Hundo;hund.GrandaH0o;大犬座[Dà quǎn zuò]
Malgranda Hundo;hund.MalgrandaH0o;小犬座[Xiǎo quǎn zuò]
ĉashundo;hund.cxas0o;猎犬[liè quǎn]
ĉashundo;hund.cxas0o;猎狗[liè gǒu]
ĉenhundo;hund.cxen0o;看家狗[kān jiā gǒu]
leporhundo;hund.lepor0o;灰猎犬[huī liè quǎn]
melhundo;hund.mel0o;猈[bà]
melhundo;hund.mel0o;短腿猎犬[duǎn tuǐ liè quǎn]
ŝafhundo;hund.sxaf0o;牧羊犬[mù yáng quǎn]
ŝafhundo;hund.sxaf0o;牧犬[mù quǎn]
terhundo;hund.ter0o;梗犬[gěng quǎn]
terhundo;hund.ter0o;鐵利亞[tiě lì yà]
hundedoj;hunded.0oj;犬科[quǎn kē]
hungaro;hungar.0o;馬扎爾[Mǎ zhā ěr]
Hungarujo;hungar.H0ujo;匈牙利[Xiōng yá lì]
Hungarujo;hungar.H0ujo;匈[Xiōng]
Hungario;hungari.H0o;匈牙利[Xiōng yá lì]
Hungario;hungari.H0o;匈牙利[xiōng yá lì]
hupi;hup.0i;按喇叭[àn lǎ ba]
hupi;hup.0i;鳴號[míng hào]
hupo;hup.0o;嘟[dū]
hura;hura.0;好哇[hǎo wā]
hurai;hura.0i;喝彩[hè cǎi]
hurai;hura.0i;慆[tāo]
hurai;hura.0i;怿[yì]
hurai;hura.0i;欢呼[huān hū]
hurai;hura.0i;誉为[yù wéi]
hurao;hura.0o;好哇[hǎo wā]
hurli;hurl.0i;狂吠[kuáng fèi]
hurli;hurl.0i;叫喊[jiào hǎn]
hurli;hurl.0i;吼[hǒu]
hurli;hurl.0i;呼啸[hū xiào]
hurli;hurl.0i;啸[xiào]
hurli;hurl.0i;嚎[háo]
husaro;husar.0o;輕騎兵[qīng qí bīng]
Hustono;huston.0o;休斯頓[Xiū sī dùn]
Hustono;huston.0o;休斯敦[Xiū sī dūn]
Hustono;huston.0o;休士頓[Xiū shì dùn]
husumo;husum.0o;分块[fèn kuài]
husumo;husum.0o;拉門[lā mén]
husumo;husum.0o;滑門[huá mén]
huŝi;husx.0i;吓跑[xià pǎo]
ĥaldeo;hxalde.0o;新巴比伦王国[xīn bā bǐ lún wáng guó]
ĥalkogeno;hxalkogen.0o;氧族元素[yǎng zú yuán sù]
ĥalkolitiko;hxalkolitik.0o;紅銅時代[hóng tóng shí dài]
kameleono;hxamel.0o;变色龙[biàn sè lóng]
kameleono;hxamel.0o;避役[bì yì]
kameleono;hxamel.0o;見風使舵[jiàn fēng shǐ duò]
kameleono;hxamel.0o;蜥[xī]
kameleono;hxamel.0o;蜴[yì]
kameleono;hxamel.0o;变色蜥[biàn sè xī]
Ĥameleono;hxamel.Hx0o;堰蜓座[Yàn tíng zuò]
ĥano;hxan.0o;可[kè]
ĥano;hxan.0o;可汗[kè hán]
ĥanujo;hxan.0ujo;汗国[hàn guó]
ĥanujo;hxan.0ujo;汗国[hán guó]
Ĥanuko;hxanuk.0o;光明節[Guāng míng jié]
Ĥanuko;hxanuk.0o;哈努卡[Hā nǔ kǎ]
kaosa;hxaos.0a;忞[wěn]
kaosa;hxaos.0a;乱成一团[luàn chéng yī tuán]
kaosa;hxaos.0a;杂乱[zá luàn]
kaosa;hxaos.0a;乱局[luàn jú]
kaoso;hxaos.0o;混乱[hùn luàn]
kaoso;hxaos.0o;混沌[hùn dùn]
kaoso;hxaos.0o;乱象[luàn xiàng]
karadrio;hxarad.0o;鴴[héng]
ĥaraktero;hxarakt.0o;性格[xìng gé]
ĥaraktero;hxarakt.0o;質[zhì]
ĥaraktero;hxarakt.0o;人气[rén qì]
ĥaraktero;hxarakt.0o;性[xìng]
ĥaraktero;hxarakt.0o;骨气[gǔ qì]
ĥaraktero;hxarakt.0o;品質[pǐn zhì]
ĥaraktero;hxarakt.0o;風調[fēng diào]
ĥaraktero;hxarakt.0o;个性[gè xìng]
ĥaraktero;hxarakt.0o;特徵[tè zhēng]
ĥaraktero;hxarakt.0o;性子[xìng zi]
ĥaraktero;hxarakt.0o;人品[rén pǐn]
ĥaraktero;hxarakt.0o;品德[pǐn dé]
Ĥarkivo;hxarkov.0o;卡尔可夫[kǎ ěr kě fū]
Ĥarkivo;hxarkov.0o;哈尔科夫[hā ěr kē fū]
Kartumo;hxartum.0o;喀土穆[Kā tǔ mù]
Kartumo;hxartum.0o;喀土穆[kā tǔ mù]
Ĥebrono;hxebron.0o;希伯仑[xī bó lún]
kemiaĵo;hxemi.0ajxo;化学品[huà xué pǐn]
kemiaĵo;hxemi.0ajxo;化学物质[huà xué wù zhì]
kemiaĵo;hxemi.0ajxo;化学材料[huà xué cái liào]
kemiaĵo;hxemi.0ajxo;化学试剂[huà xué shì jì]
ĥemia;;化学性[huà xué xìng]
kemiisto;hxemi.0isto;化学家[huà xué jiā]
kemiisto;hxemi.0isto;化学者[huà xué zhě]
kemiisto;hxemi.0isto;女化学家[nǚ huà xué jiā]
kemio;hxemi.0o;化学[huà xué]
elektroĥemio;hxemi.elektro0o;电化学[diàn huà xué]
elektroĥemio;hxemi.elektro0o;磁化学[cí huà xué]
neorganika ĥemio;hxemi.neorganika0o;无机化学[wú jī huà xué]
organika ĥemio;hxemi.organika0o;有机化学[yǒu jī huà xué]
petrolĥemio;hxemi.petrol0o;石油化工[shí yóu huà gōng]
petrolĥemio;hxemi.petrol0o;石油化学[shí yóu huà xué]
petrolĥemio;hxemi.petrol0o;石油化学工业[shí yóu huà xué gōng yè]
Ĥeopso;hxeops.0o;胡夫[hú fū]
ĥetido;hxet.0ido;赫梯[hè tī]
ĥetido;hxet.0ido;赫梯王国[hè tī wáng guó]
Ĥio;hxi2.Hx0o;希俄斯[xī é sī]
kimero;hximer.0o.FIG;奇想[qí xiǎng]
kimero;hximer.0o.FIG;空想[kōng xiǎng]
ĥina;hxin.0a;中文[Zhōng wén]
ĥinino;hxinin.0o;奎宁[kuí níng]
ĥinino;hxinin.0o;金雞納[jīn jī nà]
kirurgia;hxirur.0a;手术上[shǒu shù shàng]
kirurgia;hxirur.0a;用于外科[yòng yú wài kē]
kirurgiisto;hxirur.0isto;外科医生[wài kē yī shēng]
kirurgio;hxirur.0o;外科[wài kē]
kirurgio;hxirur.0o;外科学[wài kē xué]
kirurgo;hxirurg.0o;外科医生[wài kē yī shēng]
kirurgo;hxirurg.0o;外科医师[wài kē yī shī]
kitino;hxitin.0o;几丁[jī dīng]
kitino;hxitin.0o;几丁质[jī dīng zhì]
kitino;hxitin.0o;壳质[qiào zhì]
kitino;hxitin.0o;甲壳素[jiǎ qiào sù]
kitino;hxitin.0o;几丁壳质甲壳质壳沅[jī dīng ké zhì jiǎ ké zhì ké yuán]
kitino;hxitin.0o;甲壳素[jiǎ ké sù]
klamidio;hxlamidi.0o;衣細菌[yī xì jūn]
klamidio;hxlamidi.0o;非淋[fēi lìn]
ĥmero;hxmer.0o;高棉族[gāo mián zú]
Ruĝaj Ĥmeroj;hxmer.Rugxaj_0oj;紅色高棉[hóng sè gāo mián]
Ruĝaj Ĥmeroj;hxmer.Rugxaj_0oj;柬埔寨共产党[jiǎn pǔ zhài gòng chǎn dǎng]
ĥolero;hxoler.0o;痧[shā]
ĥolero;hxoler.0o;霍乱[huò luàn]
ĥolero;hxoler.0o;虎列拉[hǔ liè lā]
ĥolero;hxoler.0o;虎烈拉[hǔ liè lā]
ĥolesterino;hxolesterin.0o;胆固醇[dǎn gù chún]
kolesterolo;hxolesterol.0o;胆固醇[dǎn gù chún]
ĥoraĵo;hxor.0ajxo;頌歌[sòng gē]
ĥoraĵo;hxor.0ajxo;众赞歌[zhòng zàn gē]
ĥorano;hxor.0ano;歌唱家[gē chàng jiā]
ĥorano;hxor.0ano;歌手[gē shǒu]
ĥorestro;hxor.0estro;領唱[lǐng chàng]
ĥoro;hxor.0o;合唱团[hé chàng tuán]
ĥoro;hxor.0o;合唱[hé chàng]
ĥoro;hxor.0o;唱詩班[chàng shī bān]
ĥorduloj;hxord.0uloj;脊索动物[jǐ suǒ dòng wù]
