ba;ba.0.miro;喔[ō]
ba;ba.0.miro;嗬[he]
Babelo;babel.B0o.BIB;巴比伦[bā bǐ lún]
babilaĉi;babil.0acxi.KOMUNE;乱侃[luàn kǎn]
babilaĉi;babil.0acxi.KOMUNE;絮叨[xù dāo]
babilaĉi;babil.0acxi.KOMUNE;瞎扯[xiā chě]
babilaĉi;babil.0acxi.KOMUNE;饒舌[ráo shé]
babilejo;babil.0ejo.KOMP;網路聊天室[wǎng lù liáo tiān shì]
babilejo;babil.0ejo.KOMP;聊天室[liáo tiān shì]
babilema;babil.0ema.KOMUNE;哝[nóng]
babili;babil.0i.babilacxi;乱侃[luàn kǎn]
babili;babil.0i.familiare;聊聊[liáo liao]
babilulo;;大嘴巴[dà zuǐ ba]
babilulo;;話多的人[huà duō de rén]
babuŝo;babusx.0o.TEKS;蹝[xǐ]
babuŝo;babusx.0o.TEKS;靸[sǎ]
bacilo;bacil.0o.BAK;杆形細菌[gān xíng xī jūn]
bacilo;bacil.0o.BAK;杆菌[gǎn jūn]
badmintono;badminton.0o.SPO;羽毛球[yǔ máo qiú]
bagaĝo;bagagx.0o.TRA;旅行带[lǚ xíng dài]
bagaĝo;bagagx.0o.TRA;行李[xíng lǐ]
bagaĝo;bagagx.0o.TRA;皮箱[pí xiāng]
bagaĝo;bagagx.0o.TRA;行囊[xíng náng]
bagaĝo;bagagx.0o.TRA;行装[xíng zhuāng]
bagatela;bagate.0a.KOMUNE;可忽視[kě hū shì]
bagatela;bagate.0a.KOMUNE;可忽略[kě hū lüè]
bagatelema;bagate.0ema.PSI;自私[zì sī]
bagatelema;bagate.0ema.PSI;浅见[qiǎn jiàn]
bagatelema;bagate.0ema.PSI;吝啬[lìn sè]
bagatelema;bagate.0ema.PSI;小家子气[xiǎo jiā zi qì]
bagatelema;;学究式[xué jiū shì]
bagatelema;;咬文嚼字[yǎo wén jiáo zì]
bagatelema;;迂腐[yū fǔ]
bagateli;bagate.0i.KOMUNE;无关宏旨[wú guān hóng zhǐ]
bagatelo;bagate.0o.KOMUNE;脞[cuǒ]
bagatelo;bagate.0o.KOMUNE;雞毛蒜皮[jī máo suàn pí]
bagatelo;bagate.0o.KOMUNE;小事[xiǎo shì]
bagatelo;bagate.0o.KOMUNE;枝節[zhī jié]
Bagdado;bagdad.B0o.urbo;巴格达[bā gé dá]
bagno;bagn.0o.JUR;習蓺所[xí yì suǒ]
bahaano;baha.0ano.REL;巴哈伊教[bā hā yī jiào]
bahaano;baha.0ano.REL;巴哈伊信仰[bā hā yī xìn yǎng]
Bahao;;米尔扎侯赛因阿里[mǐ ěr zhā hóu sài yīn ā lǐ]
Bahao;;米尔扎侯赛因阿里[mǐ ěr zhā hóu sài yin ā lǐ]
Bahamoj;baham.0oj.GEOG;巴哈馬[bā hā mǎ]
Bahamoj;baham.0oj.GEOG;巴哈馬群島[bā hā mǎ qún dǎo]
bakaĵo;bak.0ajxo.KUI;糒[bèi]
bakaĵo;bak.0ajxo.POT;窰[yáo]
baki;bak.0i.KOMUNE;烘[hōng]
baki;bak.0i.KOMUNE;烤乾[kǎo gān]
bakisto;bak.0isto.KUI;面点师[miàn diǎn shī]
bakisto;bak.0isto.KUI;面包工人[miàn bāo gōng rén]
bakisto;bak.0isto.KUI;面包师[miàn bāo shī]
bakisto;bak.0isto.KUI;面包师傅[miàn bāo shī fù]
bakujo;bak.0ujo.KOMUNE;火炉[huǒ lú]
bakujo;bak.0ujo.KOMUNE;炉膛[lú táng]
bakŝiŝo;baksxisx.0o.gratifiko;奖赏[jiǎng shǎng]
bakŝiŝo;baksxisx.0o.gratifiko;特別費用[tè bié fèi yòng]
bakŝiŝo;baksxisx.0o.gratifiko;专用款项[zhuān yòng kuǎn xiàng]
bakterio;bakter.0o.BAK;細菌[xī jūn]
bakterio;bakter.0o.BAK;細菌繁殖[xī jūn fán zhí]
cianobakterioj;;蓝藻[lán zǎo]
cianobakterioj;;蓝藻界[lán zǎo jiè]
bakteriofago;bakteriofag.0o.BAK;噬菌体[shì jùn tǐ]
bakteriologo;;細菌學家[xī jūn xué jiā]
bakteriologiisto;bakteriologi.0isto.SCI;細菌學家[xī jūn xué jiā]
balaaĵo;bala.0ajxo.balaitajxo;垃圾[lā jī]
balai;bala.0i.FIG;打扫[dǎ sǎo]
balai;bala.0i.FIG;掉向[diào xiàng]
balai;bala.0i.malpurajxon;掉向[diào xiàng]
balai;bala.0i.malpurajxon;打扫[dǎ sǎo]
balailo;bala.0ilo.HEJM;篲[huì]
balailo;bala.0ilo.HEJM;埽[sào]
balailo;bala.0ilo.HEJM;扫[sào]
balailo;bala.0ilo.HEJM;笤帚[tiáo zhou]
balailo;bala.0ilo.HEJM;帚[zhǒu]
balailo;bala.0ilo.HEJM;扫把[sào bǎ]
balailo;bala.0ilo.HEJM;扫帚[sào zhou]
elbalai;bala.el0i.FIG;扫[sǎo]
forbalai;bala.for0i.FIG;横扫[héng sǎo]
forbalai;bala.for0i.FIG;扫除[sǎo chú]
forbalai;bala.for0i.FIG;所向披靡[suǒ xiàng pī mǐ]
forbalai;bala.for0i.FIG;卷[juǎn]
balado;balad.0o.fiksforma;短歌[duǎn gē]
balado;balad.0o.fiksforma;叙事曲[xù shì qǔ]
balado;balad.0o.fiksforma;民謠[mín yáo]
balalajko;;三角琴[sān jiǎo qín]
balano;balan.0o.ANA;阴茎头[yīn jīng tóu]
balanci;balanc1.0i.MOV;盪秋千[dàng qiū qiān]
balanci;balanc1.0i.kapon;点头[diǎn tóu]
balanci;balanc1.0i.kapon;搖頭[yáo tóu]
balanciĝi;balanc1.0igxi.MOV;盪秋千[dàng qiū qiān]
balancilo;balanc1.0ilo.SPO;跷跷板[qiāo qiāo bǎn]
balasti;balast.0i.KOMUNE;載重[zài zhòng]
balasto;balast.0o.FER;道渣[dào zhā]
balasto;balast.0o.TEK;压载[yā zài]
balasto;balast.0o.TEK;鎮定[zhèn dìng]
senbalastigi;balast.sen0igi.KOMUNE;賑[zhèn]
balbuti;balbut.0i.MED;口吃[kǒu chī]
balbuti;balbut.0i.MED;嗫嚅[niè rú]
balbuti;balbut.0i.MED;巴巴結結[bā ba jie jie]
balbuti;balbut.0i.MED;結巴[jiē ba]
baldakeno;baldak.0o.TEKS;天盖[tiān gài]
baldaŭ;baldau.0.KOMUNE;不久之后[bù jiǔ zhī hòu]
baldaŭ;baldau.0.KOMUNE;快[kuài]
baldaŭa;baldau.0a.KOMUNE;随即[suí jí]
baldaŭa;baldau.0a.KOMUNE;靠近[kào jìn]
baldaŭo;baldau.0o.KOMUNE;近期[jìn qī]
baleno;balen.0o.KOMUNE;鯨魚[jīng yú]
baleno;balen.0o.KOMUNE;须鲸[xū jīng]
Baleno;balen.B0o.AST;鯨魚座[jīng yú zuò]
baleto;balet.0o.grupo;芭蕾[bā lěi]
baleto;balet.0o.grupo;舞剧[wǔ jù]
baleto;balet.0o.teatrajxo;芭蕾舞[bā lěi wǔ]
baleto;balet.0o.teatrajxo;古典芭蕾[gǔ diǎn bā lěi]
Balkano;balkan.0o.regiono;巴尔干半岛各国[bā ěr gàn bàn dǎo gè guó]
balkono;balkon.0o.ARKI;楼台[lóu tái]
balkono;balkon.0o.ARKI;凉台[liáng tái]
balkono;balkon.0o.ARKI;阳臺[yáng tái]
balkono;balkon.0o.ARKI;阳台[yáng tái]
balono;balon.0o.KEM;玻璃烧瓶[bō li shāo píng]
balono;balon.0o.KOMUNE;脑袋瓜[nǎo dài guā]
balono;balon.0o.KOMUNE;气罐[qì guàn]
balono;balon.0o.KOMUNE;气瓶[qì píng]
balono;balon.0o.KOMUNE;球形玻璃容器[qiú xíng bō li róng qì]
balono;balon.0o.KOMUNE;气球[qì qiú]
baloti;balot.0i.ntr;調諧[tiáo xié]
baloto;balot.0o.momento;調律[diào lü]
baloto;balot.0o.momento;投票[tuó piào]
baloto;balot.0o.rezulto;投票[tóu piào]
balta;balt.0a.Baltia;巴尔[bā ěr]
Baltazaro;baltazar.0o.NOM;巴尔特萨[bā ěr tè sà]
baltika;baltik.0a.GEOG;巴尔[bā ěr]
Baltiko;baltik.0o.GEOG;波罗的海[bō luó dì hǎi]
balustrado;balust1.0o.ARKI;闌[lán]
balustrado;balust1.0o.ARKI;栏楯[lán shǔn]
balustrado;balust1.0o.ARKI;闌檻[lán kǎn]
balustrado;balust1.0o.ARKI;栏槛[lán kǎn]
balzami;balzam.0i.PAR;使永存[shǐ yǒng cún]
balzamo;balzam.0o.PAR;香膏[xiāng gāo]
balzamo;balzam.0o.PAR;药水[yào shuǐ]
balzamo;balzam.0o.PAR;香脂[xiāng zhī]
Bamako;bamak.0o.cxefurbo;巴馬科[bā mǎ kē]
bambuo;bambu.0o.BOT;篁[huáng]
bangastoj;ban.0gastoj.MED;入浴者[rù yù zhě]
bangastoj;ban.0gastoj.MED;浴疗者[yù liáo zhě]
bani;;浴[yù]
banurbo;ban.0urbo0loko.MED;温泉浴场[wēn quán yù chǎng]
banurbo;ban.0urbo0loko.MED;矿泉浴场[kuàng quán yù chǎng]
bolbano;ban.bol0o.KUI;水浴[shuǐ yù]
banala;banal.0a.ordinara;庸庸碌碌[yōng yōng lù lù]
banala;banal.0a.ordinara;家常便飯[jiā cháng biàn fàn]
banala;banal.0a.ordinara;家常[jiā cháng]
banala;banal.0a.ordinara;平凡地[píng fán de]
banala;banal.0a.ordinara;猥[wěi]
malbanala;banal.mal0a.KOMUNE;有创意[yǒu chuàng yì]
malbanala;banal.mal0a.KOMUNE;特殊[tè shū]
bandaĉo;band.0acxo.bando;帮[bāng]
bando;band.0o.MUZ;流行乐团[liú xíng lè tuán]
bando;band.0o.MUZ;音乐组合[yīn yuè zǔ hé]
bando;band.0o.MUZ;搖滾樂隊[yáo gǔn yuè duì]
bando;band.0o.bandacxo;帮[bāng]
bando;band.0o.irantaro;群[qún]
bando;band.0o.samideanoj;班[bān]
bando;band.0o.samideanoj;队[duì]
banderolo;bander.0o.devizo;横幅[héng fú]
Bangladeŝo;;孟加拉国[mèng jiā lā guó]
banĝo;bangx.0o.MUZ;班卓琴[bān zhuó qín]
bankejo;;銀行支行[yín háng zhī xíng]
bankisto;bank.0isto.EKON;銀行擔保[yín háng dān bǎo]
bankisto;bank.0isto.EKON;銀行信用卡[yín háng xìn yòng kǎ]
bankroti;bankro.0i.EKON;破产[pò chǎn]
bankroti;bankro.0i.FIG;受挫[shòu cuò]
bankroto;bankro.0o.EKON;无偿还能力[wú cháng huán néng lì]
bankroto;bankro.0o.EKON;猛撞[měng chuáng]
banko;;銀行[yín háng]
banto;bant.0o.TEKS;蝴蝶結[hú dié jié]
banto;bant.0o.TEKS;头绳[tóu shéng]
baptano;;施洗者[shī xǐ zhě]
baraĵo;bar.0ajxo.KOMUNE;栏架[lán jià]
baraĵo;bar.0ajxo.KOMUNE;难关[nán guān]
baraĵo;bar.0ajxo.KOMUNE;大关[dà guān]
baraĵo;bar.0ajxo.KOMUNE;围篱[wéi lí]
baraĵo;bar.0ajxo.KOMUNE;障碍[zhàng ài]
baraĵo;bar.0ajxo.KOMUNE;栏[lán]
bari;bar.0i.malhelpi;閡[hé]
bari;bar.0i.malhelpi;封鎖[fēng suǒ]
bari;bar.0i.malhelpi;妨碍[fǎng ài]
bari;bar.0i.malhelpi;傺[chì]
bari;bar.0i.vojon;閼[è]
bari;bar.0i.vojon;封鎖[fēng suǒ]
bari;bar.0i.vojon;閡[hé]
bari;bar.0i.vojon;禁止通行[jìn zhǐ tōng xíng]
bari;bar.0i.vojon;抑制[yì zhì]
barilo;bar.0ilo.HOR;栏栅[lán shān]
barilo;bar.0ilo.HOR;壁垒[bì lěi]
barilo;bar.0ilo.HOR;障碍物[zhàng ài wù]
barilo;bar.0ilo.HOR;隔离[gé lí]
barita;bar.0ita.MAT;有界的[yǒu jiè de]
baro;bar.0o.KOMUNE;壁垒[bì lěi]
baro;bar.0o.KOMUNE;栏栅[lán shān]
baro;bar.0o.MAT;界[jiè]
ĉirkaŭbari;bar.cxirkaux0i.fermi;围起[wéi qǐ]
ĉirkaŭbari;bar.cxirkaux0i.fermi;围[wéi]
nebarita;bar.ne0ita.KOMUNE;不加拘束[bù jiā jū shù]
nebarita;bar.ne0ita.KOMUNE;无拘无束[wú jū wú shù]
nebarita;bar.ne0ita.KOMUNE;全权[quán quán]
tabulbarilo;bar.tabul0ilo.HOR;寨[zhài]
tabulbarilo;bar.tabul0ilo.HOR;木头做的栅栏[mù tou zuò dì zhà lán]
tabulbarilo;bar.tabul0ilo.HOR;围栏[wéi lán]
tabulbarilo;bar.tabul0ilo.HOR;篱笆[lí ba]
tabulbarilo;bar.tabul0ilo.HOR;围篱[wéi lí]
barakti;barakt.0i.FIG;奋斗[fèn dòu]
barakti;barakt.0i.skui;扑腾[pū teng]
barakti;barakt.0i.skui;搏[bó]
Barato;barat.B0o.GEOG;天竺[tiān zhú]
Barato;barat.B0o.GEOG;南亚次大陆[nán yà cì dà lù]
barba;barb.0a.KOS;有大胡子[yǒu dài hú zi]
barba;barb.0a.KOS;有胡子[yǒu hú zǐ]
barbo;barb.0o.ANA;胡子[hú zi]
lipbarbo;barb.lip0o.FRIZ;胡[hú]
lipbarbo;barb.lip0o.FRIZ;髭须[zī xū]
Barbado;barbad.B0o.GEOG;巴巴多斯[bā bā duō sī]
barbara;barbar.0a.MOR;兽性[shòu xìng]
barbara;barbar.0a.MOR;野蛮[yě mán]
barbaro;;蛮族[mán zú]
barbaro;;夷狄[yí dí]
barbaro;;野蛮人[yě mán rén]
barbaro;;兽[shòu]
barbaro;;夷[yí]
barbaro;;异教徒[yì jiào tú]
barbaro;barbar.0o.FIG;放荡主义[fàng dàng zhǔ yì]
Barbudo;barbud.0o.GEOG;巴布达岛[bā bù dá dǎo]
Barcelono;barcelon.0o.urbo;巴塞罗纳[bā sāi luó nà]
Barcelono;barcelon.0o.urbo;巴塞罗那[bā sāi luó nà]
bardo;bard.0o.HIS;吟游诗人[yín yóu shī rén]
bardo;bard.0o.FIG;古代詩人[gǔ dài shī rén]
bardo;bard.0o.FIG;族的吟游诗人[zú de yín yóu shī rén]
Barejno;barejn.0o.GEOG;巴林[bā lín]
Barejno;barejn.0o.GEOG;巴林国[bā lín guó]
barelisto;barel.0isto.TEK;制木桶工人[zhì mù tǒng gōng rén]
barelisto;barel.0isto.TEK;制桶工[zhì tǒng gōng]
barelo;barel.0o.TEK;屏蔽罐[píng bì guàn]
bareliĝi;barel.0igxi.FIG;发胖[fā pàng]
elbareligi;;放掉[fàng diào]
naĝbarelo;barel.nagx0o.MAR;浮标[fú biāo]
naĝbarelo;barel.nagx0o.MAR;浮筒[fú tǒng]
naĝbarelo;barel.nagx0o.MAR;救生圈[jiù shēng quān]
bariero;;壁垒[bì lěi]
bariero;;拦路[lán lù]
barikado;barika.0o.KOMUNE;路障[lù zhàng]
barkarolo;barkar.0o.kanto;船歌[chuán gē]
Barnabo;barnab.0o.NOM;巴拿巴[bā ná bā]
baroko;barok.0o.gxenerala;巴洛克風格[bā luò kè fēng gé]
baroko;barok.0o.gxenerala;巴洛克艺术[bā luò kè yì shù]
barono;;外国贵族[wài guó guì zú]
barono;;男爵[nán jué]
barono;;貴族[guì zú]
Bartolomeo;bartolome.0o.NOM;巴尔托洛梅乌斯[bā ěr tuō luò méi wū sī]
baso;bas.0o.ulo;低音歌手[dī yīn gē shǒu]
naĝbaseno;basen.nagx0o.SPO;游泳池[yóu yǒng chí]
basketbalo;basketbal.0o.SPO;篮球[lán qiú]
baskulo;baskul.0o.ELE;翻轉開關[fān zhuǎn kāi guān]
baskulo;baskul.0o.KOMP;开关[kāi guān]
baskulo;baskul.0o.TEK;摆动杆[bǎi dòng gān]
baskulo;baskul.0o.ludilo;跷跷板[qiāo qiāo bǎn]
bastardo;bastar.0o.infano;私孩子[sī hái zǐ]
bastono;baston.0o.KOMUNE;杖[zhàng]
bastono;baston.0o.KOMUNE;警棍[jǐng gùn]
lambastono;baston.lam0o.MED;叉木[chā mù]
lambastono;baston.lam0o.MED;叉状架[chā zhuàng jià]
lambastono;baston.lam0o.MED;放置脚跟的部份[fàng zhì jiǎo gēn de bù fen]
sorĉbastono;baston.sorcxista0o.MAG;魔术棒[mó shù bàng]
sorĉbastono;baston.sorcxista0o.MAG;魔杖[mó zhàng]
bati;bat.0i.ektusxegi;掴[guó]
bati;bat.0i.ektusxegi;击[jī]
batilo;bat.0ilo.KOMUNE;棒[bàng]
batilo;;板球球棒[bǎn qiú qiú bàng]
bati;;被鞭打[bèi biān dǎ]
bati;;被打[bèi dǎ]
disbati;bat.dis0i.KOMUNE;成泡影[chéng pào yǐng]
disbati;bat.dis0i.KOMUNE;掼[guàn]
elbati;bat.el0i.KOMUNE;磕掉[kē diào]
enbati;bat.en0i.KOMUNE;封面折边[fēng miàn zhé biān]
korbato;bat.kor0o.FIZL;心跳[xīn tiào]
kornobati;bat.korno0i.KOMUNE;顶[dǐng]
kunbati;bat.kun0i.KOMUNE;殴打[ōu dǎ]
piedbati;bat.pied0i.KOMUNE;践踏[jiàn tà]
polmflanka bato;bat.polmflanka0o.SPO;正手[zhèng shǒu]
rebati;bat.re0i.redoni;反击[fǎn jī]
rebati;bat.re0i.repusxi;反击[fǎn jī]
sortobato;bat.sorto0o.okazajxo;命运的打击[mìng yùn de dǎ jī]
sortobato;bat.sorto0o.okazajxo;厄运[è yùn]
trabatebla;bat.tra0ebla.KOMUNE;会腐蚀[huì fǔ shí]
trabatebla;bat.tra0ebla.KOMUNE;可破坏[kě pò huài]
trabatebla;bat.tra0ebla.KOMUNE;可穿过[kě chuān guò]
trabatebla;bat.tra0ebla.KOMUNE;可渗入[kě shèn rù]
venkobati;bat.venko0i.MIL;抶[chì]
venkobati;bat.venko0i.MIL;拷[kǎo]
venkobati;bat.venko0i.MIL;拷打[kǎo dǎ]
venkobati;bat.venko0i.MIL;擂[lèi]
venkobati;bat.venko0i.MIL;忍[rěn]
venkobati;bat.venko0i.MIL;拍[pāi]
batalejo;batal.0ejo.MIL;疆场[jiāng chǎng]
batalejo;batal.0ejo.MIL;战地[zhàn dì]
batali;batal.0i.kontrauxajxon;挌[gé]
batali;batal.0i.milito;战[zhàn]
batali;batal.0i.milito;殴[ōu]
batalilo;batal.0ilo.ARM;作战武器[zuò zhàn wǔ qì]
batalilo;batal.0ilo.ARM;军火[jūn huǒ]
batalo;batal.0o.KOMUNE;战[zhàn]
kontraŭbatalanto;batal.kontraux0anto.KOMUNE;冤家[yuān jiā]
kontraŭbatalanto;batal.kontraux0anto.KOMUNE;仇敌[chóu dí]
kontraŭbatalanto;batal.kontraux0anto.KOMUNE;敌人[dí rén]
kontraŭbatalanto;batal.kontraux0anto.KOMUNE;反对者[fǎn duì zhě]
kontraŭbatalanto;batal.kontraux0anto.KOMUNE;对抗者[duì kàng zhě]
kontraŭbatalanto;batal.kontraux0anto.KOMUNE;魔鬼[mó guǐ]
kontraŭbatalanto;batal.kontraux0anto.KOMUNE;訂約人[dìng yuē rén]
vortobatali;batal.vorto0i.KOMUNE;抬杠[tái gàng]
bataliono;batali.0o.MIL;大部队[dà bù duì]
bataliono;batali.0o.MIL;一大夥[yī dài huǒ]
bataliono;batali.0o.MIL;阵容整齐的军队[zhèn róng zhěng qí de jūn duì]
bataliono;batali.0o.MIL;營[yíng]
batato;batat.0o.KUI;地瓜[dì guā]
batato;batat.0o.KUI;番薯[fān shǔ]
baterio;bateri.0o.ELE;电池[diàn chí]
baterio;bateri.0o.MIL;炮臺[pào tái]
batiko;batik.0o.TEKS_precedo;蜡染[là rǎn]
batisto;batist.0o.TEKS;麻紗[má shā]
batuo;batu1.0o.pelcxaso;政治迫害[zhèng zhì pò hài]
baŭksito;bauxksit.0o.MIN;鋁土礦[lǚ tǔ kuàng]
baŭmi;;反抗者[fǎn kàng zhě]
baŭmi;;叛[pàn]
baza;baz.0a.KOMUNE;基本上[jī běn shàng]
baza;baz.0a.KOMUNE;根本[gēn běn]
baza;baz.0a.KOMUNE;基[jī]
baza;baz.0a.KOMUNE;枢[chū]
baza;baz.0a.rilata;基层[jī céng]
bazo;baz.0o.postamento;鄙[bǐ]
bazo;baz.0o.postamento;底[dǐ]
bazo;baz.0o.principo;根底[gēn dǐ]
bazo;baz.0o.principo;本[běn]
bazo;baz.0o.principo;基础[jī chǔ]
bazo;baz.0o.principo;根柢[gēn dǐ]
bazo;baz.0o.principo;底線[dì xiàn]
surbaze de;baz.sur0ede.KOMUNE;依据[yī jù]
bazaro;bazar.0o.magazeno;超市[chāo shì]
bazaro;bazar.0o.magazeno;超級市場[chāo jí shì chǎng]
bazaro;bazar.0o.magazeno;自选商场[zì xuǎn shāng chǎng]
bazaro;bazar.0o.placo;市集[shì jí]
bazaro;bazar.0o.placo;巿场[shì chǎng]
bazaro;bazar.0o.placo;市场[shì chǎng]
bazaro;bazar.0o.placo;传统市场[chuán tǒng shì chǎng]
pulbazaro;bazar.pul0o.EKON;跳蚤市场[tiào zǎo shì chǎng]
pulbazaro;bazar.pul0o.EKON;旧货集市[jiù huò shì chǎng]
superbazaro;bazar.super0o.EKON;超市[chāo shì]
superbazaro;bazar.super0o.EKON;超級市場[chāo jí shì chǎng]
superbazaro;bazar.super0o.EKON;自选商场[zì xuǎn shāng chǎng]
bazilio;bazili2.0o.BOT;九层塔[jiǔ céng tǎ]
bazilio;bazili2.0o.BOT;罗勒[luó lè]
bazilio;bazili2.0o.BOT;金不换[jīn bù huàn]
bazuko;bazuk.0o.MIL;反坦克步枪[fǎn tǎn kè bù qiāng]
bazuko;bazuk.0o.MIL;反坦克火箭[fǎn tǎn kè huǒ jiàn]
bazuko;bazuk.0o.MIL;反坦克手雷发射器[fǎn tǎn kè shǒu léi fā shè qì]
bazuko;bazuk.0o.MIL;火箭筒[huǒ jiàn tǒng]
bazuko;bazuk.0o.MIL;火箭炮[huǒ jiàn pào]
be;be1.0.KOMUNE;唉[āi]
be;be1.0.KOMUNE;啊[ā]
be;be1.0.KOMUNE;噫[yī]
be;be1.0.vando;哪裏[nǎ lǐ]
beata;beat.0a.KAT;幸福地[xìng fú de]
bebo;beb.0o.infaneto;宝宝[bǎo bǎo]
bebo;beb.0o.infaneto;仯[chào]
bebo;beb.0o.infaneto;娃子[wá zi]
bebo;beb.0o.infaneto;婴儿[yīng ér]
bedo;bed.0o.HOR;苗床[miáo chuáng]
bedo;bed.0o.HOR;畦[qí]
florbedo;bed.flor0o.HOR;花床[huā chuáng]
florbedo;bed.flor0o.HOR;花圃[huā pǔ]
florbedo;bed.flor0o.HOR;花坛[huā tán]
florbedo;bed.flor0o.HOR;苗圃[miáo pǔ]
bedaŭri;;歉意[qiàn yì]
bedaŭri;;憾[hàn]
bedaŭri;;歉疚[qiàn jiù]
bedaŭri;;缺憾[quē hàn]
bedaŭri;;痛惜[tòng xí]
behaviorismo;behaviorism.0o.ETOL;行为主义[xíng wéi zhǔ yì]
Behemoto;behemot.0o.BIB;比蒙[bǐ méng]
beja;bej1.0a.KOL;紅棕色[hóng zōng sè]
beko;bek.0o.ZOO;松口[sōng kǒu]
beko;bek.0o.ZOO;喙[huì]
beko;bek.0o.ZOO;鳥嘴[niǎo zuǐ]
krucbekulo;bek.kruc0ulo.ZOO;鶡[hé]
bekvadrato;bekvad.0o.MUZ;本位号[běn wèi hào]
bela;bel.0a.KOMUNE;标致[biāo zhi]
bela;bel.0a.KOMUNE;华丽[huá lì]
beleco;bel.0eco.KOMUNE;美丽的东西[měi lì de dōng xi]
beleco;bel.0eco.KOMUNE;娇滴滴[jiāo dī dī]
beleco;bel.0eco.KOMUNE;美丽的人[měi lì de rén]
beleco;bel.0eco.KOMUNE;艳色[yàn sè]
belega;bel.0ega.KOMUNE;极美[jí měi]
belega;bel.0ega.KOMUNE;精彩[jīng cǎi]
belega;bel.0ega.KOMUNE;勝景[shèng jǐng]
malbela;bel.mal0a.KOMUNE;丑陋[chǒu lòu]
malbela;bel.mal0a.KOMUNE;难看[nán kàn]
malbela;bel.mal0a.KOMUNE;难看的[nán kàn de]
malbela;bel.mal0a.KOMUNE;丑[chǒu]
plibeligi;;美化了[měi huà liǎo]
plibeligi;;修飾[xiū shì]
plibeligi;;美化[měi huà]
plibeligi;;装饰[zhuāng shì]
plibeligi;;修[xiū]
decibelo;bel1.0odeci.FIZ;分貝[fēn bèi]
beletristo;beletr.0isto.BELE;作家[zuò jiā]
beletristo;beletr.0isto.BELE;作手[zuò shǒu]
beletro;beletr.0o.BELE;虚构小说[xū gòu xiǎo shuō]
beletristiko;beletr1.0o.beletro;虚构小说[xū gòu xiǎo shuō]
Belfasto;belfast.0o.havenurbo;貝爾法斯特[bèi ěr fǎ sī tè]
Belizo;beliz.B0o.GEOG;貝爾莫潘[bèi ěr mò pān]
Belizo;beliz.B0o.GEOG;伯里兹[bó lǐ zī]
beni;ben.0i.alvoki;佑[yòu]
beno;ben.0o.FIG;礽[réng]
beno;ben.0o.FIG;福分[fú fēn]
beno;ben.0o.favoro;惠[huì]
malbeni;ben.mal0i.REL;詛[zǔ]
malbeni;ben.mal0i.FIG;詈[lì]
malbeni;ben.mal0i.FIG;詛咒[zǔ zhòu]
malbeni;ben.mal0i.FIG;被詛咒[bèi zǔ zhòu]
malbeno;ben.mal0o.malfavoro;丧气[sàng qì]
glubendo;bend.glu0o.KOMUNE;单面胶[dān miàn jiāo]
glubendo;bend.glu0o.KOMUNE;胶粘带[jiāo nián dài]
bendo;;胶带[jiāo dài]
glubendo;bend.glu0o.KOMUNE;絕緣膠布[jué yuán jiāo bù]
sonbendo;bend.son0o.TEK;录音带[lù yīn dài]
sonbendo;bend.son0o.TEK;音带[yīn dài]
vidbendo;bend.vid0o.KIN;录影带[lù yǐng dài]
vidbendo;bend.vid0o.KIN;卷带[juǎn dài]
bendo;;卷带[juǎn dài]
surbendigi;bend.sur0igi.KOMUNE;磁带录音[cí dài lù yīn]
surbendigilo;;記錄器[jì lù qì]
benefico;benefi.0o.avantagxo;员工福利[yuán gōng fú lì]
benefico;benefi.0o.prezento;獲益[huò yì]
benefico;benefi.0o.prezento;給付[jǐ fù]
benefico;benefi.0o.prezento;享受利益[xiǎng shòu lì yì]
benefico;benefi.0o.prezento;义演[yì yǎn]
benefico;benefi.0o.prezento;年金[nián jīn]
Benelukso;benelu.B0o.POL;比荷卢三国关税同盟[bǐ hé lú sān guó guān shuì tóng méng]
Bengalo;;孟加拉[mèng jiā lā]
Benino;benin.B0o.GEOG;貝寧[bèi níng]
Benino;benin.B0o.GEOG;貝寧共和國[bèi níng gòng hé guó]
Benjameno;benjamen.0o.NOM;便雅悯[biàn yǎ mǐn]
piedbenketo;benk.pied0eto.MEBL;脚蹬[jiǎo dèng]
piedbenketo;benk.pied0eto.MEBL;矮凳[ǎi dèng]
benzinejo;benzin.0ejo.AUT;加油站[jiā yóu zhàn]
benzino;benzin.0o.KEM;費油[fèi yóu]
benzino;benzin.0o.KEM;汽油[qì yóu]
benzino;benzin.0o.KEM;石油醚[shí yóu mí]
benzinujo;benzin.0ujo.AUT;汽油箱[qì yóu xiāng]
benzinujo;benzin.0ujo.AUT;油箱[yóu xiāng]
benzolo;benzol.0o.benzeno;苯[běn]
Beovulfo,;;貝奧武夫[bèi ào wǔ fū]
beraro;ber.0aro.BOT;蔟[cù]
beraro;ber.0aro.BOT;累累[léi léi]
bero;ber.0o.BOT;浆果[jiāng guǒ]
bero;ber.0o.BOT;莓[méi]
rozbero;ber.roz0o.BOT;野玫瑰果差[yě méi guī guǒ chā]
sekvinbero;ber.sekvin0o.KUI;乾葡萄[gān pú táo]
sekvinbero;ber.sekvin0o.KUI;葡萄乾[pú táo gān]
vinbero;ber.vin0o.BOT;葡[pú]
vinbero;ber.vin0o.BOT;萄[táo]
bereto;beret.0o.TEKS;貝雷帽[bèi léi mào]
bergamotujo;bergam.0ujo.BOT;香柠檬[xiāng níng méng]
beribero;beribe.0o.MED;脚气病[jiǎo qì bìng]
berilo;beril.0o.MIN;綠柱石[lü zhù shí]
berilio;berili.0o.KEM;鈹[pí]
berkelio;berkeli.0o.KEM;鉳[běi]
berkelio;berkeli.0o.KEM;錇[péi]
Bernardo;bernard.0o.NOM;伯恩哈德[bó ēn hā dé]
Berto;bert.0o.SNC;貝莎[bèi shā]
bestaro;best.0aro.ZOO;动物群[dòng wù qún]
besto;best.0o.BIO;动物[dòng wù]
besto;best.0o.nehomo;畜生[chù shēng]
besto;best.0o.nehomo;动物[dòng wù]
dombesto;best.dom0o.HEJM;宠物[chǒng wù]
dombesto;best.dom0o.HEJM;畜生[chù shēng]
dombesto;best.dom0o.HEJM;牲[shēng]
dombesto;best.dom0o.HEJM;愛寵[ài chǒng]
hejmbesto;best.hejm0o.KOMUNE;宠物[chǒng wù]
rabobestoj;best.rabo0oj.ZOO;食肉目[shí ròu mù]
ŝarĝobesto;best.sxargxo0o.KOMUNE;赶驮马的人[gǎn duò mǎ de rén]
ŝarĝobesto;best.sxargxo0o.KOMUNE;馱獸[tuó shòu]
tirbesto;;牛馬[niú mǎ]
bestia;besti.0a.KOMUNE;野兽般[yě shòu bān]
bestia;besti.0a.KOMUNE;残忍的[cán rěn de]
bestia;besti.0a.KOMUNE;兽性[shòu xìng]
bestia;besti.0a.KOMUNE;兽[shòu]
bestio;besti.0o.KOMUNE;人面兽心[rén miàn shòu xīn]
beto;bet.0o.radiko;葑[fēng]
beto;bet.0o.radiko;蔓菁[mán jing]
beto;bet.0o.radiko;芜菁[wú jīng]
beto;bet.0o.radiko;甜菜根[tián cài gēn]
beto;bet.0o.radiko;甜菜[tián cài]
beto;bet.0o.radiko;厚顏無恥[hòu yán wú chǐ]
beto;bet.0o.genro;甜菜[tián cài]
folibeto;bet.foli0o.KUI;厚皮菜[hòu pí cài]
folibeto;bet.foli0o.KUI;莙荙菜[jūn dá cài]
folibeto;bet.foli0o.KUI;糖莴苣[táng wō jù]
sukerbeto;bet.suker0o.AGR;菾[tián]
sukerbeto;bet.suker0o.AGR;甜菜[tián cài]
ruĝa beto;bet.rugxa0o.KUI;甜菜根[tián cài gēn]
betelo;;梹[bīng]
betelo;;槟榔[bīng lang]
Betleĥemo;betlehxem.0o.urbo;伯利恆[bó lì héng]
betono;beton.0o.KON;三合土[sān hé tǔ]
ŝtalbetono;beton.sxtal0o.KON;鋼筋水泥[gāng jīn shuǐ ní]
ŝtalbetono;beton.sxtal0o.KON;鋼筋混凝土[gāng jīn hùn níng tǔ]
ŝtalbetono;beton.sxtal0o.KON;鋼筋砼[gāng jīn tóng]
beveli;bevel.0i.TEK;切斜面[qiē xié miàn]
bevelo;bevel.0o.TEK;对切[duì qiē]
bevelo;bevel.0o.TEK;切角[qiè jiǎo]
bevelo;bevel.0o.TEK;去角[qù jué]
bevelo;bevel.0o.TEK;有房間[yǒu fáng jiān]
bezona;;切要[qiè yào]
bezona;;必要[bì yào]
bezona;;不可或缺[bù kě huò quē]
bezona;;所需[suǒ xū]
bezona;;必備[bì bèi]
bezoni;bezon.0i.postuli;要有[yào yǒu]
bezoni;bezon.0i.postuli;甘心[gān xīn]
bezoni;bezon.0i.suferi;急需[jí xū]
bezono;bezon.0o.postulo;迫切需要[pò qiè xū yào]
senbezona;bezon.sen0a.KOMUNE;不必要[bú bì yào]
senbezona;bezon.sen0a.KOMUNE;不用[bù yòng]
senbezona;bezon.sen0a.KOMUNE;多餘[duō yú]
senbezona;bezon.sen0a.KOMUNE;无须[wú xū]
senbezona;bezon.sen0a.KOMUNE;多余[duō yú]
vivbezonaĵo;bezon.viv0ajxo.EKON;副食品[fù shí pǐn]
vivbezonaĵo;bezon.viv0ajxo.EKON;食品[shí pǐn]
biasa;bias.0a.SCI;使失真[shǐ shī zhēn]
biasa;bias.0a.SCI;歪曲[wāi qū]
biasa;bias.0a.SCI;弄歪[nòng wāi]
senbiasa;bias.sen0a.SCI;不出所料[bù chū suǒ liào]
biblioteko;biblio1.0o.ejo;图书馆[tú shū guǎn]
biblioteko;biblio1.0o.ejo;书库[shū kù]
biblioteko;biblio1.0o.ejo;图书室[tú shū shì]
biblioteko;biblio1.0o.ejo;文库[wén kù]
biblioteko;biblio1.0o.ejo;公共图书馆[gōng gòng tú shū guǎn]
biblioteko;biblio1.0o.ejo;藏书[cáng shū]
biblioteko;biblio1.0o.kolekto;图书[tú shū]
biblioteko;biblio1.0o.serio;丛书[cóng shū]
bibliofilo;bibliofil.0o.TIP;藏书家[cáng shū jiā]
bicepso;;強健的筋肉[qiáng jiàn de jīn ròu]
bicepso;;双头肌[shuāng tóu jī]
bicikli;bicikl.0i.BIC;騎自行車[qí zì xíng chē]
bicikli;bicikl.0i.BIC;騎車[qí chē]
bicikli;bicikl.0i.BIC;騎[qí]
biciklo;bicikl.0o.velocipedo;自行車[zì xíng chē]
biciklo;bicikl.0o.velocipedo;脚踏车[jiǎo tà chē]
motorbiciklo;bicikl.motor0o.BIC;輕便摩托車[qīng biàn mó tuō chē]
motorbiciklo;bicikl.motor0o.BIC;輕型摩托車[qīng xíng mó tuō chē]
bidaro;;項鏈[xiàng liàn]
bido;bid.0o.JUV;丸[wán]
bielo;biel.0o.TEK;连杆[lián gān]
bieno;bien.0o.kampara;农场[nóng chǎng]
bieno;bien.0o.kampara;农庄[nóng zhuāng]
bieno;bien.0o.kampara;庄[zhuāng]
bieno;bien.0o.kampara;飼養場[sì yǎng chǎng]
bienalo;bienal.0o.BELA;两年期[liǎng nián qī]
bienalo;bienal.0o.BELA;两年期间[liǎng nián qī jiān]
bienalo;bienal.0o.BELA;双年展[shuāng nián zhǎn]
bierejo;bier.0ejo.KUI;酒館[jiǔ guǎn]
barelbiero;;生啤[shēng pí]
barelbiero;;桶装啤酒[tǒng zhuāng pí jiǔ]
barelbiero;;扎啤[zhā pí]
bigamio;bigami.0o.JUR;重婚[chóng hūn]
bikino;bikin.0o.TEKS;比基尼[bǐ jī ní]
bikino;bikin.0o.TEKS;比基尼泳衣[bǐ jī ní yǒng yì]
bikino;bikin.0o.TEKS;两件头[liǎng jiàn tóu]
bikino;bikin.0o.TEKS;三点式[sān diǎn shì]
bikino;bikin.0o.TEKS;三点式泳衣[sān diǎn shì yǒng yì]
bikino;bikin.0o.TEKS;三角泳装[sān jiǎo yǒng zhuāng]
bikŝuo;biksxu.0o.BUD;和尚[hé shàng]
bilanci;bilanc.0i.EKON;編製資產負債表[biān zhì zī chǎn fù zhài biǎo]
bilanco;bilanc.0o.EKON;产本负债表[chǎn běn fù zhài biǎo]
bilanco;bilanc.0o.EKON;結存[jié cún]
bilanco;bilanc.0o.EKON;均衡[jūn héng]
bilanco;bilanc.0o.EKON;收支平衡表[shōu zhī píng héng biǎo]
bilanco;bilanc.0o.EKON;資產負責表[zī chǎn fù zé biǎo]
bilanco;bilanc.0o.EKON;資產負債表[zī chǎn fù zhài biǎo]
bilanco;bilanc.0o.EKON;决算[jué suàn]
bilanci;bilanc.0i.EKON;总结工作[zǒng jié gōng zuò]
bilanci;bilanc.0i.FIG;回顧[huí gù]
bilardo;bilard.0o.SPO;台球[tái qiú]
bilardo;bilard.0o.SPO;台球游戏[tái qiú yóu xì]
bilardo;bilard.0o.SPO;撞球[zhuàng qiú]
bilardo;bilard.0o.SPO;弹球[dàn qiú]
Bilbao;bilba.0o.urbo;毕尔巴鄂[bì ěr bā è]
bildigi;bild.0igi.KOMUNE;成象[chéng xiàng]
bildigo;bild.0igo.KOMUNE;表述[biǎo shù]
bildigo;bild.0igo.KOMUNE;打印賬單[dǎ yìn zhàng dān]
bildigo;bild.0igo.KOMUNE;插图[chā tú]
bildo;bild.0o.KOMUNE;图[tú]
bildo;bild.0o.KOMUNE;展望[zhǎn wàng]
lumbildo;bild.lum0o.FOT;护照照[hù zhào zhào]
sonbilda;bild.son0a.TEL;視聽[shì tīng]
sonbilda;bild.son0a.TEL;視聽教學[shì tīng jiào xué]
sonbilda;bild.son0a.TEL;音像[yīn xiàng]
spegulbildo;bild.spegul0o.KOMUNE;鏡像[jìng xiàng]
spegulbildo;bild.spegul0o.KOMUNE;影子[yǐng zi]
bileto;bilet.0o.KOMUNE;門票[mén piào]
bileto;bilet.0o.KOMUNE;門券[mén quàn]
bileto;bilet.0o.KOMUNE;入场卷[rù chǎng juan]
bileto;bilet.0o.KOMUNE;車票[chē piào]
biletujo;bilet.0ujo.mona;錢袋[qián dài]
biletujo;bilet.0ujo.mona;私囊[sī náng]
enirbileto;;电影票[diàn yǐng piào]
enirbileto;;門票[mén piào]
enirbileto;;門券[mén quàn]
enirbileto;;入场卷[rù chǎng juan]
flugbileto;;飛機票[fēi jī piào]
flugbileto;;机票[jī piào]
monbileto;bilet.mon0o.EKON;鈔票[chāo piào]
monbileto;bilet.mon0o.EKON;票子[piào zi]
biliono;bilion.0o.duiliono;兆[zhào]
biliono;bilion.0o.miliardo;十亿[shí yì]
bindaĵo;bind.0ajxo.librokovrilo;精装书[jīng zhuāng shū]
bindaĵo;bind.0ajxo.librokovrilo;书籍封面[shū jí fēng miàn]
bindisto;bind.0isto.metiisto;书籍装订工[shū jí zhuāng dìng gōng]
bindaĵo;;书籍装订[shū jí zhuāng dìng]
bindilo;;装订机械[zhuāng dìng jī xiè]
biofiziko;biofizik.0o.SCI;生物物理学[shēng wù wù lǐ xué]
biogaso;biogas.0o.KEM;生化气体[shēng huà qì tǐ]
biogaso;biogas.0o.KEM;生物气[shēng wù qì]
biogaso;biogas.0o.KEM;生物气体[shēng wù qì tǐ]
bioĥemiisto;biohxemi.0isto.SCI;生物化学家[shēng wù huà xué jiā]
bioĥemio;biohxemi.0o.SCI;生物化学[shēng wù huà xué]
bioĥemio;biohxemi.0o.SCI;生化[shēng huà]
biologo;biolog.0o.BIO;生物学家[shēng wù xué jiā]
biologo;biolog.0o.BIO;研究生物学的人[yán jiū shēng wù xué dì rén]
biologio;biolog1.0o.SCI;生物学[shēng wù xué]
biomaso;biomas.0o.EKOL;生物量[shēng wù liàng]
biomaso;biomas.0o.EKOL;生物質[shēng wù zhì]
biomaso;biomas.0o.EKOL;生物質能[shēng wù zhì néng]
biomeĥaniko;biomehxanik.0o.BIO;生物力学[shēng wù lì xué]
biometrio;biometri.0o.BIO;生物特征識別[shēng wù tè zhēng shí bié]
bioniko;bionik.0o.TEK;仿生学[fǎng shēng xué]
biopsio;biopsi.0o.MED;活检[huó jiǎn]
biopsio;biopsi.0o.MED;活体检视[huó tǐ jiǎn shì]
biopsio;biopsi.0o.MED;活組織檢查[huó zǔ zhī jiǎn chá]
biostatistiko;biostatistik.0o.BIO;生物統計學[shēng wù tǒng jì xué]
biostatistiko;biostatistik.0o.BIO;医学统计学[yī xué tǒng jì xué]
biotopo;;群落生境[qún là shēng jìng]
biotopo;;生境[shēng jìng]
biplano;biplan.0o.AVI;双层飞艇[shuāng céng fēi tǐng]
birdoj;bird.0oj.ZOO;鳥綱[niǎo gāng]
kortbirdo;bird.korto0o.AGR;家禽[jiā qín]
kortbirdo;bird.korto0o.AGR;家禽的肉[jiā qín de ròu]
kortbirdo;bird.korto0o.AGR;野禽[yě qín]
kortbirdo;bird.korto0o.AGR;禽[qín]
muŝbirdo;bird.musx0o.ZOO;蜂雀[fēng què]
naĝbirdo;bird.nagxo0o.ZOO;水鳥[shuǐ niǎo]
naĝbirdo;bird.nagxo0o.ZOO;水禽[shuǐ qín]
rabobirdoj;bird.rabo0oj.ZOO;猛禽[měng qín]
rabobirdoj;bird.rabo0oj.ZOO;隼形目[zhǔn xíng mù]
vadbirdoj;bird.vad0oj.ZOO;鸛形目[guàn xíng mù]
bireto;biret.0o.TEKS;貝雷帽[bèi léi mào]
Birmo;birm.B0o.GEOG;缅甸[miǎn diàn]
biskvito;biskvi.0o.dubakita;面包干[miàn bāo gān]
biskvito;biskvi.0o.frandajxo;餅乾[bǐng gān]
biskvito;biskvi.0o.frandajxo;曲奇[qǔ qí]
biskvito;biskvi.0o.frandajxo;曲奇餅[qǔ qí bǐng]
bito;bit.0o.KOMP;比特[bǐ tè]
bito;bit1.0o.MAR;系船柱[xì chuán zhù]
bivo;biv.0o.MUZ;日本琵琶[rì běn pí pá]
bivako;bivak.0o.loko;寨[zhài]
bivako;bivak.0o.loko;帷幄[wéi wò]
Bizanco;bizanc.0o.antikva;拜佔庭[bài zhàn tíng]
Bizanco;bizanc.0o.antikva;拜占庭[bài zhàn tíng]
Bjalistoko;bjalistok.0o.urbo;比亚韦斯托克[bǐ yà wéi sī tuō kè]
blagi;;撩[liáo]
blagi;;嬲[niǎo]
blagulo;blag.0ulo.KOMUNE;撕裂的人[sī liè de rén]
blanketa;blank.0eta.KOL;有些苍白[yǒu xiē cāng bái]
ovblanko;blank.ovo0o.KUI;蛋淸[dàn qīng]
ovblanko;blank.ovo0o.KUI;蛋靑[dàn qīng]
blato;blat.0o.ZOO;小強[xiǎo qiáng]
blato;blat.0o.ZOO;蜚蠊[fěi lián]
blato;blat.0o.ic;电子芯片[diàn zǐ xìn piàn]
blazo;;水疱[shuǐ pào]
blazono;blazon.0o.HER;国徽[guó huī]
blazono;blazon.0o.HER;紋章[wén zhāng]
blendi;blend1.0i.MIL;披甲[pī jiǎ]
blendi;blend1.0i.MIL;有甲[yǒu jiǎ]
blendo;blend1.0o.MIL;鋼甲[gāng jiǎ]
blendo;blend1.0o.MIL;装甲[zhuāng jiǎ]
blinda;blind.0a.MED;瞎[xiā]
blinda;blind.0a.MED;瞎眼[xiā yǎn]
blinda;blind.0a.FIG_netravidebla;浑然[hún rán]
blinda;blind.0a.FIG_netravidebla;使暗淡[shǐ àn dàn]
blinda;blind.0a.FIG_netravidebla;使浑浊[shǐ hún zhuó]
blinda;blind.0a.FIG_netravidebla;淟[tiǎn]
blinda;blind.0a.FIG_netravidebla;影影綽綽[yǐng yǐng chuò chuò]
blinda;blind.0a.FIG_netravidebla;魚似[yú sì]
blinda;blind.0a.FIG_netravidebla;使模糊[shǐ mó hu]
blindeco;blind.0eco.MED;失明[shī míng]
blindeco;blind.0eco.MED;无辨别力[wú biàn bié lì]
blindigi;blind.0igi.MED;夺目[duó mù]
blindigi;blind.0igi.MED;晃眼[huǎng yǎn]
blindigi;blind.0igi.MED;使失明[shǐ shī míng]
blindigi;blind.0igi.MED;耀眼[yào yǎn]
blindigi;blind.0igi.FIG;熀[huǎng]
blindigi;blind.0igi.FIG;矇蔽[méng bì]
blindigi;blind.0igi.FIG;炫[xuàn]
blindiĝi;blind.0igxi.MED;失明[shī míng]
blindulo;blind.0ulo.MED;盲人[máng rén]
malblindigi;blind.mal0igi.FIG;开导[kāi dǎo]
malblindiĝi;blind.mal0igxi.FIG;覺[jué]
vortblindeco;blind.vort0eco.MED;难语症[nàn yǔ zhèng]
vortblindeco;blind.vort0eco.MED;閱讀障礙[yuè dú zhàng ài]
vortblinda;;誦讀困難[sòng dú kùn nan]
bloki;;街段[jiē duàn]
bloki;;木块[mù kuài]
bloki;;挡[dǎng]
bloki;;被冻结[bèi dòng jié]
bloki;;被阻塞[bèi zǔ sè]
bloki;;力阻[lì zǔ]
bloki;;阻絕[zǔ jué]
bloki;;抑制[yì zhì]
bloko;blok.0o.agregata;汽缸本体[qì gāng běn tǐ]
bloko;blok.0o.agregata;一組[yī zǔ]
bloko;blok.0o.agregata;一个人[yí gè rén]
bloko;blok.0o.maso;断块[duàn kuài]
bloko;blok.0o.maso;木头[mù tou]
ŝtonbloko;blok.sxton0o.GEOL;砬[lá]
ŝtonbloko;blok.sxton0o.GEOL;磥[lěi]
blokado;;柏林封鎖[bó lín fēng suǒ]
blokado;;堵塞队[dǔ sè duì]
blokado;;堵塞物[dǔ sè wù]
blokado;;阻断[zǔ duàn]
blonda;blond.0a.hararo;金发[jīn fǎ]
blonda;blond.0a.hararo;金黃色[jīn huáng sè]
blonda;blond.0a.hararo;金黃[jīn huáng]
blovaĵo;blov.0ajxo.KOMUNE;一吹[yī chuī]
blovaĵo;blov.0ajxo.KOMUNE;和風[hé fēng]
blovi;blov.0i.ntr;吹[chuī]
blovi;blov.0i.ntr;刮风[guā fēng]
blovilo;blov.0ilo.KOMUNE;摺式風箱[zhé shì fēng xiāng]
blovilo;blov.0ilo.KOMUNE;胱[guāng]
disblovi;blov.dis0i.KOMUNE;吹散[chuī sǎn]
forblovi;blov.for0i.KOMUNE;吹散[chuī sǎn]
spirblovi;blov.spir0i.KOMUNE;歕[pēn]
spirblovi;blov.spir0i.KOMUNE;歕[pèn]
spirblovi;blov.spir0i.KOMUNE;喷[pēn]
bluso;blus.0o.MUZ;布魯斯[bù lǔ sī]
bluso;blus.0o.MUZ;蓝调[lán diào]
bluzo;bluz.0o.TEKS;军便服上衣[jūn biàn fú shàng yī]
bluzo;bluz.0o.TEKS;宽松的上衣[kuān sōng de shàng yī]
bluzo;bluz.0o.TEKS;女衬衫[nǚ chèn shān]
bluzo;bluz.0o.TEKS;女上衣[nǚ shàng yī]
bluzo;bluz.0o.TEKS;上衫[shàng shān]
bluzo;bluz.0o.TEKS;罩衫[zhào shān]
boardi;board.0i.MAR;掉抢[diào qiǎng]
boato;boat.0o.SHI;艖[chā]
boato;boat.0o.SHI;舡[chuán]
motorboato;boat.motor0o.SHI;机船[jī chuán]
motorboato;boat.motor0o.SHI;馬達船[mǎ dá chuán]
motorboato;boat.motor0o.SHI;摩托艇[mó tuō tǐng]
motorboato;boat.motor0o.SHI;汽艇[qì tǐng]
pedalboato;boat.pedal0o.SHI;脚踏船[jiǎo tà chuán]
savboato;boat.sav0o.SHI;救生船[jiù shēng chuán]
savboato;boat.sav0o.SHI;救生艇[jiù shēng tǐng]
bobeli;bobel.0i.KOMUNE;啵[bō]
bobeli;bobel.0i.KOMUNE;冒泡泡[mào pào pào]
bobeli;bobel.0i.KOMUNE;沤[ōu]
bobeli;bobel.0i.KOMUNE;小声说[xiǎo shēng shuō]
bobeli;bobel.0i.KOMUNE;泡沫[pào mò]
bobeli;bobel.0i.KOMUNE;泡[pào]
bobelo;bobel.0o.KOMUNE;水疱[shuǐ pào]
bobenego;boben.0ego.TEK;角色[jué sè]
bobenego;boben.0ego.TEK;卷绳筒[juǎn shéng tǒng]
bobeni;boben.0i.TEK;上弦[shàng xián]
bobeni;boben.0i.TEK;纏[chán]
bobeno;boben.0o.ELE;感应圈[gǎn yìng quān]
bobeno;boben.0o.KOMUNE;纏[chán]
bobeno;boben.0o.KOMUNE;線軸[xiàn zhòu]
elbobenigi;boben.el0igi.KOMUNE;解下[jiě xià]
elbobenigi;boben.el0igi.KOMUNE;上弦[shàng xián]
glitbobeno;boben.glit0o.TEKS;梭子[suō zi]
glitbobeno;boben.glit0o.TEKS;梭[suō]
Bocvano;bocvan.B0o.GEOG;博茨瓦那[bó cí wǎ nà]
Bocvano;bocvan.B0o.GEOG;博兹瓦纳[bó zī wǎ nà]
bodisatvo;bodisatv.0o.BUD;菩[pú]
Bohemujo;;波希米亚[bō xī mǐ yà]
Bohemio;bohemi.0o.bohemujo;波希米亚[bō xī mǐ yà]
boj;boj.0.SON;汪汪[wāng wāng]
tirboji;boj.tir0i.SON;怒吼[nù hǒu]
bleki;;怒吼[nù hǒu]
boksi;boks.0i.lukti;用拳打揍[yòng quán dǎ zòu]
boksi;boks.0i.lukti;拳击[quán jí]
bokso;boks.0o.SPO;互殴[hù ōu]
bokso;boks.0o.SPO;拳击[quán jí]
bokso;boks.0o.SPO;拳击比赛[quán jī bǐ sài]
franca bokso;boks.franca0o.SPO;法国拳击[fǎ guó quán jī]
taja bokso;boks.taja0o.SPO;泰拳[tài quán]
boli;bol.0i.vaporigxi;烀[hū]
boli;bol.0i.vaporigxi;煲[bāo]
boli;bol.0i.vaporigxi;起泡沫[qǐ pào mò]
boli;bol.0i.fervori;沸腾[fèi téng]
boligi;bol.0igi.teni;煮熟[zhǔ shóu]
boligi;bol.0igi.teni;煮沸[zhǔ fèi]
boligi;bol.0igi.teni;蒸煮[zhēng zhǔ]
bolardo;bolard.0o.MAR;系船柱[xì chuán zhù]
bolero;boler1.0o.hispana_danco;波利乐舞[bō lì yuè wǔ]
bolivudo;;宝莱坞[bǎo lái wù]
bolŝeviko;bolsxevik.0o.POL;极端份子[jí duān fèn zǐ]
bolŝeviko;bolsxevik.0o.POL;苏联共产党员[sū lián gòng chǎn dǎng yuán]
bolti;bolt.0i.TEK;拧紧螺丝[níng jǐn luó sī]
boltingo;bolt.0ingo.TEK;垫圈[diàn juàn]
boltingo;bolt.0ingo.TEK;垫片[diàn piàn]
bolto;bolt.0o.TEK;螺輪汽船[luó lún qì chuán]
bolto;bolt.0o.TEK;螺旋形的东西[luó xuán xíng de dōng xi]
bombado;bomb.0ado.MIL;大轟炸[dà hōng zhà]
bombado;bomb.0ado.MIL;炮火[pào huǒ]
bombo;bomb.0o.armilo;爆炸物[bào zhà wù]
bombo;bomb.0o.armilo;引爆装置[yǐn bào zhuāng zhì]
bombo;bomb.0o.armilo;爆炸装置[bào zhà zhuāng zhì]
bombo;bomb.0o.armilo;炸弹[zhà dàn]
horloĝbombo;bomb.horlogx0o.ARM;定时炸弹[dìng shí zhà dàn]
bombako;bombak.0o.BOT;木棉[mù mián]
bombardi;bombar.0i.MIL;轟炸[hōng zhà]
bombardi;bombar.0i.MIL;检获[jiǎn huò]
bombono;bombon.0o.KUI;糖果[táng guǒ]
bone;bon.0e.maniero;干得好[gàn dé hǎo]
bone;bon.0e.maniero;得手[dé shǒu]
bone;bon.0e.konsentite;好不好[hǎo bù hǎo]
bone;bon.0e.konsentite;好吧[hǎo ba]
boneco;bon.0eco.kvalito;佳度[jiā dù]
boneco;bon.0eco.humaneco;恩[ēn]
komuna bono;bon.komuna0o.FIL;公共福利[gōng gòng fú lì]
bonulo;;恩人[ēn rén]
malbona;bon.mal0a.malfelicxa;恶劣[è liè]
malbona;bon.mal0a.malfelicxa;不賺錢[bù zhuàn qián]
malbona;bon.mal0a.malfelicxa;不順[bù shùn]
malbona;bon.mal0a.maltauxga;蹩脚[bié jiǎo]
malbona;bon.mal0a.maltauxga;不良[bù liáng]
malbona;bon.mal0a.maltauxga;不太好[bù tài hǎo]
malbona;bon.mal0a.malhumana;邪恶[xié è]
malbona;bon.mal0a.malhumana;恶性[è xìng]
malbona;bon.mal0a.malhumana;恶毒[è dú]
malbona;bon.mal0a.malhumana;孬[nāo]
malbonaĵo;bon.mal0ajxo.faro;不幸和罪恶之源[bù xìng huó zuì è zhī yuán]
malbonaĵo;bon.mal0ajxo.faro;浩劫[hào jié]
malbonaĵo;bon.mal0ajxo.okazajxo;不順利的事[bù shùn lì de shì]
malbonaĵo;bon.mal0ajxo.okazajxo;背运[bèi yùn]
malbonaĵo;bon.mal0ajxo.okazajxo;恶运[è yùn]
malboniĝi;bon.mal0igxi.KOMUNE;变馊[biàn sōu]
malboniĝi;bon.mal0igxi.KOMUNE;变坏[biàn huài]
malbono;bon.mal0o.ajxo;不順利的事[bù shùn lì de shì]
malbono;bon.mal0o.ajxo;逆境[nì jìng]
malbono;bon.mal0o.ajxo;閃失[shǎn shī]
malbono;bon.mal0o.ajxo;不幸之事[bù xìng zhī shì]
plibonigi;bon.pli0igi.KOMUNE;改进[gǎi jìn]
plibonigi;bon.pli0igi.KOMUNE;繩正[shéng zhèng]
plibonigi;bon.pli0igi.KOMUNE;完善[wán shàn]
plibonigi;bon.pli0igi.KOMUNE;增強了[zēng qiáng liǎo]
plibonigi;bon.pli0igi.KOMUNE;矫正[jiǎo zhèng]
plibonigi;bon.pli0igi.KOMUNE;进步[jìn bù]
plibonigi;bon.pli0igi.KOMUNE;糾正[jiū zhèng]
rebonigi;bon.re0igi.KOMUNE;葺[qì]
rebonigi;bon.re0igi.KOMUNE;补正[bǔ zhèng]
bongo;bong.0o.MUZ;邦戈鼓[bāng gē gǔ]
bongo;bong.0o.MUZ;邦哥鼓[bāng gē gǔ]
bonobo;bonob.0o.ZOO;倭黑猩猩[wō hēi xīng xing]
bonsajo;bonsaj.0o.arbo;盆景[pén jǐng]
bonsajo;bonsaj.0o.arbo;盆景树[pén jǐng shù]
bonuso;bonus.0o.EKON;額外品[é wài pǐn]
bonuso;bonus.0o.EKON;花紅[huā hóng]
bonuso;bonus.0o.EKON;紅包[hóng bāo]
bori;bor.0i.TEK;鑽進[zuān jìn]
bori;bor.0i.TEK;鑽鑿[zuān záo]
bori;bor.0i.TEK;穿孔[chuān kǒng]
bori;bor.0i.TEK;貫通[guàn tōng]
bori;bor.0i.TEK;凿洞[záo dòng]
bori;bor.0i.TEK;貫[guàn]
borilo;bor.0ilo.TEK;穿孔者[chuān kǒng zhě]
borilo;bor.0ilo.TEK;打眼工[dǎ yǎn gōng]
borilo;bor.0ilo.TEK;电钻[diàn zuàn]
borilo;bor.0ilo.TEK;蛀虫[zhù chóng]
borilo;bor.0ilo.TEK;鑽工[zuān gōng]
borilo;bor.0ilo.TEK;鑽孔的蟲[zuān kǒng de chóng]
borilo;bor.0ilo.TEK;鑽孔器[zuān kǒng qì]
borilo;bor.0ilo.TEK;鑽子[zuàn zi]
borilo;bor.0ilo.TEK;鑽[zuān]
borilo;bor.0ilo.TEK;鑚子[zuàn zǐ]
trabori;bor.tra0i.TEK;鉾[móu]
trabori;bor.tra0i.TEK;厹[qiú]
trabori;bor.tra0i.TEK;鎩[shā]
trabori;bor.tra0i.TEK;穿洞[chuān dòng]
trabori;bor.tra0i.TEK;鏦[cōng]
trabori;bor.tra0i.TEK;貫通[guàn tōng]
trabori;bor.tra0i.TEK;貫[guàn]
bordo;bord.0o.GEOG;津岸[jīn àn]
bordo;bord.0o.GEOG;津涯[jīn yá]
bordo;bord.0o.GEOG;海滨[hǎi bīn]
albordiĝejo;bord.al0igxejo.MAR;停泊处[tíng bó chù]
borderi;border.0i.iu;縿[shān]
Bordozo;bordoz.0o.urbo;波尔多[bō ěr duō]
Boriso;boris.0o.NOM;鮑裡斯[bào lǐ sī]
borno;born.0o.SNC;端子[duān zi]
borno;born.0o.SNC;卡子[qiǎ zi]
Borneo;borne.0o.insulo;婆罗洲[pó luó zhōu]
borneolo;borneol.0o.KEM;冰片[bīng piàn]
borneolo;borneol.0o.KEM;片脑[piàn nǎo]
borsejo;bors.0ejo.EKON;證券交易所[zhèng quàn jiāo yì suǒ]
borso;;股市[gǔ shì]
borso;;交易所[jiāo yì suǒ]
borso;;證券交易[zhèng quàn jiāo yì]
borso;;外匯買賣[wài huì mǎi mài]
borso;;股票交易[gǔ piào jiāo yì]
bosanovo;bosanov.0o.MUZ;巴萨诺瓦[bā sà nuò wǎ]
Bosnujo;bosn.B0ujo.GEOG;波斯尼亞區[bō sī ní yà qū]
Bosnujo kaj Hercegovino;bosn.B0ujoHercegovino.sxtato;波斯尼亚和黑塞哥维那[bō sī ní yà hè hēi sāi gē wéi nà]
Bosnujo kaj Hercegovino;bosn.B0ujoHercegovino.sxtato;波黑[bō hēi]
boto;bot.0o.TEKS;靴[xuē]
boto;bot.0o.TEKS;靴形酒杯[xuē xíng jiǔ bēi]
boto;bot.0o.TEKS;靴子[xuē zi]
boteto;;短統靴[duǎn tǒng xuē]
rajdboto;bot.rajd0o.TEKS;馬靴[mǎ xuē]
botaniko;botani.0o.SCI;植物学[zhí wù xué]
botaŭro;botaux.0o.ZOO;大麻鳽[dà má yán]
boteleto;botel.0eto.VAZ;小瓶[xiǎo píng]
boteleto;botel.0eto.VAZ;任何瓶状容器[rèn hé píng zhuàng róng qì]
boteleto;botel.0eto.VAZ;長頸瓶[cháng jǐng píng]
brulbotelo;botel.brul0o.ARM;莫諾託伕雞尾酒[mò nuò tuō fū jī wěi jiǔ]
brulbotelo;botel.brul0o.ARM;莫諾託夫雞尾酒[mò nuò tuō fū jī wěi jiǔ]
brulbotelo;botel.brul0o.ARM;燃烧瓶[rán shāo píng]
botelo;botel.0o.VAZ;瓶子[píng zi]
gasbotelo;botel.gas0o.ujo;鋼瓶[gāng píng]
varmbotelo;botel.varm0o.VAZ;保温瓶[bǎo wēn píng]
varmbotelo;botel.varm0o.VAZ;暖瓶[nuǎn píng]
varmbotelo;botel.varm0o.VAZ;热水瓶[rè shuǐ píng]
suĉbotelo;;奶瓶[nǎi píng]
bovaĵo;bov.0ajxo.KUI;炒牛肉[chǎo niú ròu]
bovaĵo;bov.0ajxo.KUI;鍋酥牛肉[guō sū niú ròu]
bovaĵo;bov.0ajxo.KUI;酱牛肉[jiàng niú ròu]
bovido;bov.0ido.AGR;牛犊[niú dú]
bovido;bov.0ido.AGR;小牛[xiǎo niú]
bovo;bov.0o.ZOO;高角羚[gāo jiǎo líng]
Bovo;bov.B0o.AST;金牛[jīn niú]
Bovo;bov.B0o.AST;金牛座[jīn niú zuò]
gruntbovo;;氂牛[máo niú]
gruntbovo;;犛[lí]
virbovo;bov.vir0o.AGR;种牛[zhǒng niú]
virbovo;bov.vir0o.AGR;牯牛[gǔ niú]
virbovo;bov.vir0o.AGR;公牛[gōng niú]
bovlo;;盎[àng]
bovlo;;碗[wǎn]
bovlingo;bovling.0o.SPO;保齡球[bǎo líng qiú]
brakenbrake;brak.0en0e.MIEN;交臂[jiāo bì]
brakenbrake;brak.0en0e.MIEN;把臂[bǎ bì]
brako;brak.0o.sxultro_gxis_kubuto;上臂[shàng bì]
brako;brak.0o.sxultro_gxis_kubuto;臑[nào]
brako;brak.0o.sxultro_gxis_kubuto;臂[bì]
antaŭbrako;brak.antaux0o.ANA;前臂[qián bì]
antaŭbrako;brak.antaux0o.ANA;腋下[yè xià]
ĉirkaŭbraki;brak.cxirkaux0i.brakumi;紧抱[jǐn bào]
ĉirkaŭbraki;brak.cxirkaux0i.brakumi;紧紧拥抱[jǐn jǐn yōng bào]
ĉirkaŭbraki;brak.cxirkaux0i.brakumi;搂[lǒu]
ĉirkaŭbraki;brak.cxirkaux0i.brakumi;抱[bào]
ĉirkaŭbraki;brak.cxirkaux0i.brakumi;拥抱[yōng bào]
ĉirkaŭbraki;brak.cxirkaux0i.brakumi;抱拥[bào yōng]
ĉirkaŭbraki;brak.cxirkaux0i.brakumi;揽入怀中[lǎn rù huái zhōng]
enbrakigi;brak.en0igi.cxirkauxbraki;揽[lǎn]
enbrakigi;brak.en0igi.cxirkauxbraki;抱抱[bào bào]
subbrako;brak.sub0o.ANA;胳[gē]
subbrako;brak.sub0o.ANA;肩部的部份[jiān bù de bù fen]
subbrako;brak.sub0o.ANA;肩枪姿势[jiān qiāng zī shì]
subbrako;brak.sub0o.ANA;裉[kèn]
subbrako;brak.sub0o.ANA;夹肢窝[gā zhi wō]
branĉo;brancx.0o.BOT;枝[zhī]
branĉo;brancx.0o.FIG;产业[chǎn yè]
Brandenburgo;brande.0o.lando;勃兰登堡[bó lán dēng bǎo]
Brandenburgo;brande.0o.urbo;哈弗尔河畔勃兰登堡市[hā fú ěr hé pàn bó lán dēng bǎo shì]
branko;brank.0o.ZOO;鰓[sāi]
branko;brank.0o.ZOO;腮[sāi]
brankardo;branka.0o.MED;担架[dān jià]
burĝonbrasiko;brasik.burgxon0o.BOT;抱子甘蓝[bào zǐ gān lán]
burĝonbrasiko;brasik.burgxon0o.BOT;小椰菜[xiǎo yé cài]
florbrasiko;brasik.flor0o.BOT;蒜茸花椰菜[suan rong hua ye cai]
florbrasiko;brasik.flor0o.BOT;花篮[huā lán]
florbrasiko;brasik.flor0o.BOT;花椰菜[huā yé cài]
florbrasiko;brasik.flor0o.BOT;椰菜花[yé cài huā]
florbrasiko;brasik.flor0o.BOT;花菜[huā cài]
florbrasiko;brasik.flor0o.BOT;菜花[cài huā]
tigobrasiko;brasik.tigo0o.BOT;擘蓝[bò lán]
tigobrasiko;brasik.tigo0o.BOT;撇蓝[piē lán]
tigobrasiko;brasik.tigo0o.BOT;蓝[la]
tigobrasiko;brasik.tigo0o.BOT;苤[piě]
tigobrasiko;brasik.tigo0o.BOT;苤蓝[piě lán]
brava;brav.0a.kuragxa;強悍[qiáng hàn]
brava;brav.0a.kuragxa;颯爽[sà shuǎng]
brava;brav.0a.kuragxa;神勇[shén yǒng]
brava;brav.0a.kuragxa;撊[xiàn]
brava;brav.0a.kuragxa;雄赳赳[xióng jiū jiū]
brava;brav.0a.kuragxa;勇敢地[yǒng gǎn de]
brava;brav.0a.kuragxa;勇武[yǒng wǔ]
brava;brav.0a.honesta;良善[liáng shàn]
bravulino;;巾帼英雄[jīn guó yīng xióng]
bravulino;;女英雄[nǚ yīng xióng]
bravulino;;女中豪傑[nǚ zhōng háo jié]
bravulo;brav.0ulo.KOMUNE;好汉[hǎo hàn]
bravulo;brav.0ulo.KOMUNE;傑[jié]
Brazavilo;brazavil.0o.cxefurbo;布拉柴維爾[bù lā chái wéi ěr]
breco;brec.0o.KUI;字形面包[zì xíng miàn bāo]
breco;brec.0o.KUI;椒盐卷饼[jiāo yán juǎn bǐng]
breco;brec.0o.KUI;扭結面包[niǔ jié miàn bāo]
breĉeto;brecx.0eto.KOMUNE;鋸齒形缺口[jū chǐ xíng quē kǒu]
breĉeto;brecx.0eto.KOMUNE;凹痕[āo hén]
breĉi;brecx.0i.KOMUNE;劈[pǐ]
breĉo;brecx.0o.KOMUNE;断层[duàn céng]
breĉo;brecx.0o.KOMUNE;断裂[duàn liè]
bredado;bred.0ado.AGR;培育[péi yù]
bredejo;;畜牧场[xù mù chǎng]
bredi;bred.0i.AGR;馴養[xún yǎng]
bredi;bred.0i.AGR;培植[péi zhí]
bredi;bred.0i.AGR;栽培[zāi péi]
bredisto;bred.0isto.AGR;育种家[yù zhǒng jiā]
bredisto;bred.0isto.AGR;种畜[zhǒng chù]
Bremo;brem.0o.urbo;不來梅[bù lái méi]
Bremo;brem.0o.urbo;布來梅[bù lái méi]
Bremo;brem.0o.urbo;不莱梅[bù lái méi]
Bremeno;bremen.0o.urbo;不來梅[bù lái méi]
Bremeno;bremen.0o.urbo;布來梅[bù lái méi]
Bremeno;bremen.0o.urbo;不莱梅[bù lái méi]
bremsi;brems.0i.FIG;减缓[jiǎn huǎn]
bremsi;brems.0i.FIG;緩和[huǎn hé]
bremsi;brems.0i.MAS;煞車[shā chē]
bremsi;brems.0i.MAS;煞[shā]
bremsi;brems.0i.MAS;刹住车[shā zhù chē]
bremsi;brems.0i.MAS;降速[jiàng sù]
bremso;brems.0o.MAS;制动机构[zhì dòng jī gòu]
bremso;brems.0o.MAS;制动器[zhì dòng qì]
bremso;brems.0o.MAS;制动系[zhì dòng xì]
bremso;brems.0o.MAS;蜚[fěi]
bremso;brems.0o.MAS;煞車[shā chē]
bremso;brems.0o.MAS;刹挚[chà zhì]
bremso;brems.0o.MAS;刹车闸[shā chē zhá]
bremso;brems.0o.MAS;刹车[shā chē]
bremsŝuo;brems.0sxuo.MAS;閘瓦[zhá wǎ]
bretaro;bret.0aro.MEBL;貨架[huò jià]
bretaro;bret.0aro.MEBL;架[jià]
breto;bret.0o.MEBL;棋盘[qí pán]
breto;bret.0o.MEBL;牏[tóu]
breto;bret.0o.MEBL;滑雪板[huá xuě bǎn]
breto;bret.0o.MEBL;跳板[tiào bǎn]
breto;bret.0o.MEBL;木板[mù bǎn]
breto;bret.0o.MEBL;板[bǎn]
librobretaro;bret.libro0aro.MEBL;断层式书架[duàn céng shì shū jià]
librobretaro;bret.libro0aro.MEBL;书架[shū jià]
librobretaro;bret.libro0aro.MEBL;图书架[tú shū jià]
librobretaro;bret.libro0aro.MEBL;书柜[shū guì]
breviero;brevie.0o.KAT;精华录[jīng huá lù]
bridi;brid.0i.FIG;路边[lù biān]
bridi;brid.0i.malrapidigi;約束[yuē shù]
bridi;brid.0i.malrapidigi;勒[lè]
bridi;brid.0i.malrapidigi;克制[kè zhì]
bridi;brid.0i.malrapidigi;缰[jiāng]
bridi;brid.0i.FIG;韁繩[jiāng sheng]
brido;brid.0o.RAJ;繮繩[jiāng shéng]
brido;brid.0o.RAJ;馬銜[mǎ xián]
brido;brid.0o.RAJ;韁繩[jiāng sheng]
nebridebla;brid.ne0ebla.KOMUNE;横[hèng]
nebridebla;brid.ne0ebla.KOMUNE;虣[bào]
nebridebla;brid.ne0ebla.KOMUNE;悍[hàn]
nebridebla;brid.ne0ebla.KOMUNE;盭[lì]
nebridebla;brid.ne0ebla.KOMUNE;狂烈[kuáng liè]
nebridebla;brid.ne0ebla.KOMUNE;狂躁[kuáng zào]
senbrida;brid.sen0a.FIG;浪[làng]
senbrida;brid.sen0a.FIG;过度[guò dù]
senbrida;brid.sen0a.RAJ;上脸[shàng liǎn]
senbrida;brid.sen0a.RAJ;停不下來[tíng bù xià lái]
senbrida;brid.sen0a.RAJ;刹不住[chà bú zhù]
senbrida;brid.sen0a.RAJ;沒有約束[méi yǒu yuē shù]
senbrida;brid.sen0a.RAJ;沒有限制[méi yǒu xiàn zhì]
senbrida;brid.sen0a.RAJ;狂烈[kuáng liè]
senbridigi;brid.sen0igi.FIG;听其自然[tìng qí zì rán]
senbridigi;brid.sen0igi.FIG;听任[tìng rèn]
senbridigi;brid.sen0igi.FIG;順其自然[shùn qí zì rán]
senbridigi;brid.sen0igi.FIG;无为[wú wéi]
brigado;brigad.0o.MIL;团[tuán]
brigado;brigad.0o.FIG;一組[yī zǔ]
brigado;brigad.0o.FIG;一队[yī duì]
briko;brik.0o.bakita;建筑用砖[jiàn zhù yòng zhuān]
briko;brik.0o.bakita;耐火砖[nài huǒ zhuān]
briko;brik.0o.bakita;砌砖[qì zhuān]
brileto;bril.0eto.KOMUNE;微光[wēi guāng]
brileto;bril.0eto.KOMUNE;一線微光[yī xiàn wéi guāng]
brili;;閃閃發光[shǎn shǎn fā guāng]
brili;;擦亮[cā liàng]
brili;;引人注目[yǐn rén zhù mù]
brili;;一線微光[yī xiàn wéi guāng]
senbrila;bril.mal0a.lume;幽幽[yōu yōu]
rebrili;bril.re0i.FIZ;反映[dì wèi]
trembrili;;搖曳[yáo yè]
trembrili;;一閃一閃[yī shǎn yī shǎn]
trembrili;;忽悠[hū yōu]
trembrili;;閃閃發光[shǎn shǎn fā guāng]
trembrili;;熒熒[yíng yíng]
trembrili;;閃爍[shǎn shuò]
brilianto;brilia.0o.MIN;鑽[zuān]
brilianto;brilia.0o.MIN;鑽石[zuàn shí]
Bristolo;bristol.0o.urbo;布里斯托[bù lǐ sī tuō]
Bristolo;bristol.0o.urbo;布裡斯託爾[bù lǐ sī tuō ěr]
Brita Insularo;brit.B0aInsularo.GEOG;不列顛群島[bù liè diān qún dǎo]
Britujo;brit.B0ujo.GEOG;英[yīng]
Britujo;brit.B0ujo.GEOG;大不列顚[dà bù liè diān]
Britujo;brit.B0ujo.GEOG;不列顛[bú liè diān]
Britio;briti.B0o.sxtato;大不列顚[dà bù liè diān]
Britio;briti.B0o.sxtato;英[yīng]
brizo;briz.0o.MET;輕風[qīng fēng]
brizo;briz.0o.MET;和風[hé fēng]
brizo;briz.0o.MET;微風[wēi fēng]
Brno;brn.0o.urbo;布尔诺[bù ěr nuò]
broĉo;brocx.0o.JUV;飾針[shì zhēn]
broĉo;brocx.0o.JUV;胸針[xiōng zhēn]
brogaĵo;brog.0ajxo.akvo;打卤面[dǎ lǔ miàn]
brogaĵo;brog.0ajxo.akvo;汤[tāng]
brogi;brog.0i.KUI;烫[tàng]
brogi;brog.0i.KUI;滑炒[huá chǎo]
brogi;brog.0i.vundi;烫伤[tàng shāng]
brokantaĵo;brokan.0ajxo.EKON;二手貨[èr shǒu huò]
bronzaĵo;bronz.0ajxo.BELA;青銅器[qīng tóng qì]
bronzo;bronz.0o.KEM;青銅[qīng tóng]
bronzo;bronz.0o.KEM;青銅藝術製品[qīng tóng yì shù zhì pǐn]
brosi;bros.0i.HEJM;刷掉[shuā diào]
brosi;bros.0i.HEJM;刷去[shuā qù]
brosi;bros.0i.HEJM;刷[shuā]
brosi;bros.0i.HEJM;梳理[shū lǐ]
broso;bros.0o.HEJM;炭精刷[tàn jīng shuā]
broso;bros.0o.HEJM;銅刷[tóng shuā]
broso;bros.0o.HEJM;刷[shuā]
broso;bros.0o.HEJM;刷子[shuā zi]
broso;bros.0o.HEJM;毛刷[máo shuà]
dentobroso;bros.dent0o.KOS;牙刷[yá shuā]
harbroso;bros.har0o.KOS;发刷[fà shuā]
broŝuri;;線訂[xiàn dìng]
broŝuri;;織好[zhī hǎo]
broŝuri;;綁好[bǎng hǎo]
broŝuri;;織[zhī]
broŝuri;;系上[xì shàng]
broŝuro;brosxu.0o.TIP;薄本书[bó běn shū]
broŝuro;brosxu.0o.TIP;平装书[píng zhuāng shū]
broŝuro;brosxu.0o.TIP;小冊[xiǎo cè]
broŝuro;brosxu.0o.TIP;小冊子[xiǎo cè zi]
broŝuro;brosxu.0o.TIP;小书[xiǎo shū]
brovo;brov.0o.ANA;眉[méi]
brovo;brov.0o.ANA;眉毛[méi máo]
brovo;brov.0o.ANA;眉尖[méi jiān]
brovo;brov.0o.ANA;眉毛[méi mao]
brua;bru.0a.FIG;引起轟動[yǐn qǐ hōng dòng]
brua;bru.0a.FIG;耸人听闻[sǒng rén tīng wén]
brua;bru.0a.lauxta;噪杂[zào zá]
brui;bru.0i.FIG;招搖[zhāo yáo]
brui;bru.0i.krii;大吹大擂[dà chuī dà léi]
brui;bru.0i.soni;哗哗[huā huā]
brui;bru.0i.soni;喧闹[xuān nào]
bruo;;噪声[zào shēng]
brula;brul.0a.brulanta;烤[kǎo]
brula;brul.0a.brulanta;驕陽如伙[jiāo yáng rú huǒ]
brula;brul.0a.bruligebla;易燃的[yì rán de]
brulego;brul.0ego.KOMUNE;燹[xiǎn]
bruli;brul.0i.konsumi;烧掉[shāo diào]
bruli;brul.0i.konsumigxi;燃起[rán qǐ]
bruli;brul.0i.konsumigxi;燃烧[rán shāo]
bruligaĵo;brul.0igajxo.KOMUNE;荛[ráo]
bruligaĵo;brul.0igajxo.KOMUNE;薪[xīn]
bruligaĵo;brul.0igajxo.KOMUNE;燃料[rán liào]
bruligaĵo;brul.0igajxo.KOMUNE;燃烧物[rán shāo wù]
bruligi;brul.0igi.konsumigi;火辣辣[huǒ lā lā]
bruligi;brul.0igi.konsumigi;烧掉[shāo diào]
bruligi;brul.0igi.konsumigi;有糊味[yǒu hú wèi]
bruligi;brul.0igi.konsumigi;烧焦[shāo jiāo]
bruligi;brul.0igi.konsumigi;烫[tàng]
bruligi;brul.0igi.konsumigi;焚[fén]
brulilo;brul.0ilo.TEK;燃烧器[rán shāo qì]
brulilo;brul.0ilo.TEK;烧火的人[shāo huǒ de rén]
brulilo;brul.0ilo.TEK;烧录机[shāo lù jī]
brulilo;brul.0ilo.TEK;烧嘴[shāo zuǐ]
brulilo;brul.0ilo.TEK;灯[dēng]
brulilo;brul.0ilo.TEK;喷嘴[pēn zuǐ]
brulo;;自动开火[zì dòng kāi huǒ]
brulo;;火势[huǒ shì]
albruli;brul.al0i.KUI;烧过[shāo guò]
albruli;brul.al0i.KUI;烧焦[shāo jiāo]
ekbruligi;brul.ek0igi.KOMUNE;点火[diǎn huǒ]
ekbruligi;brul.ek0igi.KOMUNE;点火燃烧[diǎn huǒ rán shāo]
ekbruligi;brul.ek0igi.KOMUNE;点着[diǎn zháo]
ekbruligi;brul.ek0igi.KOMUNE;点燃[diǎn rán]
Brunejo;brunej.B0o.GEOG;文莱[wén lái]
Bruselo;brusel.B0o.urb;比利时首都[bǐ lì shí shǒu dū]
Bruselo;brusel.B0o.urb;布魯塞爾[bù lǔ sè ěr]
bruski;brusk.0i.KOMUNE;冒犯[mào fàn]
bruski;brusk.0i.KOMUNE;得罪人[dé zuì rén]
brusto;brust.0o.mamo;胸脯[xiōng pú]
surbrustaĵo;brust.sur0ajxo.KOMUNE;紧身围腰[jǐn shēn wéi yāo]
bruta;brut.0a.FIG;不講理[bù jiǎng lǐ]
bruta;brut.0a.FIG;血腥[xuè xīng]
bruta;brut.0a.FIG;残[cán]
bruta;brut.0a.FIG;強暴[qiáng bào]
bruta;brut.0a.FIG;残酷[cán kù]
brutaro;brut.0aro.AGR;牲畜[shēng chù]
brutaro;brut.0aro.AGR;牲口[shēng kǒu]
brutaro;brut.0aro.AGR;家畜[jiā chù]
brutaro;brut.0aro.AGR;存栏量[cún lán liàng]
bruto;brut.0o.AGR;畜生[chù shēng]
bruto;brut.0o.AGR;牲[shēng]
brutala;brutal.0a.FIG;不講理[bù jiǎng lǐ]
brutala;brutal.0a.FIG;血腥[xuè xīng]
brutala;brutal.0a.FIG;残[cán]
brutala;brutal.0a.perforta;強暴[qiáng bào]
brutala;brutal.0a.perforta;残酷[cán kù]
bubaĉo;bub.0acxo.HOM;頑童[wán tóng]
bubo;bub.0o.infano;崽[zǎi]
bubino;;臭小子[chòu xiǎo zi]
bubalo;bubal.0o.ZOO;水牛[shuǐ niú]
bucero;bucer.0o.ZOO;犀鳥科[xī niǎo kē]
buĉejo;bucx.0ejo.KOMUNE;肉类加工厂[ròu lèi jiā gōng chǎng]
buĉejo;bucx.0ejo.KOMUNE;公共屠宰场[gōng gòng tú zǎi chǎng]
buĉejo;bucx.0ejo.KOMUNE;屠宰场[tú zǎi chǎng]
buĉejo;bucx.0ejo.FIG;疆场[jiāng chǎng]
buĉejo;bucx.0ejo.FIG;战地[zhàn dì]
buĉi;bucx.0i.KOMUNE;被屠宰[bèi tú zǎi]
buĉi;bucx.0i.FIG;宰杀[zǎi shā]
buĉi;bucx.0i.FIG;屠[tú]
buĉisto;;屠戶[tú hù]
buĉisto;;屠夫[tú fū]
buĉisto;;宰杀[zǎi shā]
buĉisto;;卖肉的[mài ròu de]
budo;bud.0o.ARKI;摊子[tān zi]
budo;bud.0o.ARKI;棚子[péng zi]
muzikbudo;bud.muzik0o.ARKI;演奏台[yǎn zòu tái]
muzikbudo;bud.muzik0o.ARKI;音乐台[yīn yuè tái]
provbudo;bud.prov0o.TEKS;試衣間[shì yī jiān]
telefonbudo;bud.telefon0o.TEL;电话亭[diàn huà tíng]
telefonbudo;bud.telefon0o.TEL;公用电话亭[gōng yòng diàn huà tíng]
budaismo;buda.0ismo.BUD;僧[sēng]
budaismo;buda.0ismo.BUD;佛教[fó jiào]
budaismo;buda.0ismo.BUD;佛門[fó mén]
budaismo;buda.0ismo.BUD;佛学[fó xué]
budaismo;buda.0ismo.BUD;释教[shì jiào]
budaismo;buda.0ismo.BUD;象教[xiàng jiào]
budaisto;buda.0isto.BUD;佛教徒[fó jiào tú]
budao;;佛[fó]
budao;;佛陀[fó tuó]
budao;;佛爷[fó ye]
budao;;浮图[fú tú]
budao;;老佛爷[lǎo fó ye]
budao;;六根[liù gēn]
budao;;如來彿[rú lái fú]
Budapeŝto;budapesxt.0o.cxefurbo;布达佩斯[bù dá pèi sī]
budleo;budle.0o.BOT;蜜蒙花[mì méng huā]
bufedo;;自助餐[zì zhù cān]
bufedo;;自助餐柜台[zì zhù cān guì tái]
bufro;bufr.0o.TEK;緩沖器[huǎn chōng qì]
bufro;bufr.0o.TEK;减震器[jiǎn zhèn qì]
bufro;bufr.0o.TEK;消音器[xiāo yīn qì]
bufro;bufr.0o.POL;緩衝區[huǎn chōng qū]
bufro;bufr.0o.KOMP;緩沖存儲器[huǎn chōng cún chǔ qì]
bufro;bufr.0o.KOMP;緩存[huǎn cún]
bufro;bufr.0o.KOMP;緩衝台[huǎn chōng tái]
bufono;;傻子[shǎ zi]
buĝeti;bugxet.0i.EKON;出資[chū zī]
buĝeti;bugxet.0i.EKON;集資[jí zī]
buĝeti;bugxet.0i.EKON;提供資金[tí gōng zī jīn]
buĝeti;bugxet.0i.EKON;融通[róng tōng]
buĝeto;bugxet.0o.disponebla_sumo;預算[yù suàn]
buĝeto;bugxet.0o.disponebla_sumo;預算案[yù suàn àn]
buĝeto;bugxet.0o.EKON_plana;財政預算案[cái zhèng yù suàn àn]
buĝeto;bugxet.0o.EKON_plana;預算計劃[yù suàn jì huà]
buĝeto;bugxet.0o.EKON_efektiva;家庭財產[jiā tíng cái chǎn]
buĥto;buhxt1.0o.GEOG;隩[yù]
buĥto;buhxt1.0o.GEOG;海湾[hǎi wān]
buĥto;buhxt1.0o.GEOG;湾[wān]
bukedo;buked.0o.fasko;施特劳斯[shī tè láo sī]
bukedo;buked.0o.fasko;争执[zhēng zhí]
buklilo;bukl.0ilo.KOS;卷发夹子[juǎn fà jiā zi]
buklo;bukl.0o.hara;鬈发[quán fǎ]
buligi;bul.0igi.KOMUNE;球化[qiú huà]
buligi;bul.0igi.KOMUNE;成球[chéng qiú]
bulo;;丸子[wán zi]
bulo;;团[tuán]
bulo;;土块[tǔ kuài]
buliĝi;;成团[chéng tuán]
harbulo;bul.har0o.KOS;纂[zuǎn]
harbulo;bul.har0o.KOS;髻[jì]
harbulo;bul.har0o.KOS;纂儿[zuǎn ēr]
karbobuleto;bul.karbo0eto.HEJM;型煤[xíng méi]
bulbo;;鱗莖[lín jīng]
bulbo;;球葱[qiú cōng]
bulbo;;洋葱[yáng cōng]
bulbo;;蒜头[suàn tóu]
buldogo;buldog.0o.ZOO;斗牛狗[dòu niú gǒu]
buldogo;buldog.0o.ZOO;牛头犬[niú tóu quǎn]
buldogo;buldog.0o.ZOO;左輪手槍[zuǒ lún shǒu qiāng]
bulea;;布尔[bù ěr]
Bulgarujo;bulgar.B0ujo.KOMUNE;保加利亚[bǎo jiā lì yà]
Bulgario;bulgari.B0o.GEOG;保加利亚[bǎo jiā lì yà]
bulimio;bulimi.0o.malsano;暴食症[bào shí zhèng]
buljono;buljon.0o.KUI;汤[tāng]
buljono;;淸湯[qīng tāng]
buljono;;白汤[bái tāng]
bulko;bulk.0o.paneto;小面包[xiǎo miàn bāo]
bumerango;bumerang.0o.MIL;飛去來器[fēi qù lái qì]
bunkro;bunkr.0o.sxirmejo;碉堡[diāo bǎo]
bunkro;bunkr.0o.sxirmejo;煤仓[méi cāng]
bunkro;bunkr.0o.sxirmejo;避弹室[bì dàn shì]
bunta;bunt.0a.KOL;花色的[huā sè de]
bunta;bunt.0a.KOL;五彩繽紛[wǔ cǎi bīn fēn]
bunta;bunt.0a.KOL;有色的[yǒu sè de]
bunta;bunt.0a.KOL;猥[wěi]
bunta;bunt.0a.KOL;灰白[huī bái]
bunta;bunt.0a.KOL;采采[cǎi cǎi]
bunta;bunt.0a.KOL;花[huā]
bunta;bunt.0a.KOL;彩色的[cǎi sè de]
bunta;bunt.0a.FIG;猥杂[wěi zá]
bunta;bunt.0a.FIG;花哨[huā shao]
bunteco;bunt.0eco.KOL;多样性[duō yàng xìng]
Burbonoj;burbon1.0oj.gento;波旁王朝[bō páng wáng cháo]
burdo;burd.0o.ZOO;丸花蜂[wán huā fēng]
burdo;burd.0o.ZOO;熊蜂[xióng fēng]
burdo;burd.0o.ZOO;花蜂[huā fēng]
bureo;bure.0o.danco;布列[bù liè]
burĝo;burgx.0o.kapitalisto;資本家[zī běn jiā]
burĝo;burgx.0o.etburgxo;資產階級[zī chǎn jiē jí]
burĝono;burgxo.0o.BOT;蓓蕾[bèi lěi]
burĝono;burgxo.0o.BOT;朵[duǒ]
burĝono;burgxo.0o.BOT;含苞[hán bāo]
burĝono;burgxo.0o.FIG;芽体[yá tǐ]
burĝoni;burgxo.0i.BOT;萌[méng]
burĝoni;burgxo.0i.BOT;薆[ài]
burĝoni;burgxo.0i.FIG;全盛[quán shèng]
burko;burk.0o.islamo;波卡[bō kǎ]
Burkino;burkin.B0o.GEOG;布基納法索[bù jī nà fǎ suǒ]
Burkino;burkin.B0o.GEOG;布吉納法索[bù jí nà fǎ suǒ]
buroo;buro.0o.POL;管理处[guǎn lǐ chù]
burokrataro;burokr.0aro.POL;宦海[huàn hǎi]
burokratio;burokrati.0o.burokrataro;宦海[huàn hǎi]
burokratio;burokrati.0o.burokratismo;公务员作风[gōng wù yuán zuò fēng]
burokratio;burokrati.0o.burokratismo;官僚政治[guān liáo zhèng zhì]
burokratio;burokrati.0o.burokratismo;形式主义[xíng shì zhǔ yì]
burokratio;burokrati.0o.burokratismo;官僚主义[guān liáo zhǔ yì]
burokratio;burokrati.0o.burokratismo;官僚制[guān liáo zhì]
burokratio;burokrati.0o.burokratismo;科层制[kē céng zhì]
burokrato;burokr.0o.malsxate;官僚主义者[guān liáo zhǔ yì zhě]
burokrato;burokr.0o.malsxate;僚[liáo]
burokrato;burokr.0o.malsxate;官僚[guān liáo]
Burundo;burund.B0o.GEOG;布隆迪[bù lóng dí]
Burundo;burund.B0o.GEOG;蒲隆地[pú lóng dì]
buso;bus.0o.AUT;客車[kè chē]
buso;bus.0o.AUT;公共汽車[gōng gòng qì chē]
buso;bus.0o.AUT;游览车[yóu lǎn chē]
buso;bus.0o.AUT;气车[qì chē]
trolebuso;bus.trole0o.AUT;无轨电车[wú guǐ diàn chē]
buŝa;busx.0a.parola;口头上[kǒu tóu shàng]
buŝa;busx.0a.parola;用声音[yòng shēng yīn]
buŝa;busx.0a.parola;口头[kǒu tóu]
buŝego;busx.0ego.ZOO;觜[zuǐ]
buŝo;busx.0o.ANA;口[kǒu]
buŝo;busx.0o.ANA;嘴[zuǐ]
buŝo;busx.0o.ANA;嘴巴[zuǐ ba]
buŝo;busx.0o.FIG;口鼻[kǒu bí]
buŝo;busx.0o.FIG;炮口[pào kǒu]
buŝo;busx.0o.FIG;枪口[qiāng kǒu]
buŝo;busx.0o.FIG;嘴脸[zuǐ liǎn]
buŝo;busx.0o.FIG;鼻口[bí kǒu]
buŝo;busx.0o.FIG;鼻口部分[bí kǒu bù fèn]
elbuŝigi;busx.el0igi.FIG;曰[yuē]
elbuŝigi;busx.el0igi.FIG;寄予[jì yǔ]
elbuŝigi;busx.el0igi.FIG;外線[wài xiàn]
elbuŝigi;busx.el0igi.FIG;最外[zuì wài]
elbuŝigi;busx.el0igi.FIG;最外层[zuì wài céng]
enbuŝaĵo;busx.en0ajxo.RAJ;衔[xián]
enbuŝaĵo;busx.en0ajxo.RAJ;馬嚼子[mǎ jiáo zǐ]
buŝelo;busxel.0o.MEZ;蒲式耳[pú shì ěr]
Butano;butan.B0o.GEOG;不丹[bù dān]
butero;buter.0o.simila;牛油[niú yóu]
butikisto;butik.0isto.EKON;女售貨員[nǚ shòu huò yuán]
butikisto;butik.0isto.EKON;出售貨物的人[chū shòu huò wù de rén]
butikisto;butik.0isto.EKON;店伙[diàn huǒ]
butikisto;butik.0isto.EKON;卖主[mài zhǔ]
retbutiko;;購物網站[gòu wù wǎng zhàn]
retbutiko;;網店[wǎng diàn]
butlero;butler.0o.KUI;傭人領班[yōng rén lǐng bān]
butonumi;buton.0umi.TEKS;按住按鍵[àn zhù àn jiàn]
butonumi;buton.0umi.TEKS;按下按鍵[àn xià àn jiàn]
ekrana butono;buton.ekrana0o.KOMP;扣[kòu]
ekrana butono;buton.ekrana0o.KOMP;鈕[niǔ]
ekrana butono;buton.ekrana0o.KOMP;紐[niǔ]
malbutonumi;buton.mal0umi.TEKS;解开[jiě kāi]
