dadaismo;dadaism.0o;达达主义[dá dá zhǔ yì]
dafno;dafn.0o;瑞香[ruì xiāng]
dagerotipo;dagerotip.0o;銀版攝影法[yín bǎn shè yǐng fǎ]
dagerotipo;dagerotip.0o;銀板照相法[yín bǎn zhào xiàng fǎ]
dagerotipio;dagerotipi.0o;銀版攝影法[yín bǎn shè yǐng fǎ]
dagerotipio;dagerotipi.0o;銀板照相法[yín bǎn zhào xiàng fǎ]
daimio;daimi.0o.japana_princo;香港日佔時期[xiāng gǎng rì zhàn shí qī]
dajmono;dajmon.0o;邪灵[xié líng]
dajmono;dajmon.0o;精力过人的人[jīng lì guò rén de rén]
dajmono;dajmon.0o;非凡的人[fēi fán de rén]
dajmono;dajmon.0o;恶煞[è shà]
dajmono;dajmon.0o;极恶的人[jí è de rén]
dajmono;dajmon.0o;妖魔[yāo mó]
dajmono;dajmon.0o;鬼魅[guǐ mèi]
dajmono;dajmon.0o;邪神[xié shén]
dajmono;dajmon.0o;凶恶的化身[xiōng è de huà shēn]
dajmono;dajmon.0o;魔[mó]
dajmono;dajmon.0o;魔鬼[mó guǐ]
dajmono;dajmon.0o;妖[yāo]
dajmono;dajmon.0o;妖怪[yāo guài]
Dako;dak.0o.cxefurbo;达卡[dá kǎ]
Dakaro;dakar.0o.urbo;达喀尔[dá kà ěr]
daktilo;daktil.0o.KUI;枣子[zǎo zi]
daktilo;daktil.0o.KUI;蜜枣[mì zǎo]
daktilo;daktil.0o.KUI;海枣[hǎi zǎo]
dalajlamao;dalajlama.0o;达赖喇嘛[dá lài lǎ ma]
dalio;dali.0o;大理花[dà lǐ huā]
dalio;dali.0o;天竺牡丹[tiān zhú mǔ dān]
Dalmatio;dalmati.0o;达尔马提亚人[dá ěr mǎ tí yà rén]
Dalmatio;dalmati.0o;达尔马提亚狗[dá ěr mǎ tí yà gǒu]
Dalmatio;dalmati.0o;斑点狗[bān diǎn gǒu]
Dalmatio;dalmati.0o;亚得里亚海旁[yà děi lǐ yà hǎi páng]
Dalmatio;dalmati.0o;原南斯拉夫西部[yuán nán sī lā fū xī bù]
Dalmatio;dalmati.0o;达尔马提亚[dá ěr mǎ tí yà]
daltonismo;dalton.0o;色盲[sè máng]
damaĝi;damagx.0i;损害[sǔn hài]
damaĝi;damagx.0i;有破坏性[yǒu pò huài xìng]
damaĝo;;花費[huā fèi]
damasko;damask.0o;綾[líng]
Damasko;damask2.D0o;大馬士革[dà mǎ shì gé]
damni;damn.0i;詛[zǔ]
damni;damn.0i;詈[lì]
damni;damn.0i;詛咒[zǔ zhòu]
damninda;damn.0inda;无耻地[wú chǐ de]
dampi;damp.0i;挫[cuò]
dampi;damp.0i;减震[jiǎn zhèn]
dampi;damp.0i;緩衝[huǎn chōng]
dampi;damp.0i;挫伤[cuò shāng]
dampilo;damp.0ilo.MUZ;調節閘[tiáo jié zhá]
dampilo;damp.0ilo.MUZ;减震器[jiǎn zhèn qì]
dana;dan.0a;丹麥語[dān mài yǔ]
dana;dan.0a;丹麥文[dān mài wén]
dano;dan.0o;丹麥人[dān mài rén]
Danujo;dan.D0ujo;丹麥[dān mài]
Danaino;dana.0ino;达那埃[dá nà āi]
Danao;dana.0o.greko;达那埃[dá nà āi]
dancejo;danc.0ejo;迪斯科舞厅[dí sī kē wǔ tīng]
dancejo;danc.0ejo;迪斯科[dí sī kē]
dancejo;danc.0ejo;舞场[wǔ chǎng]
dancejo;danc.0ejo;歌厅[gē tīng]
dancejo;danc.0ejo;舞厅[wǔ tīng]
danco;danc.0o;舞[wǔ]
danco;danc.0o;舞蹈[wǔ dǎo]
danco;danc.0o;躧步[xǐ bù]
klakdanco;danc.klak0o;踢踏舞[tī tà wǔ]
danĝera;dangxe.0a;危机四伏[wēi jī sì fú]
danĝera;dangxe.0a;险阻[xiǎn zǔ]
danĝera;dangxe.0a;阽[diàn]
danĝera;dangxe.0a;陧[niè]
danĝera;dangxe.0a;岌[jí]
danĝera;dangxe.0a;阽[yán]
danĝera;dangxe.0a;艰险[jiān xiǎn]
danĝera;dangxe.0a;危险[wēi xiǎn]
eksterdanĝera;dangxe.ekster0a;脫離危險[tuō lí wéi xiǎn]
okaze de danĝero;dangxe.okazo_de_0o;紧急时[jǐn jí shí]
okaze de danĝero;dangxe.okazo_de_0o;大不了[dài bù le]
okaze de danĝero;dangxe.okazo_de_0o;万不得已[wàn bù dé yǐ]
okaze de danĝero;dangxe.okazo_de_0o;如果必要的話[rú guǒ bì yào de huà]
Danio;dani.D0o;丹麥[dān mài]
danke al;dank.0e_al;多亏[duō kuī]
dankemo;dank.0emo;满怀感激之情[mǎn huái gǎn jī zhī qíng]
dankemo;dank.0emo;感激[gǎn jī]
dankemo;dank.0emo;賞識[shǎng shí]
dankemo;dank.0emo;感謝之心[gǎn xiè zhī xīn]
dankemo;dank.0emo;謝意[xiè yì]
danko;dank.0o;謝禮[xiè lǐ]
danko;dank.0o;謝辭[xiè cí]
sendanka;dank.sen0a;負心[fù xīn]
sendanka;dank.sen0a;不感恩[bù gǎn ēn]
sendanka;dank.sen0a;不知感恩[bù zhī gǎn ēn]
sendanka;dank.sen0a;忘恩負義[wáng ēn fù yì]
Danubo;danub.D0o;多瑙河[duō nǎo hé]
Daresalamo;daresalam.0o;达累斯萨拉姆[dá lèi sī sà lā mǔ]
darfi;darf.0i;能[néng]
Darmo;darm.0o;达摩[dá mā]
Darmapado;darmapad.0o;法句經[fǎ jù jīng]
darmŝtatio;darmsxtati.0o;鐽[dá]
dartro;dartr.0o;牛皮癣[niú pí xiǎn]
darvinismo;darvin.0ismo;达尔文主义[dá ěr wén zhǔ yì]
Darvino;darvin.0o;查尔斯罗伯特达尔文[chá ěr sī luó bó tè dá ěr wén]
Darvino;darvin.0o;达尔文[dá ěr wén]
dato;dat.0o;时间点[shí jiān diǎn]
dato;dat.0o;时机[shí jī]
dato;dat.0o;注明日期[zhù míng rì qī]
dato;dat.0o;时期[shí qī]
datumo;datum.0o.KOMP;数据[shù jù]
freŝdata;dat.fresx0a;富有活力[fù yǒu huó lì]
freŝdata;dat.fresx0a;最年輕[zuì nián qīng]
freŝdata;dat.fresx0a;新近[xīn jìn]
freŝdata;dat.fresx0a;么[yāo]
freŝdata;dat.fresx0a;不久以前[bù jiǔ yǐ qián]
ĝisdata;dat.gxis0a;时事[shí shì]
ĝisdatigi;dat.gxis0datigi;更新换代[gēng xīn huàn dài]
ĝisdatigi;dat.gxis0datigi;更新[gēng xīn]
ĝisdatigi;dat.gxis0datigi;刷新[shuā xīn]
limdato;dat.lim0o;限期[xiàn qī]
limdato;dat.lim0o;时限[shí xiàn]
limdato;dat.lim0o;期[qī]
vivdatoj;dat.viv0oj;年譜[nián pǔ]
dateno;daten.0o;数据[shù jù]
datao;;数据[shù jù]
datenopo;daten.0opo;数据组[shù jù zǔ]
datumbanko;datum.0banko;数据基础[shù jù jī chǔ]
datumbazo;datum.0bazo;資料庫[zī liào kù]
datumbazo;datum.0bazo;数据库[shù jù kù]
datumportilo;datum.0portilo;数据载体[shù jù zài tǐ]
datumstrukturo;datum.0strukturo;数据结构[shù jù jié gòu]
daturo;datur.0o;曼陀罗花[màn tuó luó huā]
daŭra;dauxr.0a.dauxranta;持續不斷[chí xù bù duàn]
daŭra;dauxr.0a.dauxranta;巛[chuān]
daŭre;dauxr.0e.malmomente;不住[bù zhù]
daŭreco;dauxr.0eco;保質期[bǎo zhì qī]
daŭreco;dauxr.0eco;經久耐用[jīng jiǔ nài yòng]
daŭreco;dauxr.0eco;稳定度[wěn dìng dù]
daŭreco;dauxr.0eco;保存期[bǎo cún qī]
daŭri;dauxr.0i.estadi;持久[chí jiǔ]
daŭri;dauxr.0i.estadi;續[xù]
daŭri;dauxr.0i.estadi;持續[chí xù]
daŭrigo;dauxr.0igo;延續部分[yán xù bù fen]
daŭrigo;dauxr.0igo;續前期[xù qián qī]
daŭrigo;dauxr.0igo;續編[xù biān]
daŭrigo;dauxr.0igo;连播[lián bō]
daŭrigo;dauxr.0igo;繼續[jì xù]
daŭrigo;dauxr.0igo;續篇[xù piān]
daŭrigo;dauxr.0igo;连续[lián xù]
daŭrigo;dauxr.0igo;延拓[yán tuò]
daŭro;dauxr.0o;为期[wéi qī]
daŭro;dauxr.0o;持續時間[chí xù shí jiān]
daŭro;dauxr.0o;永久性[yǒng jiǔ xìng]
maldaŭra;dauxr.mal0a;过渡性[guò dù xìng]
maldaŭra;dauxr.mal0a;先列[xiān liè]
maldaŭra;dauxr.mal0a;暂时[zàn shí]
maldaŭra;dauxr.mal0a;暂现[zàn xiàn]
pludaŭri;dauxr.plu0i;續[xù]
pludaŭri;dauxr.plu0i;持續[chí xù]
pludaŭri;dauxr.plu0i;賡[gēng]
pludaŭri;dauxr.plu0i;连绵[lián mián]
pludaŭri;dauxr.plu0i;竖起[shù qi]
pludaŭri;dauxr.plu0i;㝉[zhù]
pludaŭri;dauxr.plu0i;历时[lì shí]
pludaŭri;dauxr.plu0i;繼[jì]
vivdaŭro;dauxr.viv0o;使用期限[shǐ yòng qī xiàn]
vivdaŭro;dauxr.viv0o;使用年限[shǐ yòng nián xiàn]
vivdaŭro;dauxr.viv0o;服务年限[fú wù nián xiàn]
vivdaŭro;dauxr.viv0o;使用时间[shǐ yòng shí jiān]
vivdaŭro;dauxr.viv0o;使用期[shǐ yòng qī]
vivdaŭro;dauxr.viv0o;人命[rén mìng]
vivdaŭro;dauxr.viv0o;生存期[shēng cún qī]
vivdaŭro;dauxr.viv0o;生命周期[shēng mìng zhōu qī]
vivdaŭro;dauxr.viv0o;壽命[shòu mìng]
Davido;david.0o;大卫[dà wèi]
dazipo;dazip.0o;犰狳[qiú yú]
dazipo;dazip.0o;犰[qiú]
dazipo;dazip.0o;狳[yú]
dazipedoj;dazipe.0oj;犰狳科[qiú yú kē]
deale;deal.0e;不时[bù shí]
debati;debat.0i;論辯[lùn biàn]
debati;debat.0i;分争[fēn zhēng]
debati;debat.0i;辩说[biàn shuō]
debato;debat.0o;辩论[biàn lùn]
debitoro;debito.0o;欠戶[qiàn hù]
debuto;debut.0o;初次登场[chū cì dēng cháng]
debuto;debut.0o;首次登台[shǒu cì dēng tái]
debuto;debut.0o;首次飛行[shǒu cì fēi xíng]
debuto;debut.0o;首次出现[shǒu cì chū xiàn]
debuto;debut.0o;初遇[chū yù]
deca;dec.0a.merita;妥当[tuǒ dàng]
deca;dec.0a.merita;謙和[qiān hé]
deca;dec.0a.merita;浇铸上去的[jiāo zhù shàng qù de]
deca;dec.0a.merita;应有[yīng yǒu]
deci;dec.0i.morale;該[gāi]
deci;dec.0i.morale;宜[yí]
deco;dec.0o;良知[liáng zhī]
deco;dec.0o;体统[tǐ tǒng]
deco;dec.0o;事体[shì tǐ]
maldeca;dec.mal0a;不雅[bù yǎ]
maldeca;dec.mal0a;怭[bì]
maldeca;dec.mal0a;不正派[bù zhèng pài]
maldeca;dec.mal0a;獗[jué]
maldeca;dec.mal0a;儱[lǒng]
maldeca;dec.mal0a;莽[mǎng]
maldeca;dec.mal0a;幠[hū]
maldeca;dec.mal0a;乌七八糟[wū qī bā zāo]
decida;decid.0a.alportanta;夬[guài]
decida;decid.0a.alportanta;有活力[yǒu huó lì]
decidema;decid.0ema;夬[guài]
decidi;decid.0i;作出决定[zuò chū jué dìng]
decidi;decid.0i;判定[pàn dìng]
decidi;decid.0i;决定[jué dìng]
decidi;decid.0i;騭[zhì]
decidi;decid.0i;尖尖[jiān jiān]
decidi;decid.0i;拿定主意[ná dìng zhǔ yi]
decidi;decid.0i;議決[yì jué]
decidiĝi;decid.0igxi.decidanta;拿主意[ná zhǔ yi]
decidiĝi;decid.0igxi.decidanta;得出結果[dé chū jié guǒ]
decido;decid.0o;理性决策[lǐ xìng jué cè]
decido;decid.0o;审定专利决策[shěn dìng zhuān lì jué cè]
decido;decid.0o;决定[jué dìng]
decidi;;作出决定[zuò chū jué dìng]
nedecidema;decid.sen0a;儃[chán]
nedecidema;decid.sen0a;徨[huáng]
nedecidema;decid.sen0a;佪[huái]
nedecidema;decid.sen0a;徊[huái]
nedecidema;decid.sen0a;憧[chōng]
decimala;decima.0a;小数[xiǎo shù]
decimalo;decima.0o;十进制小数[shí jìn zhì xiǎo shù]
decimalo;decima.0o;十进数[shí jìn shù]
decimalo;decima.0o;小数位[xiǎo shù wèi]
decimetro;decime.0o;分米[fēn mǐ]
decimetro;decime.0o;分公尺[fēn gōng chǐ]
decimetro;decime.0o;公寸[gōng cùn]
deĉifri;decxif.0i;破譯[pò yì]
deĉifri;decxif.0i;解讀[jiě dú]
dediĉi;dedicx.0i.destini;献予[xiàn yú]
dediĉi;dedicx.0i.destini;貢獻[gòng xiàn]
dediĉo;dedicx.0o.omagxa;題字[tí zì]
dediĉo;dedicx.0o.omagxa;落款[luò kuǎn]
dediĉo;dedicx.0o.omagxa;題詞[tí cí]
dedukti;dedukt.0i;推衍[tuī yǎn]
dedukto;dedukt.0o;推論[tuī lùn]
dedukto;dedukt.0o;推理[tuī lǐ]
dedukto;dedukt.0o;論斷[lùn duàn]
dedukto;dedukt.0o;論法[lùn fǎ]
dedukto;dedukt.0o;义理[yì lǐ]
dedukti;;推演[tuī yǎn]
defaŭlto;;預調[yù diào]
defaŭlto;;預先調整[yù xiān tiáo zhěng]
defendaĵo;defend.0ajxo;防卫物[fáng wèi wù]
defendi;defend.0i;防御[fáng yù]
defendo;defend.0o;防御[fáng yù]
defendo;defend.0o;保卫[bǎo wèi]
sendefenda;defend.sen0a;沒有防備能力[méi yǒu fáng bèi néng lì]
sendefenda;defend.sen0a;赤手空拳[chì shǒu kōng quán]
sendefenda;defend.sen0a;手无寸铁[shǒu wú cùn tiě]
sendefenda;defend.sen0a;不設防[bù shè fáng]
sindefendo;defend.sin0o;自我防御[zì wǒ fáng yù]
sindefendo;defend.sin0o;自卫[zì wèi]
defetismo;defetism.0o;失敗主義[shī bài zhǔ yì]
defii;defi.0i;冒着[mào zhe]
defii;defi.0i;寻衅[xún xìn]
deficito;defici.0o;亏空[kuī kong]
deficito;defici.0o;亏[kuī]
deficito;defici.0o;逆差[nì chā]
definitiva;defini.0a;发育完全[fā yù wán quán]
definitiva;defini.0a;只此一次[zhǐ cǐ yī cì]
definitiva;defini.0a;决定性地[jué dìng xìng de]
definitiva;defini.0a;一劳永逸[yī láo yǒng yì]
definitiva;defini.0a;到头来[dào tóu lái]
definitivigi;defini.0igi;締結[dì jié]
definitivo;defini.0o;不可逆[bù kě nì]
definitivo;defini.0o;不可逆反[bù kě nì fǎn]
defalcio;;通貨緊縮[tōng huò jǐn suō]
degeli;degel.0i.FIG;瓦解[wǎ jiě]
degeli;degel.0i.FIG;解体[jiě tǐ]
degeli;degel.0i.FIG;分解[fēn jiě]
degeneri;degene.0i;腐朽[fǔ xiǔ]
degelo;;雪融化[xuě róng huà]
degradi;degrad.0i.rango;使降級[shǐ jiàng jí]
degradi;degrad.0i.rango;小視[xiǎo shì]
dehiski;dehisk.0i;坼[chè]
deismo;deism.0o;自然神論[zì rán shén lùn]
deismo;deism.0o;信奉[xìn fèng]
deĵori;dejxor.0i;值日[zhí rì]
deĵoro;dejxor.0o;服务[fú wù]
deĵoro;dejxor.0o;办公[bàn gōng]
deke;dek.0e;在第十[zài dì shí]
dekono;dek.0ono;成[chéng]
dekono;dek.0ono;分[fēn]
dekono;dek.0ono;十分之一[shí fēn zhī yī]
dekonaĵo;;第十[dì shí]
dekumi;dek.0umi;大範圍毀滅[dà fàn wéi huǐ miè]
jardeko;dek.jar0o;十年[shí nián]
dekado;dekad.0o;旬日[xún rì]
dekadenci;;破落[pò luò]
dekadenci;;上瘾[shàng yǐn]
dekadenci;;衰[shuāi]
dekadenco;dekade.0o;瓦解[wǎ jiě]
dekadenco;dekade.0o;替[tì]
dekagramo;dekagr.0o;十克[shí kè]
dekalitro;dekali.0o;公斗[gōng dǒu]
dekalogo;dekalo.0o;十誡[shí jiè]
dekametro;dekame.0o;公丈[gōng zhàng]
Dekamerono;dekameron.0o;十日談[shí rì tán]
dekano;dekan.0o;系主任[xì zhǔ rèn]
dekano;dekan.0o;座堂牧师[zuò táng mù shī]
dekano;dekan.0o;院長[yuàn zhǎng]
dekanti;dekant.0i;滗去[bì qù]
deklamaĵo;deklam.0ajxo;雄辩法[xióng biàn fǎ]
deklamaĵo;deklam.0ajxo;大演說[dài yǎn shuō]
deklari;deklar.0i;发表[fā biǎo]
deklari;deklar.0i;发布[fā bù]
deklari;deklar.0i;宣[xuān]
deklari;deklar.0i;公布[gōng bù]
deklari;deklar.0i;声言[shēng yán]
deklari;deklar.0i;揭晓[jiē xiǎo]
deklaro;deklar.0o.KOMP;申明[shēn míng]
deklaro;deklar.0o.KOMUNE;声明书[shēng míng shū]
deklaro;deklar.0o.KOMUNE;声明[shēng míng]
deklaro;deklar.0o.KOMUNE;申明[shēn míng]
amdeklaro;deklar.am0o.KOMUNE;愛情的表白[ài qíng de biǎo bái]
amdeklaro;deklar.am0o.KOMUNE;愛的宣言[ài dì xuān yán]
militdeklaro;deklar.milit0o;宣战[xuān zhàn]
deklaracio;deklar1.0o;申明[shēn míng]
dekliva;dekliv.0a;斜过[xié guò]
dekliva;dekliv.0a;崴[wēi]
dekliva;dekliv.0a;嶡[guì]
dekliva;dekliv.0a;磪[cuī]
dekliva;dekliv.0a;坡度大[pō dù dài]
deklivo;dekliv.0o;坡[pō]
deklivo;dekliv.0o;陡坡[dǒu pō]
deklivo;dekliv.0o;阪[bǎn]
deklivo;dekliv.0o;下斜[xià xié]
deklivo;dekliv.0o;下坡[xià pō]
deklivo;dekliv.0o;陀[tuó]
dekoltaĵo;dekolt.0ajxo;領口[lǐng kǒu]
dekoraĵo;dekor.0ajxo;藏品[cáng pǐn]
dekori;dekor.0i;雕飾[diāo shì]
dekori;dekor.0i;点缀[diǎn zhuì]
dekoraĵo;;飾物[shì wù]
dekoracii;dekora.0i;雕飾[diāo shì]
dekoracii;dekora.0i;点缀[diǎn zhuì]
dekoracio;dekora.0o.TEA;装饰[zhuāng shì]
dekoracio;dekora.0o.TEA;奖章[jiǎng zhāng]
dekoracio;dekora.0o.TEA;装潢材料[zhuāng huáng cái liào]
dekoracio;dekora.0o.TEA;景片[jǐng piàn]
dekreti;dekret.0i;頒行[bān xíng]
dekreto;dekret.0o;法令[fǎ lìng]
dekstrano;dekstr.0ano;右倾保守[yòu qīng bǎo shǒu]
dekstre;dekstr.0e;右面[yòu miàn]
dekstrulo;dekstr.0ulo.MOV;右撇子[yòu piē zǐ]
dekstrulo;dekstr.0ulo.POL;右倾保守[yòu qīng bǎo shǒu]
dekstruma;dekstr.0uma.SCI;右旋[yòu xuán]
maldekstre;dekstr.mal0e;左手[zuǒ shǒu]
maldekstre;dekstr.mal0e;左面[zuǒ miàn]
maldekstro;dekstr.mal0o.POL;左派党[zuǒ pài dǎng]
maldekstrulo;dekstr.mal0ulo.MOV;左撇子[zuǒ piě zi]
maldesktruma;;逆时针方向扭转[nì shí zhēn fāng xiàng niǔ zhuǎn]
maldesktruma;;左旋[zuǒ xuán]
dekstrino;dekstr1.0o;糊精[hú jīng]
Delavaro;;特拉华州[tè lā huá zhōu]
Delavaro;;特拉华[tè lā huá]
delegito;deleg.0ito;丞[chéng]
delegacio;delega.0o;代表人的派遣[dài biǎo rén de pài qiǎn]
delegacio;delega.0o;代表人的地位[dài biǎo rén de dì wèi]
delegacio;delega.0o;代表团[dài biǎo tuán]
delfeno;delfen.0o.KOMUNE;齒鯨[chǐ jīng]
delfeno;;海豚[hǎi tún]
Delfeno;;海豚座[hǎi tún zuò]
riverdelfeno;delfen.river0o.ZOO;白鱀豚[bái jì tún]
delfinio;delfin.0o;燕草属植物[yān cǎo shǔ zhí wù]
Delhio;delhi.0o;德里[dé lǐ]
Delhio;delhi.0o;德裡[dé lǐ]
delica;delic.0a;惬[qiè]
delico;delic.0o;色胆[sè dǎn]
delico;delic.0o;乐趣[lè qù]
delikata;;柔和地[róu hé de]
delikata;;平緩[píng huǎn]
delikata;;温存[wēn cún]
maldelikata;;粗暴[cū bào]
maldelikata;;粗魯[cū lǔ]
maldelikata;;严苛[yán kē]
maldelikata;;糲[lì]
maldelikata;;麤[cū]
delikto;delikt.0o;违法行为[wéi fǎ xíng wéi]
deliro;delir.0o;譫妄[zhān wàng]
delto;delt.0o;德尔塔[dé ěr tǎ]
deltaplano;deltaplan.0o;滑翔翼[huá xiáng yì]
deltoido;deltoi.0o.ANA;三角肌[sān jiǎo jī]
demagogio;demago1.0o;蛊惑人心的宣传[gǔ huò rén xīn de xuān chuán]
demagogio;demago1.0o;煽动[shān dòng]
demanda;demand.0a;問話[wèn huà]
demandaro;demand.0aro;意見反饋表[yì jian fǎn kuì biǎo]
demandaro;demand.0aro;問卷[wèn juàn]
demandi;demand.0i;詢[xún]
demandi;demand.0i;質疑[zhì yí]
demandilo;demand.0ilo.GRA;疑問詞[yí wèn cí]
demandilo;demand.0ilo.KOMUNE;意見反饋表[yì jian fǎn kuì biǎo]
demandilo;demand.0ilo.KOMUNE;問卷[wèn juàn]
demando;demand.0o;問訊[wèn xùn]
demandosigno;demand.0osigno;問號[wèn hào]
pridemandi;demand.pri0i;問[wèn]
pridemandi;demand.pri0i;訪[fǎng]
pridemandi;demand.pri0i;問長問短[wèn cháng wèn duǎn]
pridemandi;demand.pri0i;諮[zī]
pridemandi;demand.pri0i;請教[qǐng jiào]
demarkacio;demarkaci.0o;划分界线[huà fēn jiè xiàn]
demarkacio;demarkaci.0o;区分[qū fēn]
demarkacio;demarkaci.0o;划分[huà fēn]
Demetrio;demetri.0o;德米特尔[dé mǐ tè ěr]
Demetrio;demetri.0o;得墨忒耳[dé mò tè ěr]
Demetrio;demetri.0o;得墨忒尔[dé mò tè ěr]
dementi;;辟谣[pì yáo]
dementi;;拒絕承認[jù jué chéng rèn]
dementi;;更正[gēng zhēng]
demisii;demisi.0i;引退[yǐn tuì]
demografio;;人口学[rén kǒu xué]
demografio;;人口統計學[rén kǒu tǒng jì xué]
demokratiiĝo;demokr1.0igxo;民主改革[mín zhǔ gǎi gé]
demokratiiĝo;demokr1.0igxo;民主化[mín zhǔ huà]
demokratio;demokr1.0o;民主政治[mín zhǔ zhèng zhì]
demokratio;demokr1.0o;民主[mín zhǔ]
demokratio;demokr1.0o;民主主义[mín zhǔ zhǔ yì]
Demokrito;demokrit.0o;德謨克利特[dé mó kè lì tè]
demokrato;;民主主义者[mín zhǔ zhǔ yì zhě]
demokrato;;民主党人[mín zhǔ dǎng rén]
demono;demon.0o;邪灵[xié líng]
demono;demon.0o;极恶的人[jí è de rén]
demono;demon.0o;兇煞[xiōng shà]
demono;demon.0o;妖魔[yāo mó]
demono;demon.0o;鬼魅[guǐ mèi]
demono;demon.0o;邪神[xié shén]
demono;demon.0o;凶恶的化身[xiōng è de huà shēn]
demono;demon.0o;恶魔[è mó]
demono;demon.0o;妖怪[yāo guài]
demonstri;demons.0i.MAT;証明[zhèng míng]
demonstro;demons.0o.MAT;論法[lùn fǎ]
demonstri;demons.0i.MAT;試製[shì zhì]
demonstri;demons.0i.MAT;紅鯡魚[hóng fèi yú]
demonstri;demons.0i.MAT;證明[kāi shì]
demonstracio;demons1.0o.dedukto;論法[lùn fǎ]
demonstracio;demons1.0o.dedukto;論點[lùn diǎn]
demonstracio;demons1.0o.dedukto;义理[yì lǐ]
demonstracio;demons1.0o.manifestacio;示威遊行[shì wēi yóu xíng]
demonstracio;demons1.0o.manifestacio;演示会[yǎn shì huì]
demonstracio;demons1.0o.manifestacio;游行示威[yóu xíng shì wēi]
demonstracio;demons1.0o.manifestacio;示威游行[shì wēi yóu xíng]
demonstrativo;demons2.0o;指示代詞[zhǐ shì dài cí]
denaro;denar.0o;第納爾[dì nà ěr]
dendrito;dendrit.0o;树状细胞[shù zhuàng xì bāo]
dendrito;dendrit.0o;树突[shù tú]
dendrito;dendrit.0o;树枝状结晶体[shù zhī zhuàng jié jīng tǐ]
dendrito;dendrit.0o;枝状态晶[zhī zhuàng tài jīng]
dengo;deng.0o;登革热[dēng gé rè]
dengo;deng.0o;典型登革热[diǎn xíng dēng gé rè]
dengo;deng.0o;骨痛热症[gǔ tòng rè zhèng]
denominatoro;denomi.0o;分母[fēn mǔ]
denominatoro;denomi.0o;母而[mǔ ér]
densaĵo;dens.0ajxo.HOR;菐[pú]
densaĵo;dens.0ajxo.HOR;树丛[shù cóng]
densaĵo;dens.0ajxo.HOR;榛榛[zhēn zhēn]
densejo;dens.0ejo.HOR;菐[pú]
densejo;dens.0ejo.HOR;树丛[shù cóng]
densejo;dens.0ejo.HOR;榛榛[zhēn zhēn]
densigi;dens.0igi;有压缩力[yǒu yā suō lì]
densigi;dens.0igi;压缩[yā suō]
maldensa;dens.mal0a.era;松懈地[sōng xiè de]
maldensa;dens.mal0a.era;四海[sì hǎi]
maldensa;dens.mal0a.era;酥松[sū sōng]
maldensa;dens.mal0a.era;不紧[bù jǐn]
probablodenso;dens.probablo0o.MAT;密度函数[mì dù hán shù]
denta konsonanto;dent.0akonsonanto;齒音[chǐ yīn]
denta;;牙科的[yá kē de]
dentaro;dent.0aro;位元[wèi yuán]
dentingo;dent.0ingo;上頜竇[shàng hé dòu]
dentisto;dent.0isto;牙齒[yá chǐ]
dentisto;dent.0isto;牙[yá]
dentisto;dent.0isto;牙科医生[yá kē yī shēng]
dentisto;dent.0isto;牙科[yá kē]
dentisto;dent.0isto;牙医[yá yī]
dento;dent.0o;牙齒[yá chǐ]
dento;dent.0o;牙[yá]
dentopikilo;dent.0opikilo;牙签[yá qiān]
kojnodento;dent.kojno0o;尖牙[jiān yá]
kojnodento;dent.kojno0o;犬齒[quǎn chǐ]
laktodento;dent.lakto0o;换牙[huàn yá]
saĝodento;dent.sagxo0o;智齒[zhì chǐ]
tranĉodento;dent.trancxo0o;門齒[mén chǐ]
tranĉodento;dent.trancxo0o;板牙[bǎn yá]
tridento;;三叉戟[sān chā jǐ]
tridento;;鍠[huáng]
tridento;;活动顶尖[huó dòng dǐng jiān]
dentalo;dental.0o;齒音[chǐ yīn]
denuncanto;;告发者[gào fā zhě]
denuncanto;;通知的人[tōng zhī de rén]
denuncanto;;斥責者[chì zé zhě]
denuncanto;;非难者[fēi nàn zhě]
denuncanto;;告密者[gào mì zhě]
denunci;denunc.0i;处绞刑[chù jiǎo xíng]
denunci;denunc.0i;当众侮辱[dāng zhòng wǔ rù]
denunci;;指責[zhǐ zé]
denunci;;批斗[pī dòu]
departemento;depart.0o.POL;公共权力机构[gōng gòng quán lì jī gòu]
departemento;depart.0o.POL;官方[guān fāng]
departemento;depart.0o.POL;政府部門[zhèng fǔ bù mén]
departemento;depart.0o.POL;院[yuàn]
deploji;deploj.0i.TEK;配置[pèi zhì]
deploji;deploj.0i.TEK;置[zhì]
deploji;deploj.0i.TEK;装置[zhuāng zhì]
deponaĵo;depon.0ajxo.GEOL;滓[zǐ]
deponaĵo;depon.0ajxo.GEOL;存[cún]
deponejo;depon.0ejo.GEOL;矿源[kuàng yuán]
deponejo;depon.0ejo.KOMUNE;不停施予[bù tíng shī yǔ]
deponejo;depon.0ejo.KOMUNE;拼命添加[pīn mìng tiān jiā]
deponejo;depon.0ejo.KOMUNE;厚施[hòu shī]
deponejo;depon.0ejo.KOMUNE;累积[lěi jī]
deponejo;depon.0ejo.KOMUNE;存放废渣的场所[cún fàng fèi zhā de chǎng suǒ]
deponejo;depon.0ejo.KOMUNE;填埋场[tián mái chǎng]
deponejo;depon.0ejo.KOMUNE;垃圾堆放场[lā jī duī fàng chǎng]
deponejo;depon.0ejo.KOMUNE;垃圾堆[lā jī duī]
deponejo;depon.0ejo.KOMUNE;倾倒场[qīng dǎo chǎng]
deponejo;depon.0ejo.loko;貯藏處[zhǔ cáng chù]
deponejo;depon.0ejo.loko;茶水間[chá shuǐ jiān]
deponejo;depon.0ejo.konto;托管帐户[tuō guǎn zhàng hù]
deponejo;depon.0ejo.konto;从不来[cóng bu lái]
deponi;depon.0i.EKON;托付[tuō fù]
deponi;depon.0i.EKON;托[tuō]
deponi;depon.0i.EKON;使沉淀[shǐ chén diàn]
deponi;depon.0i.EKON;存放[cún fàng]
deponujo;depon.0ujo;储藏柜[chǔ cáng guì]
maldeponi;depon.mal0i;取[qǔ]
depoto;depot.0o;后备部队[hòu bèi bù duì]
depoto;depot.0o;續備軍[xù bèi jūn]
depoto;depot.0o.TRA;机务段[jī wù duàn]
depozicio;depozici.0o;證詞[zhèng cí]
depresio;depresi.0o.PSI;忧郁症[yōu yù zhèng]
depresio;depresi.0o.PSI;精神萎靡[jīng shén wēi mí]
depresio;depresi.0o.PSI;抑郁[yì yù]
depresio;depresi.0o.EKON;經濟週期的低點[jīng jì zhōu qī de dī diǎn]
depresio;depresi.0o.EKON;萧条[xiāo tiáo]
deprimi;deprim.0i;使忧郁[shǐ yōu yù]
deprimi;deprim.0i;使沮丧[shǐ jǔ sàng]
deprimi;;委靡[wěi mǐ]
deprimi;;頹唐[tuí táng]
deprimo;deprim.0o;忧郁症[yōu yù zhèng]
deprimo;deprim.0o;精神萎靡[jīng shén wēi mí]
deprimo;deprim.0o;抑郁[yì yù]
kontraŭdeprimilo;;抗抑郁药物[kàng yì yù yào wù]
kontraŭdeprimilo;;抗抑郁药[kàng yì yù yào]
deputi;deput.0i;委派[wěi pài]
deputi;deput.0i;侂[tuō]
deputi;deput.0i;派[pài]
deputitaro;deput.0itaro;众议员[zhòng yì yuán]
deputitaro;deput.0itaro;議會[yì huì]
deputitaro;deput.0itaro;众议院[zhòng yì yuàn]
deputito;deput.0ito;簉[zào]
deputito;deput.0ito;議員[yì yuán]
deputito;deput.0ito;丞[chéng]
derivado;deriv.0ado.MAT;微商[wēi shāng]
derivado;deriv.0ado.MAT;导数[dǎo shù]
derivaĵo;deriv.0ajxo.MAT;微商[wēi shāng]
derivaĵo;deriv.0ajxo.MAT;导数[dǎo shù]
derivaĵo;deriv.0ajxo.KEM;分流[fēn liú]
derivaĵo;deriv.0ajxo.EKON;衍生物[yǎn shēng wù]
derivebla;deriv.0ebla.MAT;可微分的[kě wēi fēn de]
derivebla;deriv.0ebla.MAT;可微的[kě wēi de]
derivi;deriv.0i.MAT;推导[tuī dǎo]
derivi;deriv.0i.transpreni;导出[dǎo chū]
parta derivaĵo;deriv.parta0ajxo.MAT;偏微分[piān wēi fēn]
parta derivaĵo;deriv.parta0ajxo.MAT;偏导数[piān dǎo shǔ]
dermo;derm.0o;巩膜[gǒng mò]
dermapteroj;dermap.0oj;蠼螋[jué sōu]
dermatologo;dermat.0o;皮肤科医师[pí fū kē yī shī]
dermatologiisto;dermat1.0isto;皮肤科医师[pí fū kē yī shī]
dermatologio;dermat1.0o;皮科[pí kē]
dermatologio;dermat1.0o;皮肤病学[pí fū bìng xué]
dermatito;dermit.0o;皮炎[pí yán]
dermatito;dermit.0o;皮肤炎[pí fū yán]
dermito;dermit.0o;皮炎[pí yán]
dermito;dermit.0o;皮肤炎[pí fū yán]
descendi;descend.0i;而下[ér xià]
descendi;descend.0i;爬下[pá xia]
desegnaĵo;desegn.0ajxo;图[tú]
desegni;desegn.0i;盘算[pán suàn]
desegni;desegn.0i;手繪[shǒu huì]
desegni;desegn.0i;取[qǔ]
desegnisto;desegn.0isto;签署者[qiān shǔ zhě]
desegnisto;desegn.0isto;签名者[qiān míng zhě]
desegnisto;desegn.0isto;繪圖者[huì tú zhě]
desegno;desegn.0o;图[tú]
desegno;desegn.0o;图样[tú yàng]
desegno;desegn.0o;花色[huā sè]
desegno;desegn.0o;插画[chā huà]
desegno;desegn.0o;成像[chéng xiàng]
deserto;desert.0o;飯後甜食[fàn hòu tián shí]
deserto;desert.0o;飯後點心[fàn hòu diǎn xīn]
deserto;desert.0o;后餐[hòu cān]
deserto;desert.0o;主餐后的甜点[zhǔ cān hòu de tián diǎn]
desinfektaĵo;desinf.0ajxo;消毒剂[xiāo dú jì]
desinfektaĵo;desinf.0ajxo;消毒药剂[xiāo dú yào jì]
desinfektaĵo;desinf.0ajxo;杀菌剂[shā jǔn jì]
desinfekti;desinf.0i;杀菌[shā jùn]
desoksiribozo;desoksiriboz.0o;脫氧核糖[tuō yǎng hé táng]
despera;desper.0a.senbrida;浮[fú]
despera;desper.0a.senespera;絕[jué]
despera;desper.0a.senespera;意志消沉[yì zhì xiāo chén]
despera;desper.0a.senespera;愁容[chóu róng]
despota;despot.0a;专横[zhuān héng]
despota;despot.0a;专制[zhuān zhì]
despotismo;despot.0ismo.POL;暴虐統治[bào nüè tǒng zhì]
despotismo;despot.0ismo.POL;压制统治[yā zhì tǒng zhì]
despotismo;despot.0ismo.POL;作威作福[zuò wēi zuò fú]
destini;destin.0i.elekti;釆[biàn]
destini;destin.0i.decidi_sorton;供[gòng]
destini;destin.0i.decidi_sorton;先定[xiān dìng]
destini;destin.0i.decidi_ricevon;供[gòng]
destini;destin.0i.decidi_ricevon;遗嘱[yí zhǔ]
destini;destin.0i.decidi_ricevon;詒[yí]
destini;destin.0i.decidi_ricevon;貽[yí]
destini;destin.0i.decidi_ricevon;遗赠[yí zèng]
destini;destin.0i.decidi_ricevon;留遗产给[liú yí chǎn gěi]
destini;destin.0i.decidi_ricevon;轉讓[zhuǎn ràng]
destino;destin.0o;預先註定命運[yù xiān zhù dìng mìng yùn]
destino;destin.0o;宿命[sù mìng]
destino;destin.0o;气数[qì shu]
destino;destin.0o;天机[tiān jī]
destino;destin.0o;大鈞[dà jūn]
destrojero;destrojer.0o;驅追艦[qū zhuī jiàn]
destrojero;destrojer.0o;驅逐艦[qū zhú jiàn]
detala;detal.0a.0hava;詳盡[xiáng jìn]
detala;detal.0a.0hava;詳細[xiáng xì]
detala;detal.0a.0hava;詳細地[xiáng xì de]
detala;detal.0a.0hava;細緻入微[xì zhì rù wēi]
detalado;detal.0ado.EKON;零售貿易[líng shòu mào yì]
detalado;detal.0ado.EKON;零售业[líng shòu yè]
detalado;detal.0ado.EKON;零售商业[líng shòu shāng yè]
detalisto;detal.0isto.vendisto;个体商店[gè tǐ shāng diàn]
detalisto;detal.0isto.vendisto;零售貿易售貨員[líng shòu mào yì shòu huò yuán]
detalisto;detal.0isto.vendisto;零售商[líng shòu shāng]
detalisto;detal.0isto.vendisto;分銷商[fēn xiāo shāng]
detalo;detal.0o.malgravajxo;詳細資料[xiáng xì zī liào]
detalo;detal.0o.malgravajxo;个别部分[gè bié bù fen]
detalo;detal.0o.malgravajxo;詳情[xiáng qíng]
detalo;detal.0o.malgravajxo;細節[xì jié]
detalo;detal.0o.malgravajxo;特殊[té shú]
maldetala;detal.mal0a.malpreciza;概括地[gài kuò dì]
maldetala;detal.mal0a.malpreciza;概略[gài lüè]
maldetala;detal.mal0a.malpreciza;糙[cāo]
detekti;detekt.0i;定位[dìng wèi]
detektilo;detekt.0ilo;检测器[jiǎn cè qì]
detektivo;detekt1.0o.polica;女調查者[nǚ diào chá zhě]
detektivo;detekt1.0o.polica;女調查人員[nǚ diào chá rén yuán]
detektivo;detekt1.0o.polica;女研究人员[nǚ yán jiū rén yuán]
detektivo;detekt1.0o.polica;侦察员[zhēn chá yuán]
detektivo;detekt1.0o.polica;探员[tàn yuán]
detektivo;detekt1.0o.polica;調查人員[diào chá rén yuán]
detektivo;detekt1.0o.polica;調查者[diào chá zhě]
detektivo;detekt1.0o.polica;侦探员[zhēn tàn yuán]
detektivo;detekt1.0o.polica;侦探[zhēn tàn]
detektivo;detekt1.0o.privata;私家侦探[sī jiā zhēn tàn]
detektivo;detekt1.0o.privata;私人侦探[sī rén zhēn tàn]
detektoro;detekt2.0o;检测器[jiǎn cè qì]
detergento;detergent.0o;洗洁剂[xǐ jié jì]
detergento;detergent.0o;淸洗劑[qīng xǐ jì]
detergento;detergent.0o;使淸潔的東西[shǐ qīng jié de dōng xi]
detergento;detergent.0o;清除剂[qīng chú jì]
detergento;detergent.0o;淸潔用品[qīng jié yòng pǐn]
detergento;detergent.0o;擦亮粉[cā liàng fěn]
detergento;detergent.0o;淸潔劑[qīng jié jì]
determinanto;determ.0anto.MAT;行列式[háng liè shì]
determinanto;determ.0anto;决定者[jué dìng zhě]
determini;determ.0i.KOMUNE;釆[biàn]
determinilo;determ.0ilo.GRA;确定者[què dìng zhě]
determinismo;determ.0ismo.SCI;决定论[jué dìng lùn]
detonacio;;引爆[yǐn bào]
Detrojto;detrojt.0o;底特律[dǐ tè lü]
detrua;detru.0a;破坏性[pò huài xìng]
detrui;detru.0i;砸毀[zá huǐ]
detrui;detru.0i;害死[hài sǐ]
detrui;detru.0i;劐[huō]
detrui;detru.0i;攋[là]
detrui;detru.0i;毀損[huǐ sǔn]
detrui;detru.0i;摧残[cuī cán]
detrui;detru.0i;毀壞[huǐ huài]
detrui;detru.0i;残[cán]
detrui;detru.0i;毀壞[huǐ hài]
detrui;detru.0i;毁[huǐ]
detruo;detru.0o;滅亡[miè wáng]
deŭterio;deuxte.0o;氘[dāo]
devi;dev.0i;須要[xū yào]
devi;dev.0i;总得[zǒng děi]
devi;dev.0i;該[gāi]
devigi;dev.0igi;強迫性[qiǎng pò xìng]
devigi;dev.0igi;拘束[jū shù]
devigi;dev.0igi;要挟[yāo xié]
devigi;dev.0igi;迫使[pò shǐ]
devigi;dev.0igi;不自然[bù zì rán]
devigi;dev.0igi;逼人[bī rén]
devigi;dev.0igi;裹挟[guǒ xié]
devigi;dev.0igi;逼迫[bī pò]
devigo;dev.0igo;暴力胁迫[bào lì xié pò]
devigo;dev.0igo;威迫[wēi pò]
devigo;dev.0igo;強制[qiáng zhì]
devigo;dev.0igo;胁迫[xié pò]
devigo;dev.0igo;強迫[qiǎng pò]
devo;dev.0o;职守[zhí shǒu]
devo;dev.0o;职分[zhí fèn]
devo;dev.0o;金融债务[jīn róng zhài wù]
devo;dev.0o;責[zé]
nedeviga;dev.ne0iga;可任意选择[kě rèn yì xuǎn zé]
nedeviga;dev.ne0iga;任选[rèn xuǎn]
nedeviga;dev.ne0iga;选修[xuǎn xiū]
nedeviga;;可选购[kě xuǎn gòu]
nedeviga;;可供用戶選用[kě gōng yòng hù xuǎn yòng]
nedeviga;;用戶可選購的[yòng hù kě xuǎn gòu de]
nedeviga;;用戶可選購[yòng hù kě xuǎn gòu]
nedeviga;;选配[xuǎn pèi]
sindevigo;dev.sin0igo.KOMUNE;自我修养[zì wǒ xiū yǎng]
sindevigo;dev.sin0igo.KOMUNE;自我訓練[zì wǒ xùn liàn]
sindevigo;dev.sin0igo.KOMUNE;自律[zì lü]
sindevigo;dev.sin0igo.memreguligo;自律自我承諾[zì lü zì wǒ chéng nuò]
truddevigi;dev.trud0igi;打扰[dǎ rǎo]
truddevigi;dev.trud0igi;強迫[qiǎng pò]
devanagara skribo;devanagar.0a_skribo;天城文[tiān chéng wén]
devii;devi.0i;有分歧[yǒu fèn qí]
devii;devi.0i;异体[yì tǐ]
devii;devi.0i;偏离[piān lí]
devii;devi.0i;违背[wéi bèi]
devii;devi.0i;漂[piāo]
devii;;紛歧[fēn qí]
devii;;跑題[pǎo tí]
devii;;枝枝節節[zhī zhī jié jié]
deviigi;devi.0igi;使轉向[shǐ zhuǎn xiàng]
deviigi;devi.0igi;引[yǐn]
deviigi;devi.0igi;分散注意[fēn sàn zhù yì]
devio;devi.0o;差异性[chā yì xìng]
devio;devi.0o;象差[xiàng chāi]
devio;devi.0o;歧异[qí yì]
devio;devi.0o;特採[tè cǎi]
devio;devi.0o;乖离[guāi lí]
devio;devi.0o;誤差[wù chā]
devio;devi.0o;偏差[piān chā]
devio;devi.0o;差[chā]
devio;devi.0o;远足[yuǎn zú]
varianca devio;devi.varianca0o;标准差[biāo zhǔn chā]
varianca devio;devi.varianca0o;标准偏差[biāo zhǔn piān chā]
devizo;deviz.0o.HER;口号[kǒu háo]
devizo;deviz.0o.HER;座右銘[zuò yòu míng]
devizo;deviz1.0o.EKON;外匯[wài huì]
devizo;deviz1.0o.EKON;外币[wài bì]
devizo;deviz.0o.HER;銘言[míng yán]
devizo;deviz.0o.HER;外匯支出[wài huì zhī chū]
devono;devon.0o.GEOL;泥盆紀[ní pén jì]
dezerta;dezert.0a.FIG;厌倦[yàn juàn]
dezerta;dezert.0a.FIG;萧索[xiāo suǒ]
dezerta;;荒[huāng]
dezertigi;dezert.0igi;惘[wǎng]
dezertigi;dezert.0igi;毀掉[huǐ diào]
dezertigi;dezert.0igi;摧[cuī]
dezerto;dezert.0o;荒地[huāng dì]
dezerto;dezert.0o;废地[fèi dì]
dezerto;dezert.0o;荒野[huāng yě]
dezerto;dezert.0o;广漠[guǎng mò]
dezerto;dezert.0o;漠[mò]
dezertulo;dezert.0ulo;隐居者[yǐn jū zhě]
dezertulo;dezert.0ulo;隐士[yǐn shì]
dezertulo;dezert.0ulo;行者[xíng zhě]
deziregi;dezir.0egi;眼热[yǎn rè]
deziregi;dezir.0egi;覬[jì]
deziregi;dezir.0egi;嗜好[shì hào]
deziregi;dezir.0egi;愒[kài]
deziregi;dezir.0egi;恏[hào]
deziregi;dezir.0egi;意愿[yì yuàn]
deziri;dezir.0i.porSiMem;企求[qǐ qiú]
deziri;dezir.0i.porSiMem;恨不得[hèn bù dé]
deziri;dezir.0i.porSiMem;愒[kài]
deziri;dezir.0i.porSiMem;祝愿[zhù yuàn]
deziri;dezir.0i.porSiMem;想要[xiǎng yào]
deziri;dezir.0i.alIu;祝[zhù]
deziro;dezir.0o.ago;愒[kài]
bondeziri;dezir.bon0i;崧祝[sōng zhù]
bondeziri;dezir.bon0i;祝福[zhù fú]
dia;di.0a;神一般[shén yì bān]
dia;di.0a;天神[tiān shén]
dia;di.0a;神圣[shén shèng]
diaĵo;di.0ajxo;神性[shén xìng]
diaĵo;di.0ajxo;神灵[shén líng]
diaĵo;di.0ajxo;神祇[shén chí]
diaĵo;di.0ajxo;庄严[zhuāng yán]
diino;di.0ino;絕代美女[jué dài měi nǚ]
diino;di.0ino;受崇拜的女性[shòu chóng bài de nǚ xìng]
diino;di.0ino;帝女[dì nǚ]
diino;di.0ino;女神[nǚ shén]
diismo;di.0ismo.FIL;自然神論[zì rán shén lùn]
dio;di.0o;上帝[shàng dì]
dio;di.0o;天[tiān]
dio;di.0o;老天[lǎo tiān]
dio;di.0o;老天爷[lǎo tiān yé]
dio;di.0o;上天[shàng tiān]
sendia;di.sen0a.REL;刁[diāo]
sendiulo;di.sen0ulo;无神论者[wú shén lùn zhě]
diabeto;diabet.0o;糖尿病[táng niào bìng]
diabla;diabl.0a;魔鬼似[mó guǐ sì]
diablo;diabl.0o;凶神[xiōng shén]
diablo;diabl.0o;獝[yù]
diablo;diabl.0o;魔[mó]
diablo;diabl.0o;魔鬼[mó guǐ]
diablo;diabl.0o;怪物[guài wù]
diable;diabl.0e;该死[gāi sǐ]
diable;diabl.0e;妈的[mā de]
diable;diabl.0e;我日[wǒ rì]
diable;diabl.0e;他妈的[tā mā de]
diablo;diabl.0o.Satano;路西弗[lù xī fú]
diablo;diabl.0o.Satano;路西法[lù xī fǎ]
diablo;diabl.0o.Satano;撒但[sā dàn]
diablo;diabl.0o.Satano;撒旦[sā dàn]
diablo;diabl.0o.Satano;娑殚[suō dān]
diablo;diabl.0o.Satano;撒殚[sā dān]
diablo;diabl.0o.Satano;敌基督[dí jī dū]
diablo;diabl.0o.Satano;反基督[fǎn jī dū]
diablo;diabl.0o.demono;魅[mèi]
diablo;diabl.0o.demono;恶魔[è mó]
diablo;diabl.0o.demono;邪灵[xié líng]
diablo;diabl.0o.demono;妖[yāo]
diablo;diabl.0o.homo;衣冠禽兽[yī guān qín shòu]
diafana;diafan.0a;透光[tòu guāng]
diafana;diafan.0a;半透明的[bàn tòu míng de]
maldiafana;diafan.mal0a;捉摸不定[zhuō mó bù dìng]
maldiafana;diafan.mal0a;混浊[hún zhuó]
maldiafana;diafan.mal0a;瓀[ruǎn]
diafragmo;diafra.0o.ANA;隔膜[gé mó]
diagnozi;diagno.0i.MED;确诊[què zhěn]
diagnozo;diagno.0o.MED;診斷[zhěn duàn]
diagnozo;diagno.0o;誤診[wù zhěn]
diagonala;diagon.0a;对角[duì jiǎo]
diagonala;diagon.0a;斜对[xié duì]
diagonala;diagon.0a;对角线[duì jiǎo xiàn]
diagramo;diagra.0o;曲線圖[qū xiàn tú]
diagramo;;箓[lù]
diakono;diakon.0o;副主祭[fù zhǔ jì]
diakono;diakon.0o;執事[zhí shì]
diakrita;diakrit.0a.LIN;可区分[kě qū fēn]
diakritilo;diakrit.0ilo.LIN;变音符号[biàn yīn fú hào]
diakritilo;diakrit.0ilo.LIN;变音符[biàn yīn fú]
diakrito;diakrit.0o.LIN;变音符号[biàn yīn fú hào]
diakrito;diakrit.0o.LIN;变音符[biàn yīn fú]
dialekto;dialek.0o;地方方言[dì fang fāng yán]
dialekto;dialek.0o;大白話[dà bái huà]
dialekto;dialek.0o;話調[huà diào]
dialekto;dialek.0o;方言[fāng yán]
dialekto;dialek.0o;本地話[běn dì huà]
dialekto;dialek.0o;土話[tǔ huà]
dialekto;dialek.0o;地方話[dì fang huà]
dialektiko;dialek1.0o;辩证法[biàn zhèng fǎ]
dializo;dializ.0o;透析[tòu xī]
dialogo;dialog.0o.interparolo;两人对话[liǎng rén duì huà]
dialogo;dialog.0o.interparolo;对口谈判[duì kǒu tán pàn]
dialogo;dialog.0o.interparolo;对话[duì huà]
dialogo;dialog.0o.POL;文化交流[wén huà jiāo liú]
dialogo;dialog.0o.POL;語言交換[yǔ yán jiāo huàn]
dialogo;dialog.0o.POL;互相問流[hù xiāng wèn liú]
dialogo;dialog.0o.KOMP;对话框[duì huà kuàng]
dialogujo;dialog.0ujo;对话框[duì huà kuàng]
diamanta;diaman.0a;金刚石制的[jīn gāng shí zhì de]
diamanto;diaman.0o;金刚石[jīn gāng shí]
diamanto;diaman.0o;金刚[jīn gāng]
diamanto;diaman.0o;鑽[zuān]
diametro;diamet.0o;径[jìng]
diametro;diamet.0o;中径[zhōng jìng]
diametro;diamet.0o;直径[zhí jìng]
diametro;diamet.0o;真径[zhēn jìng]
Diano;;黛安娜[dài ān nà]
diandlo;diandl.0o;紧身连衣裙[jǐn shēn lián yī qún]
dianto;diant.0o;石竹[shí zhú]
dianto;diant.0o;蘧[qú]
diapazono;diapaz.0o;音叉[yīn chā]
diapozitivo;diapoz.0o;幻灯片[huàn dēng piàn]
diapozitivo;diapoz.0o;透明程度[tòu míng chéng dù]
diapozitivo;diapoz.0o;透通性[tòu tōng xìng]
diapozitivo;diapoz.0o;透明度[tòu míng dù]
diareo;diare.0o;泻[xiè]
diareo;diare.0o;下痢[xià lì]
diareo;diare.0o;泄泻[xiè xiè]
diareo;diare.0o;拉肚疼[lā dù téng]
diareo;diare.0o;水泻[shuǐ xiè]
diareo;diare.0o;腹泻[fù xiè]
diaso;dias.0o;二迭紀[èr dié jì]
diasporo;diaspor.0o;大移居[dà yí jū]
diastolo;diasto.0o;心脏舒张[xīn zàng shū zhāng]
diastolo;diasto.0o;心脏舒张期[xīn zàng shū zhāng qī]
diastolo;diasto.0o;延長音節[yán cháng yīn jié]
diaterma;diater.0a;透热[tòu rè]
diatomeoj;diatome.0oj;矽藻[xì zǎo]
diatomeoj;diatome.0oj;硅藻[guī zǎo]
diboĉa;dibocx.0a;輕狂[qīng kuáng]
diboĉaĵo;;狂闹[kuáng nào]
diboĉaĵo;;狂欢[kuáng huān]
diboĉi;dibocx.0i;花天酒地[huā tiān jiǔ dì]
diboĉo;;狂欢[kuáng huān]
diboĉulo;dibocx.0ulo;放荡者[fàng dàng zhě]
fordiboĉi;dibocx.for0i;敗家[bài jiā]
didaktika;didakt.0a;好教誨[hǎo jiào huì]
didaktika;didakt.0a;有教育意义[yǒu jiào yù yì yì]
didaktiko;didakt.0o;教学法[jiào xué fǎ]
didelfo;didelf.0o;負鼠[fù shǔ]
didelfedoj;didelf1.0oj;負鼠[fù shǔ]
dielektrika;dielek.0a;非传导性[fēi zhuàn dǎo xìng]
dielektriko;dielek.0o;电介体[diàn jiè tǐ]
dielektriko;dielek.0o;介电质[jiè diàn zhí]
dierezo;dierez.0o.FON;分音符[fēn yīn fú]
dieso;dies.0o.MUZ;升号[shēng hào]
dieso;dies.0o.MUZ;交叉点[jiāo chā diǎn]
dudieso;dies.du0o;重升号[zhòng shēng hào]
dieto;diet.0o;規定飲食[guī dìng yǐn shí]
dieto;diet.0o;節食[jié shí]
dieto;diet.0o;特种饮食[tè zhǒng yǐn shí]
dieto;diet.0o;健怡[jiàn yí]
dieti;;减肥[jiǎn féi]
dieti;;戒口[jiè kǒu]
difektebla;difekt.0ebla;脆弱[cuì ruò]
difekti;difekt.0i;损坏[sǔn huài]
difekti;difekt.0i;惎[jì]
difekti;difekt.0i;儡[lěi]
difekti;difekt.0i;不能用[bù néng yòng]
difekti;difekt.0i;损伤[sǔn shāng]
difekti;difekt.0i;坏了[huài le]
difekti;difekt.0i;摔[shuāi]
difektiĝema;difekt.0igxema;脆弱[cuì ruò]
difektiĝi;difekt.0igxi;下水[xià shuǐ]
difektita;difekt.0ita;破损[pò sǔn]
difektita;difekt.0ita;汙[wū]
difektita;difekt.0ita;受损[shòu sǔn]
difektita;difekt.0ita;损毁[sǔn huǐ]
difekto;difekt.0o;花費[huā fèi]
difekto;difekt.0o;受损[shòu sǔn]
difekto;difekt.0o;坏处[huài chu]
difekto;difekt.0o;无损[wú sǔn]
difekto;difekt.0o;坏处[huài chù]
nedifektebla;difekt.ne0ebla;坚不可摧[jiān bù kě cuī]
nedifektebla;difekt.ne0ebla;不可毀滅[bù kě huǐ miè]
nedifektebla;difekt.ne0ebla;不能破坏[bù néng pò huài]
sendifekta;difekt.sen0a;沒有受傷[méi yǒu shòu shāng]
sendifekta;difekt.sen0a;完美[wán měi]
sendifekta;difekt.sen0a;完美无缺[wán měi wú quē]
sendifekta;difekt.sen0a;无缺[wú quē]
diferenca;difere.0a;参[cān]
diferenca;difere.0a;时大时小[shí dà shí xiǎo]
diferenca;difere.0a;悬殊[xuán shū]
diferenci;difere.0i;相差[xiāng chà]
diferenci;difere.0i;有分歧[yǒu fèn qí]
diferencigi;difere.0igi;不同寻常[bù tóng xún cháng]
diferencigi;difere.0igi;有区别[yǒu qū bié]
diferencigi;difere.0igi;辩别[biàn bié]
diferencigi;difere.0igi;辨[biàn]
diferenco;difere.0o.KLA;差异[chā yì]
diferenco;difere.0o.KLA;差分[chā fēn]
diferenco;difere.0o.KLA;差距[chā jù]
diferenco;difere.0o.KLA;区别[qū bié]
diferenciala;difere2.0a;有差別[yǒu chā bié]
diferencialebla;difere2.0ebla;可微分的[kě wēi fēn de]
diferencialebla;difere2.0ebla;可微的[kě wēi de]
diferencialo;difere2.0o;微分[wēi fēn]
difini;difin.0i;确定[què dìng]
difini;difin.0i;明确[míng què]
difini;difin.0i;指定[zhǐ dìng]
difini;;界定[jiè dìng]
difino;difin.0o.klarigo;定义[dìng yì]
antaŭdifini;;先定[xiān dìng]
sendifina;difin.sen0a.nepreciza;未定义[wèi dìng yì]
sendifina;difin.sen0a.nepreciza;未决定[wèi jué dìng]
sendifina;difin.sen0a.nepreciza;含糊[hán hú]
difrakto;difrak.0o;衍射[yǎn shè]
difterio;difter.0o.MED;白喉[bái hóu]
diftongo;difton.0o;双元音[shuāng yuán yīn]
diftongo;difton.0o;双母音[shuāng mǔ yīn]
difuzo;difuz.0o;扩散[kuò sàn]
difuzo;difuz.0o;漫射[màn shè]
difuzo;difuz.0o;散射[sǎn shè]
difuzo;;散射[sǎn shè]
digi;dig.en0igi.FIG;筑堤[zhú tí]
digestiga;digest.0iga;消食[xiāo shí]
digesto;digest.0o;消化力[xiāo huà lì]
digesto;digest.0o;消化[xiāo huà]
nedigestebla;digest.ne0ebla;不能消化[bù néng xiāo huà]
nedigestebla;digest.ne0ebla;难接受[nàn jiē shòu]
nedigestebla;digest.ne0ebla;无法消化[wú fǎ xiāo huà]
nedigestebla;digest.ne0ebla;不会消化的[bù huì xiāo huà de]
digitalo;digita.0o;毛地黃[máo de huáng]
digneco;dign.0eco;尊严[zūn yán]
digna;;凝重[níng zhòng]
digna;;端庄[duān zhuāng]
digna;;威严[wēi yán]
digna;;雍容华贵[yōng róng huá guì]
digno;dign.0o.respekto;借方[jiè fāng]
memdigno;dign.mem0o;自愛[zì ài]
memdigno;dign.mem0o;自重[zì zhòng]
memdigno;dign.mem0o;自尊[zì zūn]
diĥotomia;;二分法式的[èr fēn fǎ shì de]
dika;dik.0a;最胖[zuì pàng]
dika;dik.0a;胖[pàng]
dika;dik.0a;垕垕[hòu hòu]
dikeco;dik.0eco;厚薄[hòu bó]
dikiĝi;dik.0igxi;发胖[fā pàng]
diko;dik.0o.dimensio;厚薄[hòu bó]
dikulo;dik.0ulo;啤酒桶[pí jiǔ tǒng]
maldika;dik.mal0a;細致優雅[xì zhì yōu yǎ]
maldika;dik.mal0a;薄[báo]
maldika;dik.mal0a;薄薄地[bó bó de]
maldika;dik.mal0a;单薄[dān bó]
maldika;dik.mal0a;稀薄[xī bó]
maldika;dik.mal0a;淡薄[dàn bó]
maldika;dik.mal0a;癯[qú]
maldika;dik.mal0a;鞙[xuàn]
maldika;dik.mal0a;疏[shù]
maldika;dik.mal0a;柴[chái]
maldika;;痩長的[shòu cháng de]
maldika;;瘦長的[shòu cháng de]
trodika;;使润滑[shǐ rùn huá]
trodika;;塗脂於[tú zhī yú]
trodika;;油腻[yóu nì]
trodikeco;dik.tro0eco.MED;超重[chāo zhòng]
trodikeco;dik.tro0eco.MED;肥胖[féi pàng]
diklina;diklin.0a;男女通用[nán nǚ tōng yòng]
diklina;diklin.0a;单性[dān xìng]
diktaĵo;dikt.0ajxo;口述[kǒu shù]
diktaĵo;dikt.0ajxo;听写[tīng xiě]
diktaĵo;dikt.0ajxo;口授[kǒu shòu]
diktatora;diktat.0a;飛揚跋扈[fēi yáng bá hù]
diktatoro;diktat.0o;使人听写者[shǐ rén tīng xiě zhě]
diktatoro;diktat.0o;独裁政权执政者[dú cái zhèng quán zhí zhèng zhě]
diktatoro;diktat.0o;口授者[kǒu shòu zhě]
diktaturo;diktat1.0o;暴虐統治[bào nüè tǒng zhì]
diktaturo;diktat1.0o;压制统治[yā zhì tǒng zhì]
diktaturo;diktat1.0o;作威作福[zuò wēi zuò fú]
diktatura;diktat1.0a;飛揚跋扈[fēi yáng bá hù]
dilati;dilat.0i.FIZ;宽限[kuān xiàn]
dilati;dilat.0i.FIZ;伸[shēn]
dilati;dilat.0i.FIZ;申[shēn]
dilatiĝi;dilat.0igxi;胀[zhàng]
dilato;dilat.0o;延伸率[yán shēn shuài]
dilato;dilat.0o;拉矫率[lā jiǎo shuài]
dilato;dilat.0o;伸長[shēn cháng]
dildo;dild.0o;假阴茎[jiǎ yīn jīng]
dilemo;dilem.0o;两难推理[liǎng nán tuī lǐ]
dilemo;dilem.0o;进退两难[jìn tuì liǎng nán]
dilemo;dilem.0o;难题[nán tí]
dilemo;dilem.0o;窘境[jiǒng jìng]
diletanta;dileta.0a;外行[wài háng]
diletanta;dileta.0a;非专业[fēi zhuān yè]
diletanta;dileta.0a;不专业[bù zhuān yè]
diletanta;dileta.0a;不熟練[bù shú liàn]
diletanta;;破烂[pò làn]
diletanto;dileta.0o;外行[wài háng]
diligenta;dilige.0a;忙碌的[máng lù de]
diligenta;dilige.0a;孜[zī]
diligenta;dilige.0a;敬业[jìng yè]
diligenta;dilige.0a;勤[qín]
diligenta;dilige.0a;巴結[bā jie]
diligenta;dilige.0a;勤奋[qín fèn]
diligenta;dilige.0a;忙碌[máng lù]
diligenti;dilige.0i;努力[nǔ lì]
diligenti;dilige.0i;努力工作[nǔ lì gōng zuò]
diligento;dilige.0o;刻苦[kè kǔ]
diligento;dilige.0o;勤勉[qín miǎn]
maldiligenta;dilige.mal0a;惰[duò]
maldiligenta;dilige.mal0a;不愛勞動[bù ài láo dòng]
maldiligenta;dilige.mal0a;厌恶劳动[yàn wù láo dòng]
maldiligenti;dilige.mal0i;偷懒[tōu lǎn]
maldiligenteco;dilige.mal0o;懒散[lǎn sǎn]
dilui;dilu.0i;水分多[shuǐ fèn duō]
dilui;dilu.0i;使走样[shǐ zǒu yàng]
dilui;dilu.0i;掺水[chān shuǐ]
dilui;dilu.0i;加水冲淡[jiā shuǐ chōng dàn]
dilui;dilu.0i;变尖[biàn jiān]
dilui;dilu.0i;变细[biàn xì]
maldilui;;集中[jí zhōng]
diluvo;diluv.0o;大洪水[dà hóng shuǐ]
diluvio;diluvi.0o;更新世[gēng xīn shì]
dimensio;dimens.0o.ampleksa;維數[wéi shù]
dimensio;dimens.0o.ampleksa;量綱[liàng gāng]
tridimensia;;三維[sān wéi]
tridimensia;;立体[lì tǐ]
dudimensia;;两种尺寸[liǎng zhǒng chí cun]
dudimensia;;二維[èr wéi]
dinamika;dinami.0a.FIG;充满生机[chōng mǎn shēng jī]
dinamika;dinami.0a.FIG;有生命力[yǒu shēng mìng lì]
dinamika;dinami.0a.FIG;有強度[yǒu qiáng dù]
dinamiko;dinami.0o;动力学[dòng lì xué]
aerdinamiko;dinami.aer0.FIZ;空气动力学[kōng qì dòng lì xué]
elektrodinamiko;dinami.elektro0o;电动力学[diàn dòng lì xué]
akvodinamiko;dinami.akvo0o;流体力学[liú tǐ lì xué]
fludinamiko;dinami.flu0;流体动力学[liú tǐ dòng lì xué]
fludinamiko;dinami.flu0;连续介质力学[lián xù jiè zhì lì xué]
varmodinamiko;dinami.varmo0o;传热学[zhuàn rè xué]
varmodinamiko;;热力学[rè lì xué]
varmodinamiko;;保温陶瓷[bǎo wēn táo cí]
dinamito;dinami2.0o;硝化甘油炸药[xiāo huà gān yóu zhà yào]
dinamito;dinami2.0o;用炸药爆炸[yòng zhà yào bào zhà]
dinamito;dinami2.0o;代拿买特[dài ná mǎi tè]
dinaro;dinar.0o;第納爾[dì nà ěr]
dinastio;dinast.0o;朝[cháo]
dinastio;dinast.0o;朝代[cháo dài]
dinastio;dinast.0o;王朝[wáng cháo]
dingo;ding.0o;澳洲野犬[ào zhōu yě quǎn]
dinosaŭro;dinosa.0o.PAL;恐龍[kǒng lóng]
dinoterio;dinote.0o;恐象[kǒng xiàng]
diocezo;diocez.0o;教区[jiào qū]
diocezo;diocez.0o;主教管区[zhǔ jiào guǎn qū]
diodo;diod.0o.lampo;二极管[èr jí guǎn]
diodo;diod.0o.lampo;二极体[èr jí tǐ]
laserdiodo;diod.laser0o;半导体激光器[bàn dǎo tǐ jī guāng qì]
laserdiodo;diod.laser0o;激光二极管[jī guāng èr jí guǎn]
lumdiodo;diod.lum0o.ELE;发光二极管[fā guāng èr jí guǎn]
lumdiodo;diod.lum0o.ELE;光发射二极管[guāng fā shè èr jí guǎn]
lumdiodo;diod.lum0o.ELE;光二极管[guāng èr jí guǎn]
karbondioksido;dioksid.karbon0o;二氧化碳[èr yǎng huà tàn]
karbondioksido;dioksid.karbon0o;碳酸气[tàn suān qì]
dioksino;dioksin.0o;戴奥辛[dài ào xīn]
Dionizo;dioniz.0o.dio;狄俄尼索斯[dí é ní suǒ sī]
Dionizo;dioniz.0o.dio;狄俄倪索斯[dí é ní suǒ sī]
Dionizio;dionizi.0o;小狄奥尼西奥斯[xiǎo dí ào ní xī ào sī]
dioptrio;dioptr.0o;屈光度[qū guāng dù]
dioptrio;dioptr.0o;屈光度計[qū guāng dù jì]
dioptrio;dioptr.0o;照准器[zhào zhǔn qì]
dioskoreo;dioskore.0o;山药[shān yao]
diplodoko;diplod.0o;梁龍[liáng lóng]
diplomo;diplom.0o;公文[gōng wén]
diplomo;diplom.0o;毕业文凭[bì yè wén píng]
diplomo;diplom.0o;奖状[jiǎng zhuàng]
diplomo;diplom.0o;證書[zhèng shū]
diplomito;diplom.0ito;毕业生[bì yè shēng]
diplomata;diplom1.0a;外交上[wài jiāo shàng]
diplomata;diplom1.0a;外交方式[wài jiāo fāng shì]
diplomato;diplom1.0o.POL;外交官[wài jiāo guān]
diplomato;diplom1.0o.POL;外交家[wài jiāo jiā]
diplomatiisto;diplom2.0isto;外交官[wài jiāo guān]
diplomatiisto;diplom2.0isto;外交家[wài jiāo jiā]
dipsako;dipsak.0o;使起絨[shǐ qǐ róng]
dipteroj;dipter.0oj;双翅目[shuāng chì mù]
diri;dir.0i;表达[biǎo dá]
diri;;好似[hǎo sì]
diri;;好象[hǎo xiàng]
diri;;謂[wèi]
diro;dir.0o;言詞[yán cí]
diro;dir.0o;电视广播机[diàn shì guǎng bō jī]
diro;dir.0o;報告節目[bào gào jié mù]
antaŭdiri;dir.antaux0i;預卜[yù bǔ]
antaŭdiristo;dir.antaux0isto;算命者[suàn mìng zhě]
antaŭdiristo;dir.antaux0isto;預言者[yù yán zhě]
antaŭdiristo;dir.antaux0isto;占卜者[zhān bǔ zhě]
antaŭdiristo;dir.antaux0isto;算命[suàn mìng]
antaŭdiristo;dir.antaux0isto;預言家[yù yán jiā]
antaŭdiristo;dir.antaux0isto;先知[xiān zhī]
antaŭdiristo;dir.antaux0isto;預告者[yù gào zhě]
antaŭdiro;dir.antaux0o.KOMUNE;其先[qí xiān]
antaŭdiro;dir.antaux0o.KOMUNE;預報[yù bào]
antaŭdiro;dir.antaux0o.KOMUNE;卜[bǔ]
antaŭdiro;dir.antaux0o.KOMUNE;預兆[yù zhào]
eldiri;dir.el0i;表达[biǎo dá]
eldiri;dir.el0i;片語[piàn yǔ]
eldiri;dir.el0i;露韓[lù hán]
eldiri;dir.el0i;吐露[tǔ lù]
eldiro;dir.el0o.LIN;言詞[yán cí]
eldiro;dir.el0o.LIN;言談[yán tán]
ĝustadire;dir.gxusta0e.ARG;說實在的[shuō shí zài de]
ĝustadire;dir.gxusta0e.ARG;确切地说[què qiè de shuō]
kontraŭdiri;dir.kontraux0i;牴触[dǐ chù]
kontraŭdiri;dir.kontraux0i;駁[bó]
kontraŭdiri;dir.kontraux0i;頂撞[dǐng zhuàng]
kontraŭdiro;dir.kontraux0o;相争[xiāng zhēng]
kontraŭdiro;dir.kontraux0o;对比法[duì bǐ fǎ]
kontraŭdiro;dir.kontraux0o;抗訴[kàng sù]
kontraŭdiro;dir.kontraux0o;正相反[zhèng xiāng fǎn]
kontraŭdiro;dir.kontraux0o;不和諧[bù hé xié]
kontraŭdiro;dir.kontraux0o;不一致[bù yī zhì]
kontraŭdiri;;抵触[dǐ chù]
kvazaŭdiri;dir.kvazaux0i;略提[lüè tí]
kvazaŭdiri;dir.kvazaux0i;略带[lüè dài]
kvazaŭdiri;dir.kvazaux0i;暗含[àn hán]
laŭdire;dir.laux0e.KOMUNE;据说[jù shuō]
malbondiri;dir.malbon0i.KOMUNE;講求[jiǎng qiú]
malbondiri;dir.malbon0i.KOMUNE;詆[dǐ]
nedirebla;dir.ne0ebla.KOMUNE;无法表达[wú fǎ biǎo dá]
nedirebla;dir.ne0ebla.KOMUNE;难言[nán yán]
nedirebla;dir.ne0ebla.KOMUNE;不可言传[bù kě yán chuán]
nedirebla;dir.ne0ebla.KOMUNE;不能用語言表達[bù néng yòng yǔ yán biǎo dá]
onidiro;dir.oni0o;小道消息[xiǎo dào xiāo xí]
onidiro;dir.oni0o;謠言[yáo yán]
onidiro;dir.oni0o;未知[wèi zhī]
onidiro;dir.oni0o;流言蜚語[liú yán fēi yǔ]
onidiro;dir.oni0o;声闻[shēng wén]
onidiro;dir.oni0o;謠傳[yáo chuán]
onidiro;dir.oni0o;謠[yáo]
popoldiro;dir.popol0o;古話[gǔ huà]
popoldiro;dir.popol0o;老話[lǎo huà]
popoldiro;dir.popol0o;諺[yàn]
popoldiro;dir.popol0o;俗話[sú huà]
tieldire;dir.portiel0i.KOMUNE;可以这么说[kě yǐ zhè me shuō]
tieldire;dir.portiel0i.KOMUNE;好比[hǎo bǐ]
tieldire;dir.portiel0i.KOMUNE;可謂[kě wèi]
tieldire;dir.portiel0i.KOMUNE;可說是[kě shuō shì]
propradire;dir.propra0e.ARG;真个[zhēn gè]
rediri;;温习[wēn xí]
rediri;;重蹈[chóng dào]
rediri;;反覆[fǎn fù]
rediri;;中繼[zhōng jì]
transdiri;;轉遞[zhuǎn dì]
verdire;dir.ver0e.ARG;真正[zhēn zhèng]
verdire;dir.ver0e.ARG;确[què]
verdire;dir.ver0e.ARG;着实[zhuó shí]
verdire;;諶[chén]
Dirako;dirak.0o;保罗狄拉克[bǎo luó dí lā kè]
direkcio;direkc.0o.estraro;管理部門或機構[guǎn lǐ bù mén huò jī gòu]
direkcio;direkc.0o.estraro;董事局[dǒng shì jú]
direkcio;direkc.0o.estraro;总局[zǒng jú]
direktado;direkt.0ado;領導[lǐng dǎo]
direktantaro;direkt.0antaro;管理部門或機構[guǎn lǐ bù mén huò jī gòu]
direktantaro;direkt.0antaro;董事局[dǒng shì jú]
direkti;direkt.0i;带领[dài lǐng]
direkti;direkt.0i;导[dǎo]
direkti;direkt.0i;領導[lǐng dǎo]
direkti;direkt.0i;指导[zhǐ dǎo]
direkti;direkt.0i;管理[guǎn lǐ]
direkti;direkt.0i;馭[yù]
direkti;direkt.0i;驅[qū]
direkti;direkt.0i;御[yù]
direkti;direkt.0i;駕[jià]
direktilisto;direkt.0ilisto;大夥[dà huǒ]
direktilo;direkt.0ilo;轉向輪[zhuǎn xiàng lún]
direktilo;direkt.0ilo;方向盘[fāng xiàng pán]
direktilo;direkt.0ilo;車把[chē bǎ]
direkto;direkt.0o.kien;方向感[fāng xiàng gǎn]
direkto;direkt.0o.kien;頁面方向[yè miàn fāng xiàng]
direkto;direkt.0o.kien;旋轉方向[xuán zhuǎn fāng xiàng]
direkto;;指示方向的箭头[zhǐ shì fāng xiàng de jiàn tóu]
direkto;direkt.0o.instrukcio;手冊[shǒu cè]
direkto;direkt.0o.instrukcio;指导路线[zhǐ dǎo lù xiàn]
direkto;direkt.0o.instrukcio;准绳[zhǔn shéng]
direkto;direkt.0o.instrukcio;指南[zhǐ nán]
direkto;;方向[fāng xiang]
direkto;;趋向[qū xiàng]
direkto;;方[fāng]
direkto;;逆向[nì xiàng]
alidirekti;direkt.ali0i;使轉向[shǐ zhuǎn xiàng]
alidirekti;direkt.ali0i;引[yǐn]
ĉiudirekta;direkt.cxiu0a;八面[bā miàn]
ĉiudirekta;direkt.cxiu0a;方方面面[fāng fāng miàn miàn]
diversdirekta;direkt.divers0a;多方位[duō fāng wèi]
dudirekta;direkt.du0a;双向[shuāng xiàng]
dudirekta;direkt.du0a;正反两面[zhèng fǎn liǎng miàn]
dudirekta;direkt.du0a;相互[xiāng hù]
dudirekta;direkt.du0a;彼此[bǐ cǐ]
dudirekta;direkt.du0a;互[hù]
ĉiudirekta;;全方位[quán fāng wèi]
unudirekta;direkt.unu0a;只有一边[zhǐ yǒu yī biān]
unudirekta;direkt.unu0a;在一方面[zài yì fāng miàn]
direktoro;direkt1.0o;校長[xiào zhǎng]
direktoro;direkt1.0o;長[zhǎng]
direktoro;direkt1.0o;董[dǒng]
direktoro;direkt1.0o;厅长[tīng zhǎng]
direktoro;direkt1.0o;总监[zǒng jiān]
direktoro;direkt1.0o;司長[sī zhǎng]
direktoro;direkt1.0o;局長[jú zhǎng]
direktoro;direkt1.0o;总干事[zǒng gàn shì]
direktoro;direkt1.0o;院長[yuàn zhǎng]
direktoro;direkt1.0o;主任[zhǔ rèn]
direktorio;direkt2.0o;經理部[jīng lǐ bù]
direktorio;direkt2.0o;經理室[jīng lǐ shì]
direktorio;direkt2.0o;理事会[lǐ shì huì]
direktivo;direktiv.0o;命令[mìng lìng]
direktivo;direktiv.0o;線論[xiàn lùn]
direktivo;direktiv.0o;匯票[huì piào]
direktivo;;指导路线[zhǐ dǎo lù xiàn]
direktivo;;准绳[zhǔn shéng]
dirigento;dirigent.0o;乐队指挥[yuè duì zhǐ huī]
dirigento;dirigent.0o;指挥者[zhǐ huī zhě]
dirigento;dirigent.0o;指挥家[zhǐ huī jiā]
dirigento;dirigent.0o;指挥[zhǐ huī]
disa;dis.0a.KOMUNE;拆分[chāi fēn]
disa;dis.0a.KOMUNE;睽[kuí]
diseco;dis.0eco.KOMUNE;区隔[qū gé]
diseco;dis.0eco.KOMUNE;四散[sì sàn]
diseco;dis.0eco.KOMUNE;散心[sàn xīn]
disigi;dis.0igi;頖[pàn]
disigi;dis.0igi;軼[yì]
disigi;dis.0igi;疏散[shū sàn]
disigi;dis.0igi;散出[sàn chū]
disigi;dis.0igi;分佈[fēn bù]
disigi;dis.0igi;局部[jú bù]
disiĝi;dis.0igxi;分手[fēn shǒu]
disiĝi;dis.0igxi;分別[fēn bié]
disiĝi;dis.0igxi;离别[lí bié]
disiĝi;dis.0igxi;失散[shī sàn]
fokusdiseco;dis.fokus0eco.MAT;离心率[lí xīn lü]
fokusdiseco;dis.fokus0eco.MAT;偏心率[piān xīn lü]
nedisigebla;dis.ne0igebla;密不可分[mì bù kě fēn]
nedisigebla;dis.ne0igebla;不能分[bù néng fèn]
nedisigebla;dis.ne0igebla;不可分[bù kě fēn]
nedisigebla;dis.ne0igebla;形影不离[xíng yǐng bù lí]
disciplina;discip.0a;遵守紀律[zūn shǒu jì lü]
disciplina;discip.0a;有組織[yǒu zǔ zhī]
disciplina;discip.0a;受过训练[shòu guò xùn liàn]
disciplinemo;discip.0emo;紀律[jì lü]
disciplinemo;discip.0emo;統屬[tǒng shǔ]
disciplini;discip.0i;惩[chéng]
disciplini;discip.0i;管教[guǎn jiào]
disciplini;discip.0i;馴[xún]
disciplini;discip.0i;惩处[chéng chù]
disciplino;discip.0o;紀律[jì lü]
disciplino;discip.0o;訓育[xùn yù]
disciplino;discip.0o;分类方法[fēn lèi fāng fǎ]
disciplino;discip.0o;紀[jì]
disciplino;discip.0o;自我修养[zì wǒ xiū yǎng]
disciplino;discip.0o;自我訓練[zì wǒ xùn liàn]
disciplino;discip.0o;自律[zì lü]
memdisciplino;discip.mem0o;自我修养[zì wǒ xiū yǎng]
memdisciplino;discip.mem0o;自我訓練[zì wǒ xùn liàn]
memdisciplino;discip.mem0o;自律[zì lü]
disĉiplo;discxi.0o.FIL;弟子[dì zǐ]
disĉiplo;discxi.0o.FIL;徒[tú]
disdegni;disdegn.0i;鄙視[bǐ shì]
disdegni;disdegn.0i;蔑視[miè shì]
disdegni;disdegn.0i;漠視[mò shì]
disdegno;disdegn.0o;看不起[kàn bu qǐ]
disdegno;disdegn.0o;渺視[miǎo shì]
disdegno;disdegn.0o;輕視[qīng shì]
disenterio;disent.0o;痢[lì]
disenterio;disent.0o;疶[xiè]
disertaĵo;disert.0ajxo;博士論文[bó shì lùn wén]
disertacio;disert1.0o;博士論文[bó shì lùn wén]
disforio;disfori.0o;烦躁不安[fán zào bù ān]
disidento;disident.0o;异己分子[yì jǐ fēn zǐ]
disidento;disident.0o;持不同政見者[chí bù tóng zhèng jiàn zhě]
disidento;disident.0o;抗議者[kàng yì zhě]
disipi;disip.0i;滥施[làn shī]
disipi;disip.0i;糟踏[zāo tà]
disipi;disip.0i;靡[mí]
disipi;disip.0i;空耗[kōng hào]
disipi;disip.0i;嘥[sāi]
disjunkcio;disjun.0o.logika;反意[fǎn yì]
disjunkcio;disjun.0o.logika;逻辑或[luó jí huò]
diskaparato;;軟驅[ruǎn qū]
diskaparato;;軟盤驅動器[ruǎn pán qū dòng qì]
diskaparato;;磁盘驱动器[cí pán qū dòng qì]
disketo;disk.0eto;軟磁盤[ruǎn cí pán]
disketo;disk.0eto;軟盤[ruǎn pán]
diskaparato;;硬磁盘[yìng cí pán]
diskaparato;;硬盘驱动器[yìng pán qū dòng qì]
diskingo;disk.0ingo.KOMP;軟驅[ruǎn qū]
diskingo;disk.0ingo.KOMP;軟盤驅動器[ruǎn pán qū dòng qì]
diskingo;disk.0ingo.KOMP;磁盘驱动器[cí pán qū dòng qì]
diskingo;disk.0ingo.KOMP;硬磁盘[yìng cí pán]
diskingo;disk.0ingo.KOMP;硬盘驱动器[yìng pán qū dòng qì]
diskingo;disk.0ingo.KOMP;光盘驱动器[guāng pán qū dòng qì]
disko;disk.0o;碟片[dié piàn]
disko;disk.0o;圆盘[yuán pán]
disko;disk.0o;感化餅乾[gǎn huà bǐng gān]
fiksita disko;disk.fiksita_0o;硬盘[yìng pán]
fiksita disko;disk.fiksita_0o;硬碟[yìng dié]
flugdiso;;鐵餅[tiě bǐng]
lumdiskego;disk.lum0ego;压缩比低[yā suō bǐ dī]
lumdiskego;disk.lum0ego;可以放多个音轨[kě yǐ fàng duō gè yīn guǐ]
lumdiskego;disk.lum0ego;东芝等倡导[dōng zhī děng chàng dǎo]
lumdiskego;disk.lum0ego;东芝所倡导[dōng zhī suǒ chàng dǎo]
lumdiskego;disk.lum0ego;是由先鋒[shì yóu xiān fēng]
lumdiskego;disk.lum0ego;理論上來說[lǐ lùn shàng lái shuō]
lumdiskego;disk.lum0ego;分辨率高[fēn biàn shuài gāo]
magneta disko;disk.magneta0o;磁盘格式[cí pán gé shì]
magneta disko;disk.magneta0o;磁盘存储器[cí pán cún chǔ qì]
magneta disko;disk.magneta0o;磁片[cí piàn]
magneta disko;disk.magneta0o;磁盘[cí pán]
sferdisko;disk.sfer0o;球台[qiú tái]
diskanto;diskant.0o;女高音[nǚ gāo yīn]
diskedo;disked.0o;軟磁盤[ruǎn cí pán]
diskedo;disked.0o;軟盤[ruǎn pán]
diskedo;disked.0o;数据软盘[shù jù ruǎn pán]
diskonto;diskon.0o.EKON_elcento;票据贴现人[piào jù tiē xiàn rén]
diskonto;diskon.0o.EKON_elcento;貼現[tiē xiàn]
diskonto;diskon.0o.EKON_spezo;計算現值[jì suàn xiàn zhí]
diskonto;diskon.0o.EKON_spezo;折现[shé xiàn]
diskoteko;diskotek.0o.MUZ;迪斯科舞厅[dí sī kē wǔ tīng]
diskoteko;diskotek.0o.MUZ;迪斯科[dí sī kē]
diskoteko;diskotek.0o.MUZ;迪斯科吧[dí sī kē bā]
diskoteko;diskotek.0o.MUZ;唱片收藏室[chàng piàn shōu cáng shì]
diskreta;diskre.0a.modesta;合乎礼貌[hé hū lǐ mào]
diskreta;diskre.0a.modesta;像样[xiàng yàng]
diskreta;diskre.0a.konfidebla;信得过[xìn de guò]
diskreta;diskre.0a.delikata;低調[dī diào]
diskreta;diskre.0a.delikata;个别[gè bié]
diskreta;diskre.0a.delikata;鞠躬[jū gōng]
diskreta;diskre.0a.MAT;分立[fèn lì]
maldiskreta;diskre.mal0a.sentakta;獗[jué]
maldiskreta;diskre.mal0a.sentakta;儱[lǒng]
maldiskreta;diskre.mal0a.babilema;輕率地[qīng lü de]
maldiskreta;diskre.mal0a.babilema;不謹慎[bù jǐn shèn]
maldiskreta;diskre.mal0a.babilema;魯莽[lǔ mǎng]
diskriminacii;diskrim.0i;有辨識力[yǒu biàn shí lì]
diskriminacii;diskrim.0i;有偏差[yǒu piān chā]
diskriminacii;diskrim.0i;有差別[yǒu chā bié]
diskriminacii;diskrim.0i;受歧視[shòu qí shì]
diskriminacii;diskrim.0i;受到亏待[shòu dào kuī dài]
diskriminacio;diskrim.0o;不公平[bù gōng píng]
diskriminacio;diskrim.0o;不公正[bù gōng zhèng]
diskriminacio;diskrim.0o;歧視[qí shì]
diskrimino;diskrimin.0o;歧視[qí shì]
diskrimini;diskrimin.0i;有辨識力[yǒu biàn shí lì]
diskrimini;diskrimin.0i;有偏差[yǒu piān chā]
diskrimini;diskrimin.0i;有差別[yǒu chā bié]
diskurso;diskur.0o;語篇[yǔ piān]
diskurso;diskur.0o;語段[yǔ duàn]
diskurso;diskur.0o;話語[huà yǔ]
diskurso;diskur.0o;談論[tán lùn]
diskutebla;diskut.0ebla;可討論[kě tǎo lún]
diskutebla;;儗[nǐ]
diskutebla;;有問題[yǒu wèn tí]
diskuti;diskut.0i;辩[biàn]
diskuti;diskut.0i;談論[tán lùn]
diskuti;diskut.0i;阋[xì]
diskuti;diskut.0i;辨难[biàn nàn]
diskuti;diskut.0i;議[yì]
diskuti;diskut.0i;探討[tàn tǎo]
diskutinda;diskut.0inda;値得懷疑[zhí de huái yí]
diskuto;diskut.0o;說道[shuō dào]
diskuto;diskut.0o;議論[yì lùn]
diskuto;diskut.0o;商討[shāng tǎo]
diskuto;diskut.0o;会谈[huì tán]
diskuto;diskut.0o;談論[tán lùn]
diskuto;diskut.0o;討論[tǎo lùn]
pridiskuti;diskut.pri0i;談論[tán lùn]
pridiskuti;diskut.pri0i;評[píng]
pridiskuti;diskut.pri0i;談談[tán tán]
pridiskuti;diskut.pri0i;談到[tán dào]
pridiskuti;diskut.pri0i;辩[biàn]
pridiskuti;diskut.pri0i;商議[shāng yì]
pridiskuti;diskut.pri0i;商榷[shāng què]
disleksia;disleksi.0a;誦讀困難[sòng dú kùn nan]
disleksio;disleksi.0o;閱讀障礙[yuè dú zhàng ài]
disleksio;disleksi.0o;难语症[nàn yǔ zhèng]
dismo;dism.0o;第十[dì shí]
dismo;dism.0o;第十名[dì shí míng]
dispepsio;dispep.0o;胃弱[wèi ruò]
dispepsio;dispep.0o;消化机能障碍[xiāo huà jī néng zhàng ài]
dispersaĵo;disper.0ajxo;色散作用[sè sǎn zuò yòng]
dispersaĵo;disper.0ajxo;弥散[mí sǎn]
dispersaĵo;disper.0ajxo;消散[xiāo sàn]
dispersi;disper.0i;散出[sàn chū]
dispersi;disper.0i;分佈[fēn bù]
disperso;disper.0o;色散作用[sè sǎn zuò yòng]
disperso;disper.0o;弥散[mí sǎn]
disperso;disper.0o;消散[xiāo sàn]
disperso;disper.0o;散射[sǎn shè]
disponaĵo;dispon.0ajxo;发行债券条件[fā xíng zhài quàn tiáo jiàn]
disponaĵo;dispon.0ajxo;体势[tǐ shì]
disponaĵo;dispon.0ajxo;警報[jǐng bào]
disponaĵo;dispon.0ajxo;設備[shè bei]
disponaĵo;dispon.0ajxo;設施[shè shī]
disponaĵo;dispon.0ajxo;保护者[bǎo hù zhě]
disponebla;dispon.0ebla;可处理[kě chǔ lǐ]
disponebla;dispon.0ebla;可自由使用[kě zì yóu shǐ yòng]
disponebla;dispon.0ebla;可支配[kě zhī pèi]
disponebleco;dispon.0ebleco;可用率[kě yòng shuài]
disponigi;dispon.0igi;配用[pèi yòng]
dispozicio;dispozici.0o;性情[xìng qíng]
dispozicio;dispozici.0o;心性[xīn xìng]
dispozicio;dispozici.0o;天性[tiān xìng]
disprozio;disprozi.0o;鏑[dī]
disputi;disput.0i;阋[xì]
disputi;disput.0i;訟[sòng]
disputi;disput.0i;争论[zhēng lùn]
disputi;disput.0i;辨难[biàn nàn]
disputo;disput.0o;争执[zhēng zhí]
pridisputi;disput.pri0i;商議[shāng yì]
pridisputi;disput.pri0i;商量[shāng liáng]
dista;dist.0a;藄[qí]
dista;dist.0a;远距[yuǎn jù]
distanca;distan.0a;倞[liàng]
distanca;distan.0a;移开[yí kāi]
distanca;distan.0a;緬[miǎn]
distanca;distan.0a;辽[liáo]
distanco;distan.0o.SPA;可到达的范围[kě dào dá de fàn wéi]
distanco;distan.0o.SPA;作用半径[zuò yòng bàn jìng]
distanco;distan.0o.SPA;有效距离[yǒu xiào jù lí]
distanco;distan.0o.SPA;蔇[jì]
distanco;distan.0o.SPA;距离[jù lí]
distanco;distan.0o.MAT;間距[jiān jù]
distanco;distan.0o.FIG;差异[chā yì]
distanco;distan.0o.FIG;差分[chā fēn]
distanco;distan.0o.FIG;差距[chā jù]
distanco;distan.0o.FIG;区别[qū bié]
fokusdistanco;;焦距[jiāo jù]
distanciĝi;distan.sin0igi.FIG;背离[bèi lí]
distanciĝi;distan.sin0igi.FIG;远去[yuǎn qù]
distanciĝi;distan.sin0igi;远去[yuǎn qù]
tempdistanco;;时差[shí chā]
viddistanco;distan.vid0o;可見度[kě jiàn dù]
distilado;distil.0ado;蒸餾[zhēng liù]
distilejo;distil.0ejo;酿酒厂[niàng jiǔ chǎng]
distili;distil.0i;餾[liú]
distili;distil.0i;酾[shī]
distililo;distil.0ilo;蒸餾裝置[zhēng liù zhuāng zhì]
distingebla;distin.0ebla.KOMUNE;可区别[kě qū bié]
distingi;distin.0i.percepti;識別[shí bié]
distingi;distin.0i.percepti;辨[biàn]
distingi;distin.0i.percepti;辨認[biàn rèn]
distingi;distin.0i.apartigi;不同寻常[bù tóng xún cháng]
distingi;distin.0i.apartigi;有区别[yǒu qū bié]
distingi;distin.0i.apartigi;辨[biàn]
distingi;distin.0i.apartigi;辩别[biàn bié]
distingiga;distin.0iga;特制五鞭酒[tè zhì wǔ biān jiǔ]
distingiga;distin.0iga;持种[chí zhǒng]
distingigi;distin.0igi;加标志[jiā biāo zhì]
distingiĝi;distin.0igxi;有一个特点[yǒu yī gè tè diǎn]
distingiĝi;distin.0igxi;不同于[bù tóng yú]
distingilo;distin.0ilo;标识物[biāo zhì wù]
distingilo;distin.0ilo;特征[tè zhēng]
distingilo;distin.0ilo;属性[shǔ xìng]
distingilo;distin.0ilo;特質[tè zhì]
distingilo;distin.0ilo;榮譽記號[róng yú jì hao]
distingilo;distin.0ilo;奖状[jiǎng zhuàng]
distingilo;distin.0ilo;勋章[xūn zhāng]
distingo;distin.0o.ago;差別[chā bié]
distingo;distin.0o.ago;异[yì]
nedistingebla;distin.ne0ebla;褪了色[tùn le sè]
distordo;distor.0o.ELE;失真[shī zhēn]
distraĵo;distr.0ajxo;緩和[huǎn hé]
distri;distr.0i.disigi;走散[zǒu sàn]
distri;distr.0i.disigi;辟[pì]
distriĝema;distr.0igxema;散佈地[sàn bù de]
distriĝema;distr.0igxema;不周到[bù zhōu dào]
distriĝi;distr.0igxi;排遣[pái qiǎn]
distro;distr.0o;娛樂[yú lè]
distribui;distri.0i;散出[sàn chū]
distribui;distri.0i;播发[bò fā]
distribui;distri.0i;經銷[jīng xiāo]
probablodistribuo;distri.probablo0o;机率分配[jī lü fēn pèi]
probablodistribuo;distri.probablo0o;机率分布[jī lü fēn bù]
probablodistribuo;distri.probablo0o;概率分佈[gài lü fēn bù]
distrikto;distri1.0o;禺[yú]
distrikto;distri1.0o;街区[jiē qū]
distrikto;distri1.0o;区城[qū chéng]
distrikto;distri1.0o;行政区[xíng zhèng qū]
distrikto;distri1.0o;区号[qū hào]
disturbi;disturb.0i;碍脚[ài jiǎo]
disturbi;disturb.0i;捣[dǎo]
disturbi;disturb.0i;騷擾[sāo rǎo]
disturbi;disturb.0i;打扰[dǎ rǎo]
disturbi;disturb.0i;干扰[gān rǎo]
disturbi;disturb.0i;扰[rǎo]
disturbi;disturb.0i;娆[rǎo]
diveni;diven.0i;猜对[cāi duì]
divenisto;;先見者[xiān jiàn zhě]
divenisto;;算命先生[suàn mìng xiān sheng]
divenisto;;預言家[yù yán jiā]
diverĝa;;歧出[qí chū]
diverĝa;;歧[qí]
diverĝo;diverg.0o;偏离[piān lí]
diverĝo;diverg.0o;发散量[fā sàn liàng]
diverĝo;diverg.0o;散度[sàn dù]
diverĝo;diverg.0o;发散性[fā sàn xìng]
diverĝo;diverg.0o;发散[fā sàn]
diverĝenco;diverg1.0o;偏离[piān lí]
diverĝenco;diverg1.0o;发散量[fā sàn liàng]
diverĝenco;diverg1.0o;散度[sàn dù]
diverĝenco;diverg1.0o;发散性[fā sàn xìng]
diverĝenco;diverg1.0o;发散[fā sàn]
diversa;divers.0a.kelkaj;諸般[zhū bān]
diversa;divers.0a.kelkaj;好些[hǎo xiē]
diversa;divers.0a.kelkaj;好几种[hǎo jǐ zhǒng]
diversa;divers.0a.kelkaj;各色各样[gě sè gě yàng]
diverseco;divers.0eco;异质性[yì zhì xìng]
diverseco;;多样性[duō yàng xìng]
diverseco;;流形[liú xíng]
diverseco;;多样[duō yàng]
diversi;divers.0i;有別於[yǒu bié yú]
diversi;divers.0i;相差[xiāng chà]
maldiversa;divers.mal0a;连声[lián shēng]
maldiversa;divers.mal0a;归一[guī yī]
maldiversa;divers.mal0a;划一[huà yī]
diversii;diversi.0i;使轉向[shǐ zhuǎn xiàng]
diversii;diversi.0i;引[yǐn]
diversio;diversi.0o.MIL;障眼法[zhàng yǎn fǎ]
diversio;diversi.0o.MIL;声东击西[shēng dōng jī xī]
diversio;diversi.0o.MIL;佯攻[yáng gōng]
dividaĵo;divid.0ajxo;部份[bù fen]
dividaĵo;divid.0ajxo;股[gǔ]
dividanto;divid.0anto;除数[chú shù]
dividebla;divid.0ebla;整除[zhěng chú]
dividi;divid.0i.MAT;除[chú]
dividi;divid.0i.MAT;相除[xiāng chú]
dividi;divid.0i.MAT;除以[chú yǐ]
dividi;divid.0i.disdoni;制造分裂[zhì zào fēn liè]
dividi;divid.0i.disdoni;除刻度[chú kè dù]
dividi;divid.0i.disdoni;被除[bèi chú]
dividi;divid.0i.disdoni;周延[zhōu yán]
dividi;divid.0i.partigi;制造分裂[zhì zào fēn liè]
dividi;divid.0i.partigi;除刻度[chú kè dù]
dividi;divid.0i.partigi;被除[bèi chú]
dividi;divid.0i.partigi;俵分[biǎo fēn]
divido;divid.0o.MAT;除法[chú fǎ]
divido;divid.0o.MAT;相除[xiāng chú]
dividendo;divide.0o;股利[gǔ lì]
dividendo;divide.0o;股息紅利[gǔ xí hóng lì]
dividendo;divide.0o;股息[gǔ xí]
dividendo;divide.0o;紅利[hóng lì]
dividendo;divide.0o;分紅[fēn hóng]
divizio;divizi.0o.BOT;車間[chē jiān]
divizio;divizi.0o.BOT;处[chù]
divizio;divizi.0o.BOT;部門[bù mén]
divizoro;divizo.0o;除数[chú shù]
nuldivizoro;divizo.nul0o;零因子[líng yīn zǐ]
plej granda komuna divizoro;divizo.plej_granda_komuna_0o;最大公約數[zuì dà gōng yuē shù]
plej granda komuna divizoro;divizo.plej_granda_komuna_0o;最大公因数[zuì dà gōng yīn shǔ]
dizajnisto;dizajn.0isto;設計制作[shè jì zhì zuò]
dizajnisto;dizajn.0isto;制图员[zhì tú yuán]
dizajnisto;dizajn.0isto;設計人員[shè jì rén yuán]
dizajno;dizajn.0o;設計制作[shè jì zhì zuò]
dizajno;dizajn.0o;图案[tú àn]
dizajno;dizajn.0o;图样[tú yàng]
dizajno;dizajn.0o;图案设计[tú àn shè jì]
dizajno;dizajn.0o;款式[kuǎn shì]
dizelo;dizel.0o.brulajxo;柴油发动机[chái yóu fā dòng jī]
dizerti;dizert.0i;叛逃[pàn táo]
dizerti;dizert.0i;叛离[pàn lí]
dizertinto;dizert.0into;逃兵[táo bīng]
dizerto;dizert.0o;逃兵[táo bīng]
Dnepro;dnepr.0o;第聂伯河[dì niè bó hé]
do;do.0.konsekvence;然则[rán zé]
do;do.0.konsekvence;爰[yuán]
do;do.0.konsekvence;乃尔[nǎi ěr]
do;do.0.konsekvence;于是[yú shì]
do;do.0.konsekvence;遂致[suì zhì]
docento;docent.0o;大学讲师[dà xué jiǎng shī]
docento;docent.0o;私人教师[sī rén jiào shī]
docento;docent.0o;編外講師[biān wài jiǎng shī]
privatdocento;docent.privat0olibera0o;家庭教师[jiā tíng jiào shī]
Dodomao;dodom.0o.cxefurbo;多多馬[duō duō mǎ]
dogo;dog.0o;獒[áo]
dogo;dog.0o;牛头犬[niú tóu quǎn]
dogo;dog.0o;斗牛狗[dòu niú gǒu]
doganejo;dogan.0ejo;海关官员[hǎi guān guān yuán]
dogano;dogan.0o.administracio;驗關[yàn guān]
dogma;dogm.0a;武断[wǔ duàn]
dogma;dogm.0a;固執已見[gù zhí yǐ jiàn]
dogma;dogm.0a;教条[jiào tiáo]
dogma;dogm.0a;不宽容[bù kuān róng]
dogmaro;dogm.0aro.REL;教义学[jiào yì xué]
dogmemo;dogm.0emo;教条主义[jiào tiáo zhǔ yì]
dogmismo;dogm.0ismo;教条主义[jiào tiáo zhǔ yì]
dogmo;dogm.0o.REL;教义[jiào yì]
dogmo;dogm.0o.REL;准则[zhǔn zé]
Doho;doh.0o;多哈[duō hā]
dojeno;dojen.0o.KOMUNE;老大[lǎo dà]
dojeno;dojen.0o.KOMUNE;市議員[shì yì yuán]
dokisto;dok.0isto;船坞工人[chuán wù gōng rén]
doko;dok.0o;乾塢[gān wù]
dokta;dokt.0a;研究性质[yán jiū xìng zhì]
dokta;dokt.0a;需要动脑[xū yào dòng nǎo]
doktoro;doktor.0o;博士[bó shì]
doktrino;doktri.0o;主义[zhǔ yì]
doktrino;doktri.0o;义理[yì lǐ]
dokumenta kredito;dokume.0akredito;付款凭单[fù kuǎn píng dān]
dokumenta kredito;dokume.0akredito;信用證[xìn yòng zhèng]
dokumenta kredito;dokume.0akredito;信用征[xìn yòng zhēng]
dokumentaro;dokume.0aro;文件彙編[wén jiàn huì biān]
dokumentaro;dokume.0aro;用作證據的文件[yòng zuò zhèng jù de wén jiàn]
dokumentaro;dokume.0aro;文件整理[wén jiàn zhěng lǐ]
dokumentaro;dokume.0aro;記錄片[jì lù piàn]
dokumentaro;dokume.0aro;文献资料[wén xiàn zī liào]
dokumentaro;dokume.0aro;證書[zhèng shū]
dokumenti;;文献[wén xiàn]
dokumento;dokume.0o;資料[zī liào]
dokumento;dokume.0o;特許證[tè xǔ zhèng]
dokumento;dokume.0o;契据[qì jù]
dokumento;;卷宗[juàn zōng]
dokumentujo;;卷宗[juàn zōng]
dokumentario;dokumentari.0o;紀錄片[jì lù piàn]
dolaro;dolar.0o;雄鹿[xióng lù]
dolaro;dolar.0o;麚[jiā]
dolĉa;dolcx.0a;甜美[tián měi]
dolĉaĵejo;dolcx.0ajxejo.vendejo;糕点店[gāo diǎn diàn]
dolĉaĵo;dolcx.0ajxo.KUI;可口[kě kǒu]
dolĉaĵo;dolcx.0ajxo.KUI;糖果[táng guǒ]
dolĉaĵo;dolcx.0ajxo.KUI;甜食[tián shí]
dolĉaĵo;dolcx.0ajxo.KUI;喜糖[xǐ táng]
dolĉigi;dolcx.0igi.FIG;加甜[jiā tián]
maldolĉa;dolcx.mal0a;悲痛地[bēi tòng de]
maldolĉa;dolcx.mal0a;辛酸[xīn suān]
maldolĉa;dolcx.mal0a;辛辣[xīn là]
maldolĉa;dolcx.mal0a;辛[xīn]
dolino;dolin.0o;渗穴[shèn xué]
dolora;dolor.0a;痛疼[tòng téng]
dolori;dolor.0i;疼[téng]
dolori;dolor.0i;叭嗒[ba tà]
dolori;dolor.0i;使痛苦[shǐ tòng kǔ]
dolori;dolor.0i;痠[suān]
doloriga;dolor.0iga;痛疼[tòng téng]
dolorigi;dolor.0igi;伤害性[shāng hài xìng]
dolorigi;dolor.0igi;触犯[chù fàn]
dolorigi;dolor.0igi;打伤[dǎ shāng]
dolorigi;dolor.0igi;祐[yòu]
dolorigi;dolor.0igi;损伤[sǔn shāng]
dolorigi;dolor.0igi;违背[wéi bèi]
doloro;dolor.0o;酸痛[suān tòng]
doloro;dolor.0o;疼痛[téng tòng]
artikdoloro;dolor.artik0o;关节痛[guān jié tòng]
dentodoloro;dolor.dento0o;牙疼[yá téng]
dentodoloro;dolor.dento0o;牙痛[yá tòng]
epigastra doloro;dolor.epigastra_0o;肚子疼[dù zi téng]
kapdoloro;dolor.kap0o;头病[tóu bìng]
kapdoloro;dolor.kap0o;头痛[tóu tòng]
kapdoloro;dolor.kap0o;头疼[tóu téng]
kontraŭdolorilo;dolor.kontraux0ilo;鎮痛藥[zhèn tòng yào]
kontraŭdolorilo;dolor.kontraux0ilo;止痛药[zhǐ tòng yào]
kontraŭdolorilo;dolor.kontraux0ilo;止痛剂[zhǐ tòng jì]
mamdoloro;dolor.mam0o;胸痛[xiōng tòng]
oreldoloro;dolor.orel0o;耳痛[ěr tòng]
sendolora;dolor.sen0a;无痛[wú tòng]
sendoloreco;dolor.sen0eco;痛覺喪失[tòng jué sàng shī]
sendoloreco;dolor.sen0eco;无痛觉[wú tòng jué]
sendoloriga;dolor.sen0iga;鎮痛[zhèn tòng]
sendoloriga;dolor.sen0iga;止痛[zhǐ tòng]
stomakdoloro;dolor.stomak0o;肚痛[dù tòng]
domano;dom.0ano.subulo;室友[shì yǒu]
domano;dom.0ano.subulo;住戶[zhù hù]
domestro;dom.0estro;东家[dōng jiā]
dometo;dom.0eto;窝棚[wō peng]
dometo;dom.0eto;棚屋[péng wū]
dometo;dom.0eto;寮[liáo]
dometo;dom.0eto;茅屋[máo wū]
domo;dom.0o.konstruajxo;房屋[fáng wū]
domo;dom.0o.konstruajxo;房[fáng]
domo;dom.0o.hejmo;安乐窝[ān lè wō]
domo;dom.0o.hejmo;居所[jū suǒ]
domo;dom.0o.hejmo;故乡[gù xiāng]
domo;dom.0o.hejmo;炉边[lú biān]
domo;dom.0o.GEN;朝[cháo]
bandomo;;浴堂[yù táng]
bandomo;;公共浴室[gōng gòng yù shì]
bandomo;;堂子[táng zi]
loĝdomo;;民宅[mín zhái]
loĝdomo;;住房[zhù fáng]
loĝdomo;;宅子[zhái zi]
ruldomo;;房車[fáng chē]
stacidomo;dom.staci0o;駐地[zhù dì]
urbodomo;dom.urbo0o;社区会堂[shè qū kuài táng]
urbodomo;dom.urbo0o;市政厅[shì zhèng tīng]
urbodomo;dom.urbo0o;市政大厅[shì zhèng dà tīng]
urbodomo;dom.urbo0o;社区会堂[shè qū huì táng]
vicdomo;dom.vic0o;排屋[pái wū]
vicdomo;dom.vic0o;连房[lián fáng]
domaĝa;domagx.0a;令人惋惜[lìng rén wǎn xī]
domaĝe;domagx.0e;可惜[kě xī]
domaĝi;;痛惜[tòng xí]
domaĝi;;愁[chóu]
domajno;domajn.0o;知識領域[zhī shi lǐng yù]
domajno;domajn.0o;球状[qiú zhuàng]
domajno;domajn.0o;領域[lǐng yù]
domajno;domajn.0o;領地[lǐng dì]
domeno;domen.0o;多米諾骨牌[duō mǐ nuò gǔ pái]
domeno;domen.0o;骨牌[gǔ pái]
domicilo;domici.0o;捨[shě]
domicilo;domici.0o;寓[yù]
domini;domin.0i;主宰[zhǔ zǎi]
domini;domin.0i;尹[yǐn]
domini;domin.0i;彜[yí]
domini;domin.0i;榘[jǔ]
domini;domin.0i;筦[guǎn]
domini;domin.0i;掌管[zhǎng guǎn]
domino;domin.0o;优势地位[yòu shì dì wèi]
domino;domin.0o;佔優[zhàn yòu]
domino;domin.0o;統治地位[tǒng zhì dì wèi]
dominio;domini.0o;自治領[zì zhì lǐng]
Dominiko;dominik1.0o.GEOG;多米尼克[duō mǐ ní kè]
Dominiko;dominik1.0o.GEOG;多明尼加[duō míng ní jiā]
donaĵo;don.0ajxo;礼[lǐ]
donaĵo;don.0ajxo;贈品[zèng pǐn]
donaĵo;don.0ajxo;天賦[tiān fù]
donema;don.0ema;慨[kǎi]
donema;don.0ema;雍容大度[yōng róng dà dù]
donema;don.0ema;仁慈[rén cí]
doni;don.0i;付出[fù chū]
donitaĵo;don.0itajxo.SCI;內情[nèi qing]
donitaĵo;don.0itajxo.SCI;消息[xiāo xí]
donitaĵo;don.0itajxo.SCI;告示[gào shì]
donitaĵo;don.0itajxo.SCI;开球[kāi qiú]
aldoni;don.al0i;添[tiān]
aldoni;don.al0i;添加[tiān jiā]
aldoni;don.al0i;搀加[chān jiā]
aldoni;don.al0i;附[fù]
aldoni;don.al0i;搭[dā]
aldoni;don.al0i;兌[duì]
aldoni;don.al0i;加入[jiā rù]
aldoni;don.al0i;还说[hái shuō]
aldoni;don.al0i;增[zēng]
aldoni;don.al0i;配成[pèi chéng]
aldoni;don.al0i;互补[hù bǔ]
aldoni;don.al0i;募[mù]
aldoni;don.al0i;掺入[chǎn rù]
aldonita;don.al0ita.krome;另外[lìng wài]
aldono;don.al0o;补脉[bǔ mài]
aldono;don.al0o;增补[zēng bǔ]
aldono;don.al0o;餘補[yú bǔ]
disdoni;don.dis0i;俵分[biǎo fēn]
disdoni;don.dis0i;周延[zhōu yán]
disdoni;don.dis0i;散佈[sàn bù]
eldonanto;don.el0anto;編輯器[biān jí qì]
eldonanto;don.el0anto;出版单位[chū bǎn dān wèi]
eldonanto;don.el0anto;出版者[chū bǎn zhě]
eldonisto;;出版者[chū bǎn zhě]
eldono;don.el0o.TIP;本[běn]
fordoni;don.for0i;走开[zǒu kāi]
fordoni;don.for0i;交[jiāo]
ludoni;don.lu0i;貺[kuàng]
oferdoni;don.ofer0i;報盤[bào pán]
oferdoni;don.ofer0i;建議過[jiàn yì guò]
oferdoni;don.ofer0i;提議過[tí yì guò]
oferdono;don.ofer0o;供物[gòng wù]
oferdono;don.ofer0o;飣[dìng]
oferdono;don.ofer0o;奉现[fèng xiàn]
oferdono;don.ofer0o;供[gòng]
redoni;don.re0i;回声[huí shēng]
redoni;;可退还[kě tuì huán]
redoni;;交还[jiāo huán]
redoni;;退回[tuì huí]
redoni;;返还[fǎn huán]
redoni;;回复[huí fù]
sindona;don.sin0a;不顧自己[bù gù zì jǐ]
sindono;don.sin0o;奉献[fèng xiàn]
sindono;don.sin0o;沉溺于[chén nì yú]
sindono;don.sin0o;献身[xiàn shēn]
transdoni;don.trans0i;传递[zhuàn yuè]
transdoni;don.trans0i;繳[jiǎo]
transdoni;don.trans0i;已繳[yǐ jiǎo]
transdoni;don.trans0i;付[fù]
donacema;donac.0ema;雍容大度[yōng róng dà dù]
donacema;donac.0ema;慨[kǎi]
donaci;donac.0i;贈予[zèng yǔ]
donaci;donac.0i;贈送[zèng sòng]
donaco;donac.0o;礼物[lǐ wù]
donaco;donac.0o;推荐书[tuī jiàn shū]
donaco;donac.0o;礼品[lǐ pǐn]
donaco;donac.0o;饋贈品[kuì zèng pǐn]
mondonaco;donac.mon0o;捐款[juān kuǎn]
mondonaco;donac.mon0o;关照[guān zhào]
mondonaco;donac.mon0o;捐献[juān xiàn]
mondonaco;donac.mon0o;捐助[juān zhù]
Donaldo;donald.0o;唐納德[táng nà dé]
Donecko;doneck.0o.urbo;頓涅茨克市[dùn niè cí kè shì]
Donecko;doneck.0o.urbo;頓涅茨克[dùn niè cí kè]
donĵuano;donjxu.0o;唐璜[táng huáng]
donkiĥoto;donkih.0o;堂吉訶德[táng jí hē dé]
dopamino;;多巴胺[duō bā àn]
Doplera efiko;dopler.0a_efiko;多普勒效应[duō pǔ lè xiào yìng]
Doplera efiko;dopler.0a_efiko;多普勒效应[duō pǔ lēi xiào yìng]
Doplero;dopler.0o;克里斯琴多普勒[kè lǐ sī qín duō pǔ lēi]
Doplero;dopler.0o;多普勒[duō pǔ lēi]
dorika ordo;dori.0a_ordo;多立克柱式[duō lì kè zhù shì]
dorloti;dorlot.0i;挲[suō]
dorloti;;譏刺[jī cì]
dorloti;;嬖[bì]
dorloti;;娇纵[jiāo zòng]
dorloti;;娇惯[jiāo guàn]
dorloti;;娇从[jiāo cōng]
dorloti;;溺愛[nì ài]
dorloti;;愛挑剔[ài tiāo ti]
dorloti;;逞[chěng]
dorloti;;宠坏[chǒng huài]
dorloti;;任性[rèn xìng]
dorloto;dorlot.0o;驕縱[jiāo zòng]
dormegi;dorm.0egi;睡熟[shuì shú]
dormema;;静寂地[jìng jí de]
dormema;;困地[kùn de]
dormema;;瞌[kē]
dormema;;困倦[kùn juàn]
dormema;;慢腾腾[màn téng téng]
dormema;;苶[nié]
dormema;;困[kùn]
dormema;;委[wěi]
dormeti;;昏昏欲睡[hūn hūn yù shuì]
dormeti;;打盹儿[dǎ dǔn r]
dormigilo;dorm.0igilo;安眠药[ān mián yào]
dormo;dorm.0o;休眠状态[xiū mián zhuàng tài]
dormo;dorm.0o;覺[jiào]
dormo;dorm.0o;睡眠[shuì mián]
dormo;dorm.0o;睡[shuì]
diskodormo;dorm.disko0o;休眠[xiū mián]
duondormi;dorm.duon0i;打盹儿[dǎ dǔn r]
eldormiĝi;dorm.el0igxi;覺[jué]
endormiĝi;dorm.en0igxi;入睡[rù shuì]
endormiĝi;dorm.en0igxi;入眠[rù mián]
fordormi;dorm.for0i;睡过头[shuì guò tóu]
maldorma;dorm.mal0a;醒的[xǐng de]
maldormi;dorm.mal0i;醒來[xǐng lái]
maldormi;dorm.mal0i;守望[shǒu wàng]
maldormi;dorm.mal0i;弄醒[nòng xǐng]
maldormi;dorm.mal0i;惺惺[xīng xīng]
maldormi;dorm.mal0i;醒着[xǐng zhuó]
maldormi;dorm.mal0i;警覺[jǐng jué]
satdormi;dorm.sat0i;睡足[shuì zú]
vintrodormo;dorm.vintro0o;蛰伏[zhé fú]
vintrodormo;dorm.vintro0o;冬眠[dōng mián]
dorna;dorn.0a;多刺[duō cì]
dorna;dorn.0a;棘手[jí shǒu]
dornejo;dorn.0ejo;下层丛林[xià céng cóng lín]
dornejo;dorn.0ejo;榛榛[zhēn zhēn]
dorno;dorn.0o;芯头[xīn tóu]
Doroteo;dorote.0o.nomo;多萝西亚[duō luó xī yà]
dorsen;dors.0en;向后方[xiàng hòu fāng]
dorsen;dors.0en;朝后[cháo hòu]
dorsen;dors.0en;向后面[xiàng hòu miàn]
dorsen;dors.0en;向后[xiàng hòu]
dorsen;dors.0en;逆向[nì xiàng]
dorso;dors.0o;脊背[jǐ bèi]
dorso;dors.0o;腰板[yāo bǎn]
dosiero;dosier.0o.POL;案宗[àn zōng]
dosiero;dosier.0o.POL;牍[dú]
dosiero;dosier.0o.POL;箧[qiè]
dosiero;dosier.0o.POL;卷[juàn]
dosiero;dosier.0o.KOMP;計算機文件[jì suàn jī wén jiàn]
dosiero;dosier.0o.KOMP;电脑文件[diàn nǎo wén jiàn]
dosiero;;卷宗[juàn zōng]
dosiersistemo;dosier.0sistemo.KOMP;文件系統[wén jiàn xì tǒng]
subdosierujo;dosier.sub0ujo.KOMP;子目录[zǐ mù lù]
dosierujo;dosier.uj0o.KOMP;文件夹[wén jiàn jiā]
doti;dot.0i.FIG;賦予[fù yǔ]
doti;dot.0i.FIG;装备功能[zhuāng bèi gōng néng]
doti;dot.0i.FIG;配備[pèi bèi]
doto;dot.0o;陪嫁[péi jià]
doto;dot.0o;聘金[pìn jīn]
doto;dot.0o;財禮[cái lǐ]
doto;dot.0o;嫁妆[jià zhuāng]
Dovero;dover.0o.brita;多佛尔[duō fú ěr]
Dovero;dover.0o.brita;多佛[duō fú]
dozi;doz.0i;給藥[gěi yào]
dozi;doz.0i;简便定量[jiǎn biàn dìng liàng]
dozo;doz.0o;剂量[jì liàng]
dozo;doz.0o;加入量[jiā rù liàng]
trodozo;doz.tro0o;服药过量[fú yào guò liàng]
draceno;dracen.0o;富貴竹[fù guì zhú]
dragi;drag.0i;抻[chēn]
dragi;drag.0i;淸淤[qīng yū]
dragi;drag.0i;浚[jùn]
dragi;drag.0i;疏浚[shū jùn]
dragilo;drag.0ilo;单斗电铲[dān dòu diàn chǎn]
dragilo;drag.0ilo;电铲[diàn chǎn]
dragilo;drag.0ilo;鏟土機[chǎn tǔ jī]
dragilo;drag.0ilo;鏈斗挖掘機[liàn dòu wá jué jī]
dragono;dragon.0o;龍騎兵[lóng qí bīng]
drako;drak.0o;狂暴的人[kuáng bào de rén]
drako;drak.0o;坏脾气的女人[huài pí qì de nǚ rén]
drakona;drakon.0a;苛刻[kē kè]
drama;dram.0a.FIG;戏剧性[xì jù xìng]
drama;dram.0a.FIG;扣人心弦[kòu rén xīn xián]
dramigi;dram.0igi;改編為劇本[gǎi biān wéi jù běn]
dramo;dram.0o;戏剧[xì jù]
dramo;dram.0o;戱[xì]
dramo;dram.0o;戏[xì]
dramo;dram.0o;剧[jù]
drapo;drap.0o;手帕[shǒu pà]
drapiraĵo;drapir.0ajxo;帐帘[zhàng lián]
drapiraĵo;drapir.0ajxo;幔[màn]
drasta;drast.0a;根本上[gēn běn shàng]
drasta;drast.0a;速效[sù xiào]
maldrasta;drast.mal0a;逐次[zhú cì]
maldrasta;drast.mal0a;逐渐[zhú jiàn]
maldrasta;drast.mal0a;渐次[jiàn cì]
maldrasta;drast.mal0a;日益增多地[rì yì zēng duō de]
maldrasta;drast.mal0a;渐[jiàn]
maldrasta;drast.mal0a;冉冉[rǎn rǎn]
maldrasta;drast.mal0a;全能[quán néng]
draŝi;drasx.0i;脫粒[tuō lì]
draŝi;drasx.0i;脫穀[tuō gǔ]
draŝilo;drasx.0ilo;脫粒機構[tuō lì jī gòu]
draŝmaŝino;drasx.0masxino;車床[chē chuáng]
drato;drat.0o;線材[xiàn cái]
drato;drat.0o;鋼絲[gāng sī]
drato;drat.0o;金属丝[jīn shǔ sī]
drato;drat.0o;金属线[jīn shǔ xiàn]
drato;drat.0o;电线[diàn xiàn]
pikdrato;drat.pik0o;鋼線[gāng xiàn]
Drento;drent.D0o;德伦特省[dé lún té xǐng]
dresi;dres.0i;馴[xún]
dresi;dres.0i;訓[xùn]
dresi;dres.0i;培育[péi yù]
dresi;dres.0i;培植[péi zhí]
dresi;dres.0i;培訓[péi xùn]
dresisto;dres.0isto;馴獸師[xún shòu shī]
dresisto;dres.0isto;訓練者[xùn liàn zhě]
dresisto;dres.0isto;馴養人[xún yǎng rén]
dresisto;dres.0isto;馴養者[xún yǎng zhě]
dresdenano;dresden.0ano;杜雷斯頓人[dù léi sī dùn rén]
dresdenano;dresden.0ano;杜雷斯頓[dù léi sī dùn]
dresdenano;dresden.0ano;德累斯頓人[dé lèi sī dùn rén]
Dresdeno;dresden.0o.GEOG;杜雷斯頓[dù léi sī dùn]
Dresdeno;dresden.0o.GEOG;德累斯頓人[dé lèi sī dùn rén]
Dresdeno;dresden.0o.GEOG;德累斯頓[dé lèi sī dùn]
Dresdeno;dresden.0o.GEOG;德勒斯登[dé lè sī dēng]
dribli;dribl.0i;带球[dài qiú]
drilo;dril.0o;手鑽[shǒu zuān]
drinkaĵo;drink.0ajxo;酒精飲料[jiǔ jīng yǐn liào]
drinkejisto;drink.0ejisto;調酒師[diào jiǔ shī]
drinkejisto;drink.0ejisto;混合的人[hùn hé de rén]
drinkejisto;drink.0ejisto;混合器[hùn hé qì]
drinkemulo;drink.0emulo;酒鬼[jiǔ guǐ]
drinkemulo;drink.0emulo;酗酒者[xù jiǔ zhě]
drinkemulo;drink.0emulo;喝酒者[hē jiǔ zhě]
drinkemulo;drink.0emulo;醉鬼[zuì guǐ]
drinki;;狂飲[kuáng yǐn]
drivi;driv.0i;沲[duò]
drivi;driv.0i;被役使过渡[bèi yì shǐ guò dù]
drivo;driv.0o.FIG;迴旋[huí xuán]
drivo;driv.0o.FIG;漂浮[piāo fú]
drivo;driv.0o.FIG;風落[fēng luò]
drivo;driv.0o.FIG;逐渐陷入[zhú jiàn xiàn rù]
drivo;driv.0o.FIG;漂积物[piào jī wù]
drivo;driv.0o.FIG;使漂流[shǐ piāo liú]
fordrivi;driv.for0i.MAR;被役使过渡[bèi yì shǐ guò dù]
kontinentodrivo;driv.kontinento0o.GEOL;大陆漂移学说[dà lù piāo yí xué shuō]
drogaĉo;drog.0acxo.KOMUNE;麻醉品[má zuì pǐn]
drogaĉo;drog.0acxo.KOMUNE;迷幻剂[mí huàn jì]
drogemulo;drog.0emulo;吸毒者[xī dú zhě]
drogemulo;drog.0emulo;吸毒人员[xī dú rén yuán]
drogemulo;drog.0emulo;瘾君子[yǐn jūn zǐ]
drogemulo;drog.0emulo;嗜毒者[shì dú zhě]
drogo;drog.0o.KEM;药品[yào pǐn]
drogo;drog.0o.KEM;原料药[yuán liào yào]
drogo;drog.0o.KEM;药材[yào cái]
dromedaro;dromed.0o.ZOO;单峰骆驼[dān fēng luò tuó]
droni;dron.0i;创立者[chuàng lì zhě]
droni;dron.0i;创办人[chuàng bàn rén]
droni;dron.0i;淹死[yān sǐ]
droni;dron.0i;淊[yān]
droni;dron.0i;溺水[nì shuǐ]
droni;dron.0i;溺[nì]
droni;dron.0i;葬身魚腹[zàng shēn yú fù]
droni;dron.0i;淹[yān]
droni;dron.0i;滅[miè]
droni;dron.0i;沒[mò]
droni;dron.0i;沦[lún]
dronigi;dron.0igi;沐浴[mù yù]
dronigi;dron.0igi;泅[qiú]
droneo;drone.0o;无人飞行载具[wú rén fēi háng zài jù]
droneo;drone.0o;无人驾驶飞机[wú rén jià shǐ fēi jī]
droso;dros.0o;纜索[lǎn suǒ]
droso;dros.0o;纜[lǎn]
droso;dros.0o;纜繩[lǎn shéng]
drozofilo;drozofil.0o;果蝇[guǒ yíng]
druido;druid.0o;德魯依[dé lǔ yī]
druido;druid.0o;德魯伊[dé lǔ yī]
drumo;drum.0o;爵士鼓[jué shì gǔ]
drupo;drup.0o;核果[hé guǒ]
drupo;drup.0o;苌[cháng]
duobla;du.0obla;二倍[èr bèi]
duobla;du.0obla;两重[liǎng chóng]
duobla;du.0obla;二重[èr chóng]
duobla;du.0obla;孪生子[luán shēng zǐ]
duobla;du.0obla;兼[jiān]
duobla;du.0obla;双工[shuāng gōng]
duobla;du.0obla;两次[liǎng cì]
duoblaĵo;du.0oblajxo;重复[chóng fù]
duobligi;du.0obligi;翻番[fān fan]
duobligi;du.0obligi;增長一倍[zēng zhǎng yī bèi]
duobligi;du.0obligi;翻一番[fān yī fān]
duobligi;du.0obligi;倍增[bèi zēng]
duona;du.0ona;只有一边相衔接[zhǐ yǒu yī biān xiāng xián jiē]
duona;du.0ona;半离[bàn lí]
duona;du.0ona;一半[yī bàn]
duona;du.0ona;半开半闭[bàn kāi bàn bì]
duope;;太远[tài yuǎn]
duuma;du.0uma;偶值[ǒu zhí]
duuma;du.0uma;双耳[shuāng ěr]
duuma;du.0uma;两耳[liǎng ěr]
duuma;du.0uma;二进[èr jìn]
pli bona duono;du.pli_bona_0ono;重要他人[zhòng yào tā rén]
duala;dual.0a.MAT;二进[èr jìn]
dualo;dual.0o.GRA;双数[shuāng shù]
Dualao;duala.0o;杜阿拉[dù ā lā]
duba;dub.0a;令人怀疑[lìng rén huái yí]
duba;dub.0a;可疑地[kě yí de]
duba;dub.0a;不三不四[bù sān bù sì]
duba;dub.0a;疑意[yí yì]
duba;dub.0a;愰[huǎng]
duba;dub.0a;暧[ài]
dubema;dub.0ema;不相信[bù xiāng xìn]
dubemo;dub.0emo;怀疑论[huái yí lùn]
dubemo;dub.0emo;怀疑主义[huái yí zhǔ yì]
dubemo;dub.0emo;不信任[bù xìn rèn]
dubi;dub.0i;疑[yí]
dubi;dub.0i;拿不准[ná bù zhǔn]
dubi;dub.0i;踌[chóu]
dubi;dub.0i;疑慮不安[yí lü bù ān]
dubigi;dub.0igi.ion;質疑[zhì yí]
dubinda;dub.0inda;令人怀疑[lìng rén huái yí]
dubinda;dub.0inda;可疑地[kě yí de]
dubinda;dub.0inda;暧[ài]
dubo;dub.0o;不安全感[bù ān quán gǎn]
dubo;dub.0o;不确定[bù què dìng]
dubo;dub.0o;狐疑[hú yí]
dubo;dub.0o;置疑[zhì yí]
dubo;dub.0o;疑問[yí wèn]
dubo;dub.0o;疑惑[yí huò]
konsciencdubo;dub.konscienc0o;愧疚[kuì jiù]
konsciencdubo;dub.konscienc0o;疚[jiù]
konsciencdubo;dub.konscienc0o;良心的責備[liáng xīn de zé bèi]
konsciencdubo;dub.konscienc0o;极为后悔[jí wéi hòu huǐ]
konsciencdubo;dub.konscienc0o;自責[zì zé]
konsciencdubo;dub.konscienc0o;良心的呵責[liáng xīn de ā zé]
konsciencdubo;dub.konscienc0o;悔恨[huǐ hèn]
konsciencdubo;dub.konscienc0o;顧忌[gù jì]
konsciencdubo;dub.konscienc0o;后悔[hòu huǐ]
nedubeble;dub.ne0eble;确信无疑[què xìn wú yí]
nedubeble;dub.ne0eble;毋容怀疑[wú róng huái yí]
nedubeble;dub.ne0eble;紅口白牙[hóng kǒu bái yá]
nedubeble;dub.ne0eble;毫无疑问地[háo wú yí wèn de]
nedubeble;dub.ne0eble;无疑地[wú yí de]
senduba;dub.sen0a;无疑地[wú yí de]
senduba;dub.sen0a;不愧[bù kuì]
sendube;dub.sen0e;毫无疑问[háo wú yí wèn]
sendube;dub.sen0e;毋庸置疑[wú yōng zhì yí]
Dubajo;dubaj.0o;杜拜[dù bài]
Dubajo;dubaj.0o;迪拜[dí bài]
dubli;dubl.0i;譯制[yì zhì]
dublisto;dubl.0isto;配音员[pèi yīn yuán]
Dublino;dublin.0o;都柏林[dū bó lín]
duelo;duel.0o;拚斗[pàn dòu]
duelo;duel.0o;决斗[jué dòu]
dueli;;进行决斗[jìn xíng jué dòu]
pojnduelo;duel.pojn0o;掰手腕儿[bāi shǒu wàn ér]
duenjo;duenj.0o;伴护[bàn hù]
duenjo;duenj.0o;女伴[nǚ bàn]
dugongo;dugong.0o;儒艮[rú gèn]
dugongo;dugong.0o;儒艮科[rú gèn kē]
duko;duk.0o.NOB;公爵[gōng jué]
ĉefduko;duk.cxef0o.familiano;大公[dà gōng]
akvodukto;dukt.akvo0o;水管[shuǐ guǎn]
akvodukto;dukt.akvo0o;輸水管[shū shuǐ guǎn]
akvodukto;dukt.akvo0o;自來水管道[zì lái shuǐ guǎn dào]
gasdukto;dukt.gas0o;輸氣管道[shū qì guǎn dào]
dukto;;輸油管[shū yóu guǎn]
dukto;;管道[guǎn dào]
naftodukto;dukt.nafto0o;輸油管道[shū yóu guǎn dào]
naftodukto;dukt.nafto0o;油管[yóu guǎn]
ovodukto;dukt.ovo0o;輸卵管[shū luǎn guǎn]
dum;dum.0;何时[hé shí]
dum;dum.0;期間[qī jiān]
dum;dum.0;趁[chèn]
dum;dum.0;洎[jì]
duma;dum.0a;同时期[tóng shí qī]
duma;dum.0a;相伴[xiāng bàn]
duma;dum.0a;等时线[děng shí xiàn]
interdume;dum.inter0e;中間體[zhōng jiàn tǐ]
dumpingo;dumpin.0o;倾销[qīng xiāo]
kontraŭdumpinga;dumpin.kontraux0a;反倾销[fǎn qīng xiāo]
duno;dun.0o;沙丘[shā qiū]
neĝduno;dun.negx0o;吹雪[chuī xuě]
dunganto;dung.0anto;雇主[gù zhǔ]
dungi;dung.0i;招收[zhāo shōu]
dungi;dung.0i;收录[shōu lù]
dungitaro;dung.0itaro;职工[zhí gōng]
dungitaro;dung.0itaro;员工[yuán gōng]
dungiteco;dung.0iteco;投入生产[tóu rù shēng chǎn]
dungiteco;dung.0iteco;雇用[gù yòng]
dungiteco;dung.0iteco;稳定的工作[wěn dìng de gōng zuò]
dungiteco;dung.0iteco;永久僱用[yǒng jiǔ gù yòng]
dungito;dung.0ito;雇員[gù yuán]
dungi;;应聘[yìng pìn]
dungi;;碌[lù]
maldungi;dung.mal0i;解僱[jiě gù]
maldungi;dung.mal0i;辞退[cí tuì]
maldungi;dung.mal0i;罢黜[bà chù]
maldungi;dung.mal0i;炒魷魚[chǎo yóu yú]
duodeno;duoden.0o;十二指肠[shí èr zhǐ cháng]
dupo;dup.0o.KOMUNE;呆子[dāi zi]
dupo;dup.0o.KOMUNE;做出愚蠢的举动[zuò chū yú chǔn de jǔ dòng]
dupo;dup.0o.KOMUNE;傻瓜[shǎ guā]
dupo;dup.0o.KOMUNE;傻子[shǎ zi]
dupo;dup.0o.KOMUNE;笨蛋[bèn dàn]
dupleksa;duplek.0a;双联[shuāng lián]
duplikati;duplik.0i;抄[chāo]
duplikato;;重复[chóng fù]
dura;dur1.0a;死硬[sǐ yìng]
dura;dur1.0a;难[nàn]
duramatro;durama.0o;脑膜[nǎo mó]
Durbano;durban.0o;德班[dé bān]
duriarbo;duri.0arbo;榴莲[liú lián]
durio;duri.0o.KUI;榴梿[liú lián]
durio;duri.0o.KUI;榴槤[liú lián]
Duseldorfo;duseldorf.0o;杜塞尔多夫[dù sāi ěr duō fū]
duŝo;dusx.0o;淋浴設備[lín yù shè bèi]
duŝo;dusx.0o;淋浴装置[lìn yù zhuāng zhì]
duŝo;dusx.0o;淋浴[lín yù]
duŝejo;;淋浴器[lín yù qì]
duŝiĝi;dusx.sin0i;洗淋浴[xǐ lín yù]
Duŝanbeo;dusxanbe.0o;杜尚別[dù shàng bié]
duzo;duz.0o;喷头[pēn tóu]
duzo;duz.0o;喷管[pēn guan]
duzo;duz.0o;漏板[lòu bǎn]
duzo;duz.0o;吸气嘴[xī qì zuǐ]
